
CH32V208GBU_Templete.elf:     file format elf32-littleriscv
CH32V208GBU_Templete.elf
architecture: riscv:rv32, flags 0x00000112:
EXEC_P, HAS_SYMS, D_PAGED
start address 0x00000000

Program Header:
0x70000003 off    0x00029177 vaddr 0x00000000 paddr 0x00000000 align 2**0
         filesz 0x0000003a memsz 0x00000000 flags r--
    LOAD off    0x00001000 vaddr 0x00000000 paddr 0x00000000 align 2**12
         filesz 0x00007904 memsz 0x00007904 flags r-x
    LOAD off    0x00009000 vaddr 0x20000000 paddr 0x00007904 align 2**12
         filesz 0x000000ac memsz 0x000000ac flags rw-
    LOAD off    0x000000b0 vaddr 0x200000b0 paddr 0x000079b0 align 2**12
         filesz 0x00000000 memsz 0x00002024 flags rw-
    LOAD off    0x00000800 vaddr 0x2000f800 paddr 0x2000f800 align 2**12
         filesz 0x00000000 memsz 0x00000800 flags rw-

Sections:
Idx Name          Size      VMA       LMA       File off  Algn
  0 .init         00000004  00000000  00000000  00001000  2**1
                  CONTENTS, ALLOC, LOAD, READONLY, CODE
  1 .vector       0000013c  00000004  00000004  00001004  2**1
                  CONTENTS, ALLOC, LOAD, READONLY, CODE
  2 .highcode     000013ac  00000140  00000140  00001140  2**2
                  CONTENTS, ALLOC, LOAD, READONLY, CODE
  3 .text         00006418  000014ec  000014ec  000024ec  2**2
                  CONTENTS, ALLOC, LOAD, READONLY, CODE
  4 .fini         00000000  00007904  00007904  000090ac  2**0
                  CONTENTS, ALLOC, LOAD, CODE
  5 .dalign       00000000  20000000  20000000  000090ac  2**0
                  CONTENTS
  6 .dlalign      00000000  00007904  00007904  000090ac  2**0
                  CONTENTS
  7 .data         000000ac  20000000  00007904  00009000  2**2
                  CONTENTS, ALLOC, LOAD, DATA
  8 .bss          00002024  200000b0  000079b0  000090b0  2**3
                  ALLOC
  9 .stack        00000800  2000f800  2000f800  00009800  2**0
                  ALLOC
 10 .debug_info   0000929b  00000000  00000000  000090ac  2**0
                  CONTENTS, READONLY, DEBUGGING, OCTETS
 11 .debug_abbrev 000027bb  00000000  00000000  00012347  2**0
                  CONTENTS, READONLY, DEBUGGING, OCTETS
 12 .debug_loclists 00003b41  00000000  00000000  00014b02  2**0
                  CONTENTS, READONLY, DEBUGGING, OCTETS
 13 .debug_aranges 00000970  00000000  00000000  00018648  2**3
                  CONTENTS, READONLY, DEBUGGING, OCTETS
 14 .debug_rnglists 00000aa2  00000000  00000000  00018fb8  2**0
                  CONTENTS, READONLY, DEBUGGING, OCTETS
 15 .debug_line   0000bb09  00000000  00000000  00019a5a  2**0
                  CONTENTS, READONLY, DEBUGGING, OCTETS
 16 .debug_str    00002e12  00000000  00000000  00025563  2**0
                  CONTENTS, READONLY, DEBUGGING, OCTETS
 17 .debug_line_str 00000d9e  00000000  00000000  00028375  2**0
                  CONTENTS, READONLY, DEBUGGING, OCTETS
 18 .comment      00000064  00000000  00000000  00029113  2**0
                  CONTENTS, READONLY
 19 .riscv.attributes 0000003a  00000000  00000000  00029177  2**0
                  CONTENTS, READONLY
 20 .debug_frame  00001474  00000000  00000000  000291b4  2**2
                  CONTENTS, READONLY, DEBUGGING, OCTETS
SYMBOL TABLE:
00000000 l    d  .init	00000000 .init
00000004 l    d  .vector	00000000 .vector
00000140 l    d  .highcode	00000000 .highcode
000014ec l    d  .text	00000000 .text
00007904 l    d  .fini	00000000 .fini
20000000 l    d  .dalign	00000000 .dalign
00007904 l    d  .dlalign	00000000 .dlalign
20000000 l    d  .data	00000000 .data
200000b0 l    d  .bss	00000000 .bss
2000f800 l    d  .stack	00000000 .stack
00000000 l    d  .debug_info	00000000 .debug_info
00000000 l    d  .debug_abbrev	00000000 .debug_abbrev
00000000 l    d  .debug_loclists	00000000 .debug_loclists
00000000 l    d  .debug_aranges	00000000 .debug_aranges
00000000 l    d  .debug_rnglists	00000000 .debug_rnglists
00000000 l    d  .debug_line	00000000 .debug_line
00000000 l    d  .debug_str	00000000 .debug_str
00000000 l    d  .debug_line_str	00000000 .debug_line_str
00000000 l    d  .comment	00000000 .comment
00000000 l    d  .riscv.attributes	00000000 .riscv.attributes
00000000 l    d  .debug_frame	00000000 .debug_frame
00000000 l    df *ABS*	00000000 startup_ch32v20x_D8W.S.obj
00000004 l       .vector	00000000 _vector_base
00000000 l    df *ABS*	00000000 ble_task_scheduler.S.obj
00000000 l    df *ABS*	00000000 main.c
00000000 l    df *ABS*	00000000 message.c
00000000 l    df *ABS*	00000000 tmos.c
0000028e l     F .highcode	00000024 tmosFindTask
00000480 l     F .highcode	00000140 tmos_proces_system_time
00000000 l    df *ABS*	00000000 tmos_hw.c
0000096e l     F .highcode	00000034 clockGetHSEValue
00004c5c l     F .text	0000007e clockGetTickValve
00000000 l    df *ABS*	00000000 bb.c
00000000 l    df *ABS*	00000000 ip.c
00000000 l    df *ABS*	00000000 lle.c
00000000 l    df *ABS*	00000000 rfend.c
00000000 l    df *ABS*	00000000 memory.c
00000000 l    df *ABS*	00000000 ble_task_process.o
000014a8 l       .highcode	00000000 ble_controller_scheduler
00000000 l    df *ABS*	00000000 tmos_led_task.c
000014ec l     F .text	000000b4 ledMsg_task_process_event
000015a0 l     F .text	0000011c led_task_process_event
00000000 l    df *ABS*	00000000 ch32v20x_adc.c
00000000 l    df *ABS*	00000000 ch32v20x_exti.c
00000000 l    df *ABS*	00000000 ch32v20x_flash.c
00000000 l    df *ABS*	00000000 ch32v20x_gpio.c
00000000 l    df *ABS*	00000000 ch32v20x_misc.c
00000000 l    df *ABS*	00000000 ch32v20x_pwr.c
00000000 l    df *ABS*	00000000 ch32v20x_rcc.c
2000000c l     O .data	00000010 APBAHBPrescTable
20000094 l     O .data	00000004 ADCPrescTable
00000000 l    df *ABS*	00000000 ch32v20x_rtc.c
00000000 l    df *ABS*	00000000 ch32v20x_usart.c
00000000 l    df *ABS*	00000000 MCU.c
00000000 l    df *ABS*	00000000 RTC.c
00000000 l    df *ABS*	00000000 debug.c
200000c2 l     O .bss	00000001 p_us
200000c0 l     O .bss	00000002 p_ms
2000009c l     O .data	00000001 uart_tx_complete
20000098 l     O .data	00000004 curbrk.0
00000000 l    df *ABS*	00000000 drv_gpio.c
00002a0e l     F .text	0000001e gpio_get_pin
000072f8 l     O .text	00000400 gpio_pins
00002a2c l     F .text	00000016 gpio_irq_handler.part.0
200000e4 l     O .bss	00000100 gpio_irq_handlers
00000000 l    df *ABS*	00000000 ch32v20x_it.c
00000000 l    df *ABS*	00000000 system_ch32v20x.c
00000000 l    df *ABS*	00000000 _udivdi3.o
00000000 l    df *ABS*	00000000 save-restore.o
00000000 l    df *ABS*	00000000 lib_a-memcpy-asm.o
00000000 l    df *ABS*	00000000 lib_a-memset.o
00000000 l    df *ABS*	00000000 lib_a-printf.o
00000000 l    df *ABS*	00000000 lib_a-puts.o
00000000 l    df *ABS*	00000000 lib_a-wbuf.o
00000000 l    df *ABS*	00000000 lib_a-wsetup.o
00000000 l    df *ABS*	00000000 lib_a-fflush.o
00000000 l    df *ABS*	00000000 lib_a-findfp.o
000036c4 l     F .text	00000066 std
00000000 l    df *ABS*	00000000 lib_a-fwalk.o
00000000 l    df *ABS*	00000000 lib_a-lock.o
00000000 l    df *ABS*	00000000 lib_a-makebuf.o
00000000 l    df *ABS*	00000000 lib_a-nano-freer.o
00000000 l    df *ABS*	00000000 lib_a-nano-mallocr.o
00003a96 l     F .text	00000054 sbrk_aligned
00000000 l    df *ABS*	00000000 lib_a-nano-vfprintf.o
00003bf2 l     F .text	00000028 __sfputc_r
00000000 l    df *ABS*	00000000 lib_a-sbrkr.o
00000000 l    df *ABS*	00000000 lib_a-stdio.o
00000000 l    df *ABS*	00000000 lib_a-writer.o
00000000 l    df *ABS*	00000000 lib_a-closer.o
00000000 l    df *ABS*	00000000 lib_a-fstatr.o
00000000 l    df *ABS*	00000000 lib_a-isattyr.o
00000000 l    df *ABS*	00000000 lib_a-lseekr.o
00000000 l    df *ABS*	00000000 lib_a-memchr.o
00000000 l    df *ABS*	00000000 lib_a-mlock.o
00000000 l    df *ABS*	00000000 lib_a-nano-vfprintf_i.o
00000000 l    df *ABS*	00000000 lib_a-readr.o
00000000 l    df *ABS*	00000000 close.o
00000000 l    df *ABS*	00000000 fstat.o
00000000 l    df *ABS*	00000000 isatty.o
00000000 l    df *ABS*	00000000 lseek.o
00000000 l    df *ABS*	00000000 read.o
00000000 l    df *ABS*	00000000 tmos_snv.c
00000000 l    df *ABS*	00000000 ll_scan.c
00000000 l    df *ABS*	00000000 rf_fh.c
00005c3c l     F .text	000002c8 rf_rx_auto_rxProcess
000059a4 l     F .text	00000298 rf_rx_basic_rxProcess
00005f04 l     F .text	000000b8 rf_rx_auto_txProcess
00000000 l    df *ABS*	00000000 ll_initiate.c
00000000 l    df *ABS*	00000000 lib_a-impure.o
2000002c l     O .data	00000060 impure_data
20002044 g     O .bss	00000001 nGA2440
00002b24 g     F .text	00000020 EXTI2_IRQHandler
000048c2 g     F .text	00000072 tmos_start_reload_task
00000aea g     F .highcode	00000034 ll_rx_wait_finish
00004064 g     F .text	00000026 _isatty_r
00003256 g     F .text	00000104 _puts_r
0000408a g     F .text	0000002a _lseek_r
00000782 g     F .highcode	000001ec TMOS_SystemProcess
20002048 g     O .bss	00000004 ftuneFlag
0000321c g     F .text	0000003a printf
20000890 g       .data	00000000 __global_pointer$
0000319e g     F .text	00000028 .hidden __riscv_save_8
00001710  w      .text	00000000 TIM1_CC_IRQHandler
20002058 g     O .bss	00000001 gapRole_AdvEnabled
20002059 g     O .bss	00000001 gapRole_AdvChanMap
00003fb4 g     F .text	00000030 __sseek
00003792 g     F .text	00000068 __sinit
00003362 g     F .text	000000bc __swbuf_r
00002c04 g     F .text	00000010 HardFault_Handler
00001d7a g     F .text	00000012 RTC_EnterConfigMode
00003734 g     F .text	00000046 __sfmoreglue
000040d4 g     F .text	00000008 __malloc_unlock
00001e5e g     F .text	00000014 RTC_ClearFlag
000025f2 g     F .text	00000070 HAL_ProcessEvent
2000205a g     O .bss	00000001 gapRole_AdvEventType
000031ea g     F .text	0000000c .hidden __riscv_restore_3
20001fc8 g     O .bss	00000004 gptrBBReg
00004ade g     F .text	0000003c TMOS_ProcessEventRegister
00001710  w      .text	00000000 SysTick_Handler
00001b2e g     F .text	00000062 NVIC_Init
00001710  w      .text	00000000 PVD_IRQHandler
2000205b g     O .bss	00000001 gapRole_MasterAndSlave
000031d6 g     F .text	00000020 .hidden __riscv_restore_10
00002c00 g     F .text	00000004 NMI_Handler
00002b44 g     F .text	00000020 EXTI3_IRQHandler
0000319e g     F .text	00000028 .hidden __riscv_save_11
0000031c g     F .highcode	0000002e tmos_memset
00001da4 g     F .text	00000062 RTC_GetCounter
000019de g     F .text	00000064 FLASH_ProgramPage_Fast
00000baa g     F .highcode	000000fa ll_tx_wait_finish
00004ffa g     F .text	0000005c BB_DevInit
0000403c g     F .text	00000028 _fstat_r
0000034a g     F .highcode	0000002c tmos_strlen
00000b1e g     F .highcode	0000008c ble_ll_chkcrc
00000442 g     F .highcode	0000003e tmos_isbufset
200000e0 g     O .bss	00000004 errno
200000b0 g       .bss	00000000 _sbss
00000800 g       *ABS*	00000000 __stack_size
0000193a g     F .text	0000000c ADC_GetFlagStatus
00001d76 g     F .text	00000004 RCC_USB5PRE_JUDGE
000028b4 g     F .text	0000008e USART_Printf_Init
200000bc g     O .bss	00000004 RTCTigFlag
000076f8 g     O .text	00000017 VER_LIB
00001710  w      .text	00000000 USBFS_IRQHandler
00004dd8 g     F .text	000000b4 tmos_snv_init
000031ea g     F .text	0000000c .hidden __riscv_restore_2
20001de8 g     O .bss	00000028 gTmosPara
000031f6 g     F .text	00000016 memcpy
00001832 g     F .text	00000010 ADC_Cmd
2000205c g     O .bss	00000001 gapRole_PeriodicAdvEnabled
0000372a g     F .text	0000000a _cleanup_r
00002ac4 g     F .text	0000001e gpio_write
2000205d g     O .bss	00000001 gapRole_PHYTx
00002ae2 g     F .text	00000022 EXTI0_IRQHandler
00001710  w      .text	00000000 I2C2_EV_IRQHandler
0000335a g     F .text	00000008 puts
200000a0 g     O .data	00000004 SystemCoreClock
2000205e g     O .bss	00000001 gapMaxScanRes
200020c4 g     O .bss	00000004 MemCtlEnd
0000449e g     F .text	0000000c _fstat
00000004 g       .init	00000000 _einit
00004536 g     F .text	0000008e tmos_msg_send
20001e10 g     O .bss	00000004 tasksArr
200020c8 g     O .bss	00000004 MemCtlPartition
00001984 g     F .text	0000001e FLASH_Unlock_Fast
00001d1c g     F .text	0000001e RCC_APB2PeriphClockCmd
20002060 g     O .bss	00000006 gapRole_AdvDirectAddr
00003196 g     F .text	00000030 .hidden __riscv_save_12
000009d6 g     F .highcode	00000114 BB_IRQLibHandler
000014b4 g       .highcode	00000000 LLE_IRQLibHandler
20001e14 g     O .bss	00000014 pfnProcessCBs
00001710  w      .text	00000000 ADC1_2_IRQHandler
00002c14 g     F .text	00000008 BB_IRQHandler
00001a68 g     F .text	000000bc GPIO_Init
00001ba6 g     F .text	00000012 RCC_ADCCLKConfig
00006daa g     F .text	00000014 RFEND_TXFtune
00001710  w      .text	00000000 Break_Point_Handler
00005fbc g     F .text	00000094 RFEND_RXFilter
000031d6 g     F .text	00000020 .hidden __riscv_restore_11
200000b0 g     O .bss	00000004 NVIC_Priority_Group
0000249c g     F .text	0000002c Lib_Write_Flash
00001710  w      .text	00000000 SPI1_IRQHandler
000023e2 g     F .text	00000014 USART_Cmd
00003f18 g     F .text	00000028 _sbrk_r
20002066 g     O .bss	00000001 gapRole_PHYRx
000031c6 g     F .text	0000000c .hidden __riscv_save_1
00001710  w      .text	00000000 TAMPER_IRQHandler
000031ea g     F .text	0000000c .hidden __riscv_restore_0
000011f4 g     F .highcode	000000ee tmos_memory_allocate
20001e28 g     O .bss	00000002 eventsClear
00004468 g     F .text	0000002a _read_r
00001bb8 g     F .text	00000028 RCC_LSEConfig
000031ac g     F .text	0000001a .hidden __riscv_save_7
00001c00 g     F .text	00000020 RCC_RTCCLKCmd
00001710  w      .text	00000000 OSCWakeUp_IRQHandler
0000040e g     F .highcode	00000034 tmos_revmemcpy
000045ce g     F .text	00000086 TMOS_CB_PeriodicProcessEvent
00001d3a g     F .text	0000001e RCC_APB1PeriphClockCmd
00000140 g       .highcode	00000000 Ecall_M_Mode_Handler
000052ca g     F .text	000000a6 ll_multi_states_process
200000c8 g     O .bss	00000001 tmosSign
2000f800 g       .stack	00000000 _heap_end
20002068 g     O .bss	00000010 gapRole_OldSRK
000044aa g     F .text	0000000c _isatty
200000d4 g     O .bss	00000001 __lock___sinit_recursive_mutex
0000287e g     F .text	00000036 Delay_Us
200000a8 g     O .data	00000004 _global_impure_ptr
00004e8c g     F .text	0000016e LL_ScanSetRF
000031e0 g     F .text	00000016 .hidden __riscv_restore_5
0000107c g     F .highcode	0000013e lle_irq_process
00001cfe g     F .text	0000001e RCC_AHBPeriphClockCmd
00002df0 g     F .text	000003a6 .hidden __udivdi3
00001710  w      .text	00000000 DMA1_Channel4_IRQHandler
0000185a g     F .text	000000b8 ADC_RegularChannelConfig
00002996 g     F .text	0000002a _sbrk
20002078 g     O .bss	00000002 gapRole_MinConnInterval
200000b8 g     O .bss	00000001 halTaskID
00001912 g     F .text	00000008 ADC_GetConversionValue
20001e80 g     O .bss	00000010 bleClock_t
0000018e g     F .highcode	00000008 Main_Circulation
20001e2c g     O .bss	00000004 fnGetClockCBs
00004b1a g     F .text	00000142 BLE_LibInit
000055f6 g     F .text	00000040 LLE_DevInit
00005056 g     F .text	0000015a BLE_SetPHYTxMode
200020cc g     O .bss	00000004 MemCtlStart
000011ba g     F .highcode	0000003a RFEND_WaitTune
00001e28 g     F .text	00000024 RTC_SetPrescaler
000046d6 g     F .text	00000046 tmos_set_event
000031e0 g     F .text	00000016 .hidden __riscv_restore_6
00001710  w      .text	00000000 USART3_IRQHandler
00001978 g     F .text	0000000c EXTI_ClearITPendingBit
00001b90 g     F .text	00000016 PWR_BackupAccessCmd
00001710  w      .text	00000000 RTC_IRQHandler
200020d4 g       .bss	00000000 _ebss
00006e64 g     F .text	00000164 LL_InitiateSetRF
00002442 g     F .text	0000003e USART_GetITStatus
00001710  w      .text	00000000 DMA1_Channel7_IRQHandler
200020d0 g     O .bss	00000004 pfnInitHandle
00001842 g     F .text	00000018 ADC_SoftwareStartConvCmd
00001710  w      .text	00000000 CAN1_RX1_IRQHandler
00002858 g     F .text	00000026 Delay_Init
00001a42 g     F .text	00000026 FLASH_GetMACAddress
200000cc g     O .bss	00000001 __lock___malloc_recursive_mutex
0000277e g     F .text	00000038 HAL_Init
00002a6e g     F .text	00000056 gpio_mode
00005370 g     F .text	00000084 ble_ll_hw_api_shut
00000ca4 g     F .highcode	000001e0 BLE_CheckHoppingMap
00001710  w      .text	00000000 TIM4_IRQHandler
2000204c g     O .bss	00000001 nGA2480
20001fc4 g     O .bss	00000004 gptrAESReg
0000319e g     F .text	00000028 .hidden __riscv_save_9
00001b24 g     F .text	0000000a GPIO_WriteBit
00001e06 g     F .text	00000022 RTC_SetCounter
2000207c g     O .bss	00000004 gapRole_state
00007810 g     O .text	00000020 __sf_fake_stderr
000031ac g     F .text	0000001a .hidden __riscv_save_4
00001710  w      .text	00000000 I2C1_EV_IRQHandler
0000390c g     F .text	00000002 __retarget_lock_release_recursive
20001de4 g     O .bss	00000004 msg_qHead
000051b0 g     F .text	0000011a BLE_SetPHYRxMode
00002662 g     F .text	0000011c WCHBLE_Init
00001c20 g     F .text	000000de RCC_GetClocksFreq
00001710  w      .text	00000000 DMA1_Channel6_IRQHandler
00003c1a g     F .text	00000040 __sfputs_r
200000ca g     O .bss	00000001 nCO2401
20001fcc g     O .bss	00000004 gPaControl
00001710  w      .text	00000000 UART4_IRQHandler
0000377a g     F .text	00000006 __sfp_lock_acquire
000040b4 g     F .text	00000018 memchr
0000233c g     F .text	000000a6 USART_Init
000039f8 g     F .text	0000009e _free_r
00001710  w      .text	00000000 TIM3_IRQHandler
00001710  w      .text	00000000 RCC_IRQHandler
000031c6 g     F .text	0000000c .hidden __riscv_save_3
00001710  w      .text	00000000 TIM1_TRG_COM_IRQHandler
00001710  w      .text	00000000 DMA1_Channel1_IRQHandler
00000000 g       .init	00000000 _start
00005714 g     F .text	00000290 RF_Rx
2000001c g     O .data	00000010 AHBPrescTable
20001e90 g     O .bss	00000004 pfnIrqProcessHandle
000044b6 g     F .text	0000000c _lseek
00001bf4 g     F .text	0000000c RCC_RTCCLKConfig
00001710  w      .text	00000000 EXTI15_10_IRQHandler
000001b0 g     F .highcode	0000005c tmos_msg_allocate
000023f6 g     F .text	00000038 USART_ITConfig
00000376 g     F .highcode	0000004e tmos_memdup
00001710  w      .text	00000000 DMA1_Channel8_IRQHandler
20001e30 g     O .bss	00000004 EventsArr
20000091 g     O .data	00000001 led_task_id
20002080 g     O .bss	00000001 gapRole_AdvDirectType
000019b0 g     F .text	0000002e FLASH_ErasePage_Fast
00004016 g     F .text	00000026 _close_r
20000000 g       .dalign	00000000 _data_vma
00000e84 g     F .highcode	000001f8 LLE_IRQSubHandler
00001710  w      .text	00000000 TIM5_IRQHandler
20002050 g     O .bss	00000004 gptrRFENDReg
200000c9 g     O .bss	00000001 l2capNumRecvDataPkts
20001e98 g     O .bss	00000128 gBleLlPara
0000341e g     F .text	000000ee __swsetup_r
00002b84 g     F .text	0000007c EXTI9_5_IRQHandler
000037fa g     F .text	000000a6 __sfp
000009a2 g     F .highcode	00000034 TMOS_TimerIRQHandler
0000378c g     F .text	00000006 __sinit_lock_release
20002082 g     O .bss	00000002 gapRole_MaxConnInterval
20002084 g     O .bss	00000010 gapRole_IRK
0000319e g     F .text	00000028 .hidden __riscv_save_10
00003f40 g     F .text	0000002c __sread
000040cc g     F .text	00000008 __malloc_lock
000031e0 g     F .text	00000016 .hidden __riscv_restore_4
000031d6 g     F .text	00000020 .hidden __riscv_restore_8
200001e4 g     O .bss	00001c00 MEM_BUF
20002000 g     O .bss	00000020 rfConfig
0000363e g     F .text	00000086 _fflush_r
00006dbe g     F .text	0000002c tmos_memory_getlen
000031ac g     F .text	0000001a .hidden __riscv_save_6
0000195e g     F .text	0000001a EXTI_GetITStatus
00001710  w      .text	00000000 SPI2_IRQHandler
00007850 g     O .text	00000020 __sf_fake_stdin
0000390a g     F .text	00000002 __retarget_lock_acquire_recursive
000003c4 g     F .highcode	0000004a tmos_memcmp
00001710  w      .text	00000000 OSC32KCal_IRQHandler
0000320c g     F .text	00000010 memset
000031d6 g     F .text	00000020 .hidden __riscv_restore_9
20001ffc g     O .bss	00000004 gptrLLEReg
000031e0 g     F .text	00000016 .hidden __riscv_restore_7
00002c1c g     F .text	00000032 main
00004654 g     F .text	00000082 TMOS_CB_ProcessEvent
00003908 g     F .text	00000002 __retarget_lock_init_recursive
00003fe4 g     F .text	00000006 __sclose
00003aea g     F .text	00000108 _malloc_r
20002094 g     O .bss	00000010 gapRole_SRK
000012e2 g     F .highcode	00000100 tmos_memory_free
000054fa g     F .text	000000fc BLE_RegInit
000049c0 g     F .text	0000011e TMOS_Init
00004766 g     F .text	0000015c tmos_start_task
00001710  w      .text	00000000 DMA1_Channel5_IRQHandler
20001fd0 g     O .bss	00000001 dtmFlag
00002b64 g     F .text	00000020 EXTI4_IRQHandler
00001710  w      .text	00000000 USB_LP_CAN1_RX0_IRQHandler
00001946 g     F .text	00000018 ADC_BufferCmd
000027b6 g     F .text	00000086 HAL_TimeInit
00002436 g     F .text	0000000c USART_ClearFlag
00002c4e g     F .text	000000ea SystemInit
0000321c g     F .text	0000003a iprintf
00004934 g     F .text	0000006e tmos_stop_task
00001710  w      .text	00000000 USB_HP_CAN1_TX_IRQHandler
00007710 g     O .text	00000100 .hidden __clz_tab
00001420 g       .highcode	00000000 LLE_IRQHandler
00000000 g       .init	00000000 _sinit
00003fea g     F .text	0000002c _write_r
20000090 g     O .data	00000001 ledMsg_task_id
00001710  w      .text	00000000 DMA1_Channel3_IRQHandler
20001e34 g     O .bss	00000004 taskHead
00001710  w      .text	00000000 ETH_IRQHandler
000040dc g     F .text	00000110 _printf_common
200000a4 g     O .data	00000004 _impure_ptr
00001710  w      .text	00000000 TIM1_UP_IRQHandler
0000350c g     F .text	00000132 __sflush_r
00006dea g     F .text	0000007a tmos_memory_init
200020a4 g     O .bss	00000001 gapRole_profileRole
00006050 g     F .text	0000003a RFEND_RXAdc
00001710  w      .text	00000000 WWDG_IRQHandler
000056fc g     F .text	00000018 rf_stop
00000140 g       .highcode	00000000 Ecall_U_Mode_Handler
200020a5 g     O .bss	00000001 gapRole_TaskID
00002480 g     F .text	00000004 Lib_Calibration_LSI
00001710  w      .text	00000000 TIM2_IRQHandler
20010000 g       .stack	00000000 _eusrstack
00000756 g     F .highcode	0000002c ble_controller_func
000031c6 g     F .text	0000000c .hidden __riscv_save_2
00001710  w      .text	00000000 SW_Handler
200020a8 g     O .bss	00000010 gapRole_OldIRK
000002ec g     F .highcode	00000030 tmos_memcpy_word
00000196 g     F .highcode	0000001a tmos_msg_enqueue
0000179c g     F .text	00000040 ADC_DeInit
20001e38 g     O .bss	00000040 ble
000019a2 g     F .text	0000000e FLASH_Lock_Fast
200020b8 g     O .bss	00000001 gapRole_AdvFilterPolicy
00001710  w      .text	00000000 TIM1_BRK_IRQHandler
0000390e g     F .text	00000058 __swhatbuf_r
000017dc g     F .text	00000056 ADC_Init
0000242e g     F .text	00000008 USART_SendData
20002054 g     O .bss	00000001 nCO2440
00002b04 g     F .text	00000020 EXTI1_IRQHandler
00001e4c g     F .text	00000012 RTC_WaitForLastTask
000031ac g     F .text	0000001a .hidden __riscv_save_5
200000cb g     O .bss	00000001 nGA2401
00002942 g     F .text	00000054 _write
0000191a g     F .text	00000020 ADC_TempSensorVrefintCmd
200000ac g       .data	00000000 _edata
200020d4 g       .bss	00000000 _end
200020bc g     O .bss	00000006 gapRole_bdAddr
00000748 g     F .highcode	0000000e TMOS_SysRegister
000044ec g     F .text	0000004a tmos_msg_deallocate
000005c0 g     F .highcode	00000188 tmos_proces_idle
0000283c g     F .text	0000001c RTCAlarm_IRQHandler
20001e78 g     O .bss	00000004 cbTimersHead
00007904 g       .dlalign	00000000 _data_lma
0000471c g     F .text	0000004a tmos_clear_event
000024c8 g     F .text	0000012a HAL_GetInterTempValue
000029c0 g     F .text	0000004e USART2_IRQHandler
00003f6c g     F .text	00000048 __swrite
00001d8c g     F .text	00000018 RTC_ExitConfigMode
200020c2 g     O .bss	00000001 gapCentralTaskID
000016bc g     F .text	00000054 led_task_init
00003c5a g     F .text	000002be _vfiprintf_r
000013e2 g     F .highcode	0000003c tmos_bm_adjust_header
00001710  w      .text	00000000 ETHWakeUp_IRQHandler
000038a0 g     F .text	00000068 _fwalk_reent
00002d38 g     F .text	000000b8 SystemCoreClockUpdate
00002484 g     F .text	00000018 Lib_Read_Flash
00001e72 g     F .text	00000002 RTC_ClearITPendingBit
000053f4 g     F .text	00000106 phy_status_clear
000002b2 g     F .highcode	0000003a tmos_memcpy
20001fd4 g     O .bss	00000028 gBleIPPara
00001710  w      .text	00000000 I2C2_ER_IRQHandler
00001710  w      .text	00000000 DMA1_Channel2_IRQHandler
00003780 g     F .text	00000006 __sfp_lock_release
00007830 g     O .text	00000020 __sf_fake_stdout
000031d2 g     F .text	00000024 .hidden __riscv_restore_12
000044c2 g     F .text	0000000c _read
000044ce g     F .text	0000001e tmos_msg_extract
00001712  w      .text	00000000 handle_reset
00001710  w      .text	00000000 CAN1_SCE_IRQHandler
000031c6 g     F .text	0000000c .hidden __riscv_save_0
00001710  w      .text	00000000 FLASH_IRQHandler
20001fc0 g     O .bss	00000004 pfnScanHandle
00001710  w      .text	00000000 USBFSWakeUp_IRQHandler
0000608a g     F .text	00000d20 RFEND_TXCtune
00001710  w      .text	00000000 USART1_IRQHandler
00003966 g     F .text	00000092 __smakebuf_r
00001be0 g     F .text	00000014 RCC_LSICmd
000041ec g     F .text	0000027c _printf_i
200000d8 g     O .bss	00000004 __malloc_sbrk_start
00001d58 g     F .text	0000001e RCC_APB2PeriphResetCmd
00001710  w      .text	00000000 I2C1_ER_IRQHandler
0000020c g     F .highcode	00000082 tmos_msg_receive
20002020 g     O .bss	00000024 rfInfo
00002a42 g     F .text	0000002c gpio_init
000049a2 g     F .text	0000001e TMOS_TimerRegister
200000dc g     O .bss	00000004 __malloc_free_list
000031ea g     F .text	0000000c .hidden __riscv_restore_1
00003c5a g     F .text	000002be _vfprintf_r
20002055 g     O .bss	00000001 nCO2480
200000c4 g     O .bss	00000004 pfnHandle
20000000 g     O .data	0000000a test_data
00004cda g     F .text	000000fe TMOS_TimerInit
00001e74 g     F .text	000004c8 Calibration_LSI
200000b4 g     O .bss	00000004 g_LLE_IRQLibHandlerLocation
20001e7c g     O .bss	00000004 pfnTimerCBs
000045c4 g     F .text	0000000a tmos_msg_init
00005636 g     F .text	000000c6 RF_DevSetChannel
00001710  w      .text	00000000 USBWakeUp_IRQHandler
200000d0 g     O .bss	00000001 __lock___sfp_recursive_mutex
200020c3 g     O .bss	00000001 gapRole_ConnextionlessCTEEnabled
00004492 g     F .text	0000000c _close
00003786 g     F .text	00000006 __sinit_lock_acquire



Disassembly of section .init:

00000000 <_sinit>:
   0:	7120106f          	j	1712 <handle_reset>

Disassembly of section .vector:

00000004 <_vector_base>:
	...
   c:	00002c00          	.word	0x00002c00
  10:	00002c04          	.word	0x00002c04
  14:	00000000          	.word	0x00000000
  18:	00000140          	.word	0x00000140
	...
  24:	00000140          	.word	0x00000140
  28:	00001710          	.word	0x00001710
	...
  34:	00001710          	.word	0x00001710
  38:	00000000          	.word	0x00000000
  3c:	00001710          	.word	0x00001710
  40:	00000000          	.word	0x00000000
  44:	00001710          	.word	0x00001710
  48:	00001710          	.word	0x00001710
  4c:	00001710          	.word	0x00001710
  50:	00001710          	.word	0x00001710
  54:	00001710          	.word	0x00001710
  58:	00001710          	.word	0x00001710
  5c:	00002ae2          	.word	0x00002ae2
  60:	00002b04          	.word	0x00002b04
  64:	00002b24          	.word	0x00002b24
  68:	00002b44          	.word	0x00002b44
  6c:	00002b64          	.word	0x00002b64
  70:	00001710          	.word	0x00001710
  74:	00001710          	.word	0x00001710
  78:	00001710          	.word	0x00001710
  7c:	00001710          	.word	0x00001710
  80:	00001710          	.word	0x00001710
  84:	00001710          	.word	0x00001710
  88:	00001710          	.word	0x00001710
  8c:	00001710          	.word	0x00001710
  90:	00001710          	.word	0x00001710
  94:	00001710          	.word	0x00001710
  98:	00001710          	.word	0x00001710
  9c:	00001710          	.word	0x00001710
  a0:	00002b84          	.word	0x00002b84
  a4:	00001710          	.word	0x00001710
  a8:	00001710          	.word	0x00001710
  ac:	00001710          	.word	0x00001710
  b0:	00001710          	.word	0x00001710
  b4:	00001710          	.word	0x00001710
  b8:	00001710          	.word	0x00001710
  bc:	00001710          	.word	0x00001710
  c0:	00001710          	.word	0x00001710
  c4:	00001710          	.word	0x00001710
  c8:	00001710          	.word	0x00001710
  cc:	00001710          	.word	0x00001710
  d0:	00001710          	.word	0x00001710
  d4:	00001710          	.word	0x00001710
  d8:	00001710          	.word	0x00001710
  dc:	000029c0          	.word	0x000029c0
  e0:	00001710          	.word	0x00001710
  e4:	00001710          	.word	0x00001710
  e8:	0000283c          	.word	0x0000283c
  ec:	00001710          	.word	0x00001710
  f0:	00001710          	.word	0x00001710
  f4:	00001710          	.word	0x00001710
  f8:	00001710          	.word	0x00001710
  fc:	00001710          	.word	0x00001710
 100:	00002c14          	.word	0x00002c14
 104:	00001420          	.word	0x00001420
 108:	00001710          	.word	0x00001710
 10c:	00001710          	.word	0x00001710
 110:	00001710          	.word	0x00001710
 114:	00001710          	.word	0x00001710
 118:	00001710          	.word	0x00001710
	...

Disassembly of section .highcode:

00000140 <Ecall_M_Mode_Handler>:
     140:	02000593          	li	a1,32
     144:	8045a073          	csrs	0x804,a1
     148:	4582                	lw	a1,0(sp)
     14a:	34159073          	csrw	mepc,a1
     14e:	4092                	lw	ra,4(sp)
     150:	4222                	lw	tp,8(sp)
     152:	42b2                	lw	t0,12(sp)
     154:	4342                	lw	t1,16(sp)
     156:	43d2                	lw	t2,20(sp)
     158:	4462                	lw	s0,24(sp)
     15a:	44f2                	lw	s1,28(sp)
     15c:	5502                	lw	a0,32(sp)
     15e:	5592                	lw	a1,36(sp)
     160:	5622                	lw	a2,40(sp)
     162:	56b2                	lw	a3,44(sp)
     164:	5742                	lw	a4,48(sp)
     166:	57d2                	lw	a5,52(sp)
     168:	5862                	lw	a6,56(sp)
     16a:	58f2                	lw	a7,60(sp)
     16c:	4906                	lw	s2,64(sp)
     16e:	4996                	lw	s3,68(sp)
     170:	4a26                	lw	s4,72(sp)
     172:	4ab6                	lw	s5,76(sp)
     174:	4b46                	lw	s6,80(sp)
     176:	4bd6                	lw	s7,84(sp)
     178:	4c66                	lw	s8,88(sp)
     17a:	4cf6                	lw	s9,92(sp)
     17c:	5d06                	lw	s10,96(sp)
     17e:	5d96                	lw	s11,100(sp)
     180:	5e26                	lw	t3,104(sp)
     182:	5eb6                	lw	t4,108(sp)
     184:	5f46                	lw	t5,112(sp)
     186:	5fd6                	lw	t6,116(sp)
     188:	6109                	addi	sp,sp,128
     18a:	30200073          	mret

0000018e <Main_Circulation>:
     18e:	038032ef          	jal	t0,31c6 <__riscv_save_0>
     192:	2bc5                	jal	782 <TMOS_SystemProcess>
     194:	bffd                	j	192 <Main_Circulation+0x4>

00000196 <tmos_msg_enqueue>:
     196:	fe05ac23          	sw	zero,-8(a1)
     19a:	411c                	lw	a5,0(a0)
     19c:	e781                	bnez	a5,1a4 <tmos_msg_enqueue+0xe>
     19e:	c10c                	sw	a1,0(a0)
     1a0:	8082                	ret
     1a2:	87ba                	mv	a5,a4
     1a4:	ff87a703          	lw	a4,-8(a5)
     1a8:	ff6d                	bnez	a4,1a2 <tmos_msg_enqueue+0xc>
     1aa:	feb7ac23          	sw	a1,-8(a5)
     1ae:	8082                	ret

000001b0 <tmos_msg_allocate>:
     1b0:	1141                	addi	sp,sp,-16
     1b2:	c226                	sw	s1,4(sp)
     1b4:	c04a                	sw	s2,0(sp)
     1b6:	400244b7          	lui	s1,0x40024
     1ba:	c606                	sw	ra,12(sp)
     1bc:	c422                	sw	s0,8(sp)
     1be:	20c4a903          	lw	s2,524(s1) # 4002420c <_eusrstack+0x2001420c>
     1c2:	2004a623          	sw	zero,524(s1)
     1c6:	0000100f          	fence.i
     1ca:	e909                	bnez	a0,1dc <tmos_msg_allocate+0x2c>
     1cc:	2124a623          	sw	s2,524(s1)
     1d0:	40b2                	lw	ra,12(sp)
     1d2:	4422                	lw	s0,8(sp)
     1d4:	4492                	lw	s1,4(sp)
     1d6:	4902                	lw	s2,0(sp)
     1d8:	0141                	addi	sp,sp,16
     1da:	8082                	ret
     1dc:	842a                	mv	s0,a0
     1de:	0521                	addi	a0,a0,8
     1e0:	65bd                	lui	a1,0xf
     1e2:	0542                	slli	a0,a0,0x10
     1e4:	8dc1                	or	a1,a1,s0
     1e6:	8141                	srli	a0,a0,0x10
     1e8:	00c010ef          	jal	ra,11f4 <tmos_memory_allocate>
     1ec:	cd01                	beqz	a0,204 <tmos_msg_allocate+0x54>
     1ee:	57fd                	li	a5,-1
     1f0:	00052023          	sw	zero,0(a0)
     1f4:	00851223          	sh	s0,4(a0)
     1f8:	00f50323          	sb	a5,6(a0)
     1fc:	2124a623          	sw	s2,524(s1)
     200:	0521                	addi	a0,a0,8
     202:	b7f9                	j	1d0 <tmos_msg_allocate+0x20>
     204:	2124a623          	sw	s2,524(s1)
     208:	4501                	li	a0,0
     20a:	b7d9                	j	1d0 <tmos_msg_allocate+0x20>

0000020c <tmos_msg_receive>:
     20c:	1101                	addi	sp,sp,-32
     20e:	c84a                	sw	s2,16(sp)
     210:	c64e                	sw	s3,12(sp)
     212:	400247b7          	lui	a5,0x40024
     216:	ce06                	sw	ra,28(sp)
     218:	cc22                	sw	s0,24(sp)
     21a:	ca26                	sw	s1,20(sp)
     21c:	20c7a983          	lw	s3,524(a5) # 4002420c <_eusrstack+0x2001420c>
     220:	892a                	mv	s2,a0
     222:	2007a623          	sw	zero,524(a5)
     226:	0000100f          	fence.i
     22a:	20002797          	auipc	a5,0x20002
     22e:	bba78793          	addi	a5,a5,-1094 # 20001de4 <msg_qHead>
     232:	4380                	lw	s0,0(a5)
     234:	4481                	li	s1,0
     236:	4601                	li	a2,0
     238:	e419                	bnez	s0,246 <tmos_msg_receive+0x3a>
     23a:	e899                	bnez	s1,250 <tmos_msg_receive+0x44>
     23c:	65a1                	lui	a1,0x8
     23e:	854a                	mv	a0,s2
     240:	6f4040ef          	jal	ra,4934 <tmos_stop_task>
     244:	a015                	j	268 <tmos_msg_receive+0x5c>
     246:	ffe44783          	lbu	a5,-2(s0)
     24a:	03279b63          	bne	a5,s2,280 <tmos_msg_receive+0x74>
     24e:	cc95                	beqz	s1,28a <tmos_msg_receive+0x7e>
     250:	85a6                	mv	a1,s1
     252:	20002517          	auipc	a0,0x20002
     256:	b9250513          	addi	a0,a0,-1134 # 20001de4 <msg_qHead>
     25a:	274040ef          	jal	ra,44ce <tmos_msg_extract>
     25e:	dc79                	beqz	s0,23c <tmos_msg_receive+0x30>
     260:	65a1                	lui	a1,0x8
     262:	854a                	mv	a0,s2
     264:	472040ef          	jal	ra,46d6 <tmos_set_event>
     268:	40f2                	lw	ra,28(sp)
     26a:	4462                	lw	s0,24(sp)
     26c:	400247b7          	lui	a5,0x40024
     270:	2137a623          	sw	s3,524(a5) # 4002420c <_eusrstack+0x2001420c>
     274:	8526                	mv	a0,s1
     276:	4942                	lw	s2,16(sp)
     278:	44d2                	lw	s1,20(sp)
     27a:	49b2                	lw	s3,12(sp)
     27c:	6105                	addi	sp,sp,32
     27e:	8082                	ret
     280:	e091                	bnez	s1,284 <tmos_msg_receive+0x78>
     282:	8622                	mv	a2,s0
     284:	ff842403          	lw	s0,-8(s0)
     288:	bf45                	j	238 <tmos_msg_receive+0x2c>
     28a:	84a2                	mv	s1,s0
     28c:	bfe5                	j	284 <tmos_msg_receive+0x78>

0000028e <tmosFindTask>:
     28e:	20002797          	auipc	a5,0x20002
     292:	ba678793          	addi	a5,a5,-1114 # 20001e34 <taskHead>
     296:	439c                	lw	a5,0(a5)
     298:	e399                	bnez	a5,29e <tmosFindTask+0x10>
     29a:	853e                	mv	a0,a5
     29c:	8082                	ret
     29e:	0027d703          	lhu	a4,2(a5)
     2a2:	00b71663          	bne	a4,a1,2ae <tmosFindTask+0x20>
     2a6:	0007c703          	lbu	a4,0(a5)
     2aa:	fea708e3          	beq	a4,a0,29a <tmosFindTask+0xc>
     2ae:	47dc                	lw	a5,12(a5)
     2b0:	b7e5                	j	298 <tmosFindTask+0xa>

000002b2 <tmos_memcpy>:
     2b2:	400247b7          	lui	a5,0x40024
     2b6:	20c7a703          	lw	a4,524(a5) # 4002420c <_eusrstack+0x2001420c>
     2ba:	2007a623          	sw	zero,524(a5)
     2be:	0000100f          	fence.i
     2c2:	c501                	beqz	a0,2ca <tmos_memcpy+0x18>
     2c4:	c199                	beqz	a1,2ca <tmos_memcpy+0x18>
     2c6:	4781                	li	a5,0
     2c8:	e611                	bnez	a2,2d4 <tmos_memcpy+0x22>
     2ca:	400247b7          	lui	a5,0x40024
     2ce:	20e7a623          	sw	a4,524(a5) # 4002420c <_eusrstack+0x2001420c>
     2d2:	8082                	ret
     2d4:	00f586b3          	add	a3,a1,a5
     2d8:	0006c803          	lbu	a6,0(a3)
     2dc:	00f506b3          	add	a3,a0,a5
     2e0:	0785                	addi	a5,a5,1
     2e2:	01068023          	sb	a6,0(a3)
     2e6:	fef617e3          	bne	a2,a5,2d4 <tmos_memcpy+0x22>
     2ea:	b7c5                	j	2ca <tmos_memcpy+0x18>

000002ec <tmos_memcpy_word>:
     2ec:	40024737          	lui	a4,0x40024
     2f0:	20c72783          	lw	a5,524(a4) # 4002420c <_eusrstack+0x2001420c>
     2f4:	20072623          	sw	zero,524(a4)
     2f8:	0000100f          	fence.i
     2fc:	c119                	beqz	a0,302 <tmos_memcpy_word+0x16>
     2fe:	c191                	beqz	a1,302 <tmos_memcpy_word+0x16>
     300:	e611                	bnez	a2,30c <tmos_memcpy_word+0x20>
     302:	40024737          	lui	a4,0x40024
     306:	20f72623          	sw	a5,524(a4) # 4002420c <_eusrstack+0x2001420c>
     30a:	8082                	ret
     30c:	0591                	addi	a1,a1,4 # 8004 <_data_lma+0x700>
     30e:	ffc5a703          	lw	a4,-4(a1)
     312:	0511                	addi	a0,a0,4
     314:	167d                	addi	a2,a2,-1
     316:	fee52e23          	sw	a4,-4(a0)
     31a:	b7dd                	j	300 <tmos_memcpy_word+0x14>

0000031c <tmos_memset>:
     31c:	40024737          	lui	a4,0x40024
     320:	20c72783          	lw	a5,524(a4) # 4002420c <_eusrstack+0x2001420c>
     324:	20072623          	sw	zero,524(a4)
     328:	0000100f          	fence.i
     32c:	c501                	beqz	a0,334 <tmos_memset+0x18>
     32e:	00c50733          	add	a4,a0,a2
     332:	e611                	bnez	a2,33e <tmos_memset+0x22>
     334:	40024737          	lui	a4,0x40024
     338:	20f72623          	sw	a5,524(a4) # 4002420c <_eusrstack+0x2001420c>
     33c:	8082                	ret
     33e:	0505                	addi	a0,a0,1
     340:	feb50fa3          	sb	a1,-1(a0)
     344:	fee51de3          	bne	a0,a4,33e <tmos_memset+0x22>
     348:	b7f5                	j	334 <tmos_memset+0x18>

0000034a <tmos_strlen>:
     34a:	400247b7          	lui	a5,0x40024
     34e:	20c7a683          	lw	a3,524(a5) # 4002420c <_eusrstack+0x2001420c>
     352:	2007a623          	sw	zero,524(a5)
     356:	0000100f          	fence.i
     35a:	4781                	li	a5,0
     35c:	00f50733          	add	a4,a0,a5
     360:	00070703          	lb	a4,0(a4)
     364:	e719                	bnez	a4,372 <tmos_strlen+0x28>
     366:	40024737          	lui	a4,0x40024
     36a:	20d72623          	sw	a3,524(a4) # 4002420c <_eusrstack+0x2001420c>
     36e:	853e                	mv	a0,a5
     370:	8082                	ret
     372:	0785                	addi	a5,a5,1
     374:	b7e5                	j	35c <tmos_strlen+0x12>

00000376 <tmos_memdup>:
     376:	1101                	addi	sp,sp,-32
     378:	ca26                	sw	s1,20(sp)
     37a:	c84a                	sw	s2,16(sp)
     37c:	400247b7          	lui	a5,0x40024
     380:	ce06                	sw	ra,28(sp)
     382:	cc22                	sw	s0,24(sp)
     384:	20c7a483          	lw	s1,524(a5) # 4002420c <_eusrstack+0x2001420c>
     388:	892a                	mv	s2,a0
     38a:	862e                	mv	a2,a1
     38c:	2007a623          	sw	zero,524(a5)
     390:	0000100f          	fence.i
     394:	01061513          	slli	a0,a2,0x10
     398:	04f00593          	li	a1,79
     39c:	8141                	srli	a0,a0,0x10
     39e:	c632                	sw	a2,12(sp)
     3a0:	655000ef          	jal	ra,11f4 <tmos_memory_allocate>
     3a4:	842a                	mv	s0,a0
     3a6:	c501                	beqz	a0,3ae <tmos_memdup+0x38>
     3a8:	4632                	lw	a2,12(sp)
     3aa:	85ca                	mv	a1,s2
     3ac:	3719                	jal	2b2 <tmos_memcpy>
     3ae:	8522                	mv	a0,s0
     3b0:	40f2                	lw	ra,28(sp)
     3b2:	4462                	lw	s0,24(sp)
     3b4:	400247b7          	lui	a5,0x40024
     3b8:	2097a623          	sw	s1,524(a5) # 4002420c <_eusrstack+0x2001420c>
     3bc:	4942                	lw	s2,16(sp)
     3be:	44d2                	lw	s1,20(sp)
     3c0:	6105                	addi	sp,sp,32
     3c2:	8082                	ret

000003c4 <tmos_memcmp>:
     3c4:	400247b7          	lui	a5,0x40024
     3c8:	20c7a703          	lw	a4,524(a5) # 4002420c <_eusrstack+0x2001420c>
     3cc:	2007a623          	sw	zero,524(a5)
     3d0:	0000100f          	fence.i
     3d4:	c501                	beqz	a0,3dc <tmos_memcmp+0x18>
     3d6:	c199                	beqz	a1,3dc <tmos_memcmp+0x18>
     3d8:	4781                	li	a5,0
     3da:	ea11                	bnez	a2,3ee <tmos_memcmp+0x2a>
     3dc:	400247b7          	lui	a5,0x40024
     3e0:	20e7a623          	sw	a4,524(a5) # 4002420c <_eusrstack+0x2001420c>
     3e4:	4505                	li	a0,1
     3e6:	8082                	ret
     3e8:	0785                	addi	a5,a5,1
     3ea:	fef609e3          	beq	a2,a5,3dc <tmos_memcmp+0x18>
     3ee:	00f50833          	add	a6,a0,a5
     3f2:	00f586b3          	add	a3,a1,a5
     3f6:	00084803          	lbu	a6,0(a6)
     3fa:	0006c683          	lbu	a3,0(a3)
     3fe:	fed805e3          	beq	a6,a3,3e8 <tmos_memcmp+0x24>
     402:	400247b7          	lui	a5,0x40024
     406:	20e7a623          	sw	a4,524(a5) # 4002420c <_eusrstack+0x2001420c>
     40a:	4501                	li	a0,0
     40c:	8082                	ret

0000040e <tmos_revmemcpy>:
     40e:	400247b7          	lui	a5,0x40024
     412:	20c7a703          	lw	a4,524(a5) # 4002420c <_eusrstack+0x2001420c>
     416:	2007a623          	sw	zero,524(a5)
     41a:	0000100f          	fence.i
     41e:	fff60793          	addi	a5,a2,-1
     422:	95be                	add	a1,a1,a5
     424:	962a                	add	a2,a2,a0
     426:	00c51763          	bne	a0,a2,434 <tmos_revmemcpy+0x26>
     42a:	400247b7          	lui	a5,0x40024
     42e:	20e7a623          	sw	a4,524(a5) # 4002420c <_eusrstack+0x2001420c>
     432:	8082                	ret
     434:	15fd                	addi	a1,a1,-1
     436:	0015c783          	lbu	a5,1(a1)
     43a:	0505                	addi	a0,a0,1
     43c:	fef50fa3          	sb	a5,-1(a0)
     440:	b7dd                	j	426 <tmos_revmemcpy+0x18>

00000442 <tmos_isbufset>:
     442:	40024737          	lui	a4,0x40024
     446:	20c72783          	lw	a5,524(a4) # 4002420c <_eusrstack+0x2001420c>
     44a:	20072623          	sw	zero,524(a4)
     44e:	0000100f          	fence.i
     452:	c501                	beqz	a0,45a <tmos_isbufset+0x18>
     454:	00c50733          	add	a4,a0,a2
     458:	e619                	bnez	a2,466 <tmos_isbufset+0x24>
     45a:	40024737          	lui	a4,0x40024
     45e:	20f72623          	sw	a5,524(a4) # 4002420c <_eusrstack+0x2001420c>
     462:	4501                	li	a0,0
     464:	8082                	ret
     466:	0505                	addi	a0,a0,1
     468:	fff54683          	lbu	a3,-1(a0)
     46c:	feb697e3          	bne	a3,a1,45a <tmos_isbufset+0x18>
     470:	fee51be3          	bne	a0,a4,466 <tmos_isbufset+0x24>
     474:	40024737          	lui	a4,0x40024
     478:	20f72623          	sw	a5,524(a4) # 4002420c <_eusrstack+0x2001420c>
     47c:	4505                	li	a0,1
     47e:	8082                	ret

00000480 <tmos_proces_system_time>:
     480:	7179                	addi	sp,sp,-48
     482:	20002797          	auipc	a5,0x20002
     486:	9b278793          	addi	a5,a5,-1614 # 20001e34 <taskHead>
     48a:	d422                	sw	s0,40(sp)
     48c:	4380                	lw	s0,0(a5)
     48e:	d606                	sw	ra,44(sp)
     490:	d226                	sw	s1,36(sp)
     492:	d04a                	sw	s2,32(sp)
     494:	ce4e                	sw	s3,28(sp)
     496:	cc52                	sw	s4,24(sp)
     498:	ca56                	sw	s5,20(sp)
     49a:	c85a                	sw	s6,16(sp)
     49c:	c65e                	sw	s7,12(sp)
     49e:	c069                	beqz	s0,560 <tmos_proces_system_time+0xe0>
     4a0:	01c9c4b7          	lui	s1,0x1c9c
     4a4:	4b01                	li	s6,0
     4a6:	20002997          	auipc	s3,0x20002
     4aa:	98698993          	addi	s3,s3,-1658 # 20001e2c <fnGetClockCBs>
     4ae:	37f48493          	addi	s1,s1,895 # 1c9c37f <_data_lma+0x1c94a7b>
     4b2:	20002a17          	auipc	s4,0x20002
     4b6:	986a0a13          	addi	s4,s4,-1658 # 20001e38 <ble>
     4ba:	20002a97          	auipc	s5,0x20002
     4be:	92ea8a93          	addi	s5,s5,-1746 # 20001de8 <gTmosPara>
     4c2:	20002917          	auipc	s2,0x20002
     4c6:	9be90913          	addi	s2,s2,-1602 # 20001e80 <bleClock_t>
     4ca:	00245783          	lhu	a5,2(s0)
     4ce:	e395                	bnez	a5,4f2 <tmos_proces_system_time+0x72>
     4d0:	445c                	lw	a5,12(s0)
     4d2:	000b1d63          	bnez	s6,4ec <tmos_proces_system_time+0x6c>
     4d6:	20002717          	auipc	a4,0x20002
     4da:	94f72f23          	sw	a5,-1698(a4) # 20001e34 <taskHead>
     4de:	00c42b83          	lw	s7,12(s0)
     4e2:	8522                	mv	a0,s0
     4e4:	5ff000ef          	jal	ra,12e2 <tmos_memory_free>
     4e8:	845e                	mv	s0,s7
     4ea:	a8a9                	j	544 <tmos_proces_system_time+0xc4>
     4ec:	00fb2623          	sw	a5,12(s6)
     4f0:	b7fd                	j	4de <tmos_proces_system_time+0x5e>
     4f2:	0009a783          	lw	a5,0(s3)
     4f6:	9782                	jalr	a5
     4f8:	441c                	lw	a5,8(s0)
     4fa:	40f50733          	sub	a4,a0,a5
     4fe:	00f57663          	bgeu	a0,a5,50a <tmos_proces_system_time+0x8a>
     502:	00492703          	lw	a4,4(s2)
     506:	8f1d                	sub	a4,a4,a5
     508:	972a                	add	a4,a4,a0
     50a:	08e4e063          	bltu	s1,a4,58a <tmos_proces_system_time+0x10a>
     50e:	20002797          	auipc	a5,0x20002
     512:	8e07a523          	sw	zero,-1814(a5) # 20001df8 <gTmosPara+0x10>
     516:	00245583          	lhu	a1,2(s0)
     51a:	00044503          	lbu	a0,0(s0)
     51e:	1b8040ef          	jal	ra,46d6 <tmos_set_event>
     522:	405c                	lw	a5,4(s0)
     524:	4458                	lw	a4,12(s0)
     526:	cba1                	beqz	a5,576 <tmos_proces_system_time+0xf6>
     528:	440c                	lw	a1,8(s0)
     52a:	00492603          	lw	a2,4(s2)
     52e:	97ae                	add	a5,a5,a1
     530:	86be                	mv	a3,a5
     532:	00b7e463          	bltu	a5,a1,53a <tmos_proces_system_time+0xba>
     536:	00c7e463          	bltu	a5,a2,53e <tmos_proces_system_time+0xbe>
     53a:	40c786b3          	sub	a3,a5,a2
     53e:	c414                	sw	a3,8(s0)
     540:	8b22                	mv	s6,s0
     542:	843a                	mv	s0,a4
     544:	f059                	bnez	s0,4ca <tmos_proces_system_time+0x4a>
     546:	20002797          	auipc	a5,0x20002
     54a:	8a278793          	addi	a5,a5,-1886 # 20001de8 <gTmosPara>
     54e:	4b9c                	lw	a5,16(a5)
     550:	4705                	li	a4,1
     552:	06f77263          	bgeu	a4,a5,5b6 <tmos_proces_system_time+0x136>
     556:	17fd                	addi	a5,a5,-1
     558:	20002717          	auipc	a4,0x20002
     55c:	8af72023          	sw	a5,-1888(a4) # 20001df8 <gTmosPara+0x10>
     560:	50b2                	lw	ra,44(sp)
     562:	5422                	lw	s0,40(sp)
     564:	5492                	lw	s1,36(sp)
     566:	5902                	lw	s2,32(sp)
     568:	49f2                	lw	s3,28(sp)
     56a:	4a62                	lw	s4,24(sp)
     56c:	4ad2                	lw	s5,20(sp)
     56e:	4b42                	lw	s6,16(sp)
     570:	4bb2                	lw	s7,12(sp)
     572:	6145                	addi	sp,sp,48
     574:	8082                	ret
     576:	000b1763          	bnez	s6,584 <tmos_proces_system_time+0x104>
     57a:	20002797          	auipc	a5,0x20002
     57e:	8ae7ad23          	sw	a4,-1862(a5) # 20001e34 <taskHead>
     582:	bfb1                	j	4de <tmos_proces_system_time+0x5e>
     584:	00eb2623          	sw	a4,12(s6)
     588:	bf99                	j	4de <tmos_proces_system_time+0x5e>
     58a:	028a2703          	lw	a4,40(s4)
     58e:	cf09                	beqz	a4,5a8 <tmos_proces_system_time+0x128>
     590:	00a7ef63          	bltu	a5,a0,5ae <tmos_proces_system_time+0x12e>
     594:	40a78533          	sub	a0,a5,a0
     598:	010aa783          	lw	a5,16(s5)
     59c:	00f57663          	bgeu	a0,a5,5a8 <tmos_proces_system_time+0x128>
     5a0:	20002797          	auipc	a5,0x20002
     5a4:	84a7ac23          	sw	a0,-1960(a5) # 20001df8 <gTmosPara+0x10>
     5a8:	8b22                	mv	s6,s0
     5aa:	4440                	lw	s0,12(s0)
     5ac:	bf61                	j	544 <tmos_proces_system_time+0xc4>
     5ae:	00492703          	lw	a4,4(s2)
     5b2:	97ba                	add	a5,a5,a4
     5b4:	b7c5                	j	594 <tmos_proces_system_time+0x114>
     5b6:	20002797          	auipc	a5,0x20002
     5ba:	8407a123          	sw	zero,-1982(a5) # 20001df8 <gTmosPara+0x10>
     5be:	b74d                	j	560 <tmos_proces_system_time+0xe0>

000005c0 <tmos_proces_idle>:
     5c0:	1101                	addi	sp,sp,-32
     5c2:	c64e                	sw	s3,12(sp)
     5c4:	400247b7          	lui	a5,0x40024
     5c8:	ce06                	sw	ra,28(sp)
     5ca:	cc22                	sw	s0,24(sp)
     5cc:	ca26                	sw	s1,20(sp)
     5ce:	c84a                	sw	s2,16(sp)
     5d0:	c452                	sw	s4,8(sp)
     5d2:	20c7a983          	lw	s3,524(a5) # 4002420c <_eusrstack+0x2001420c>
     5d6:	2007a623          	sw	zero,524(a5)
     5da:	0000100f          	fence.i
     5de:	20002917          	auipc	s2,0x20002
     5e2:	8a290913          	addi	s2,s2,-1886 # 20001e80 <bleClock_t>
     5e6:	20002797          	auipc	a5,0x20002
     5ea:	8a67c783          	lbu	a5,-1882(a5) # 20001e8c <bleClock_t+0xc>
     5ee:	00492503          	lw	a0,4(s2)
     5f2:	c3ad                	beqz	a5,654 <tmos_proces_idle+0x94>
     5f4:	20002797          	auipc	a5,0x20002
     5f8:	9587d783          	lhu	a5,-1704(a5) # 20001f4c <gBleLlPara+0xb4>
     5fc:	cfa1                	beqz	a5,654 <tmos_proces_idle+0x94>
     5fe:	20002797          	auipc	a5,0x20002
     602:	89a78793          	addi	a5,a5,-1894 # 20001e98 <gBleLlPara>
     606:	0b07a403          	lw	s0,176(a5)
     60a:	04a40563          	beq	s0,a0,654 <tmos_proces_idle+0x94>
     60e:	20001797          	auipc	a5,0x20001
     612:	7da78793          	addi	a5,a5,2010 # 20001de8 <gTmosPara>
     616:	4b98                	lw	a4,16(a5)
     618:	8a3e                	mv	s4,a5
     61a:	10a70763          	beq	a4,a0,728 <tmos_proces_idle+0x168>
     61e:	20002497          	auipc	s1,0x20002
     622:	80e48493          	addi	s1,s1,-2034 # 20001e2c <fnGetClockCBs>
     626:	409c                	lw	a5,0(s1)
     628:	9782                	jalr	a5
     62a:	0ea46b63          	bltu	s0,a0,720 <tmos_proces_idle+0x160>
     62e:	409c                	lw	a5,0(s1)
     630:	8c09                	sub	s0,s0,a0
     632:	9782                	jalr	a5
     634:	010a2703          	lw	a4,16(s4)
     638:	00e47363          	bgeu	s0,a4,63e <tmos_proces_idle+0x7e>
     63c:	8722                	mv	a4,s0
     63e:	00a707b3          	add	a5,a4,a0
     642:	853e                	mv	a0,a5
     644:	00492683          	lw	a3,4(s2)
     648:	00e7e463          	bltu	a5,a4,650 <tmos_proces_idle+0x90>
     64c:	00d7e463          	bltu	a5,a3,654 <tmos_proces_idle+0x94>
     650:	40d78533          	sub	a0,a5,a3
     654:	400247b7          	lui	a5,0x40024
     658:	2137a623          	sw	s3,524(a5) # 4002420c <_eusrstack+0x2001420c>
     65c:	00492783          	lw	a5,4(s2)
     660:	02a79f63          	bne	a5,a0,69e <tmos_proces_idle+0xde>
     664:	20001417          	auipc	s0,0x20001
     668:	78440413          	addi	s0,s0,1924 # 20001de8 <gTmosPara>
     66c:	4818                	lw	a4,16(s0)
     66e:	20001797          	auipc	a5,0x20001
     672:	7be78793          	addi	a5,a5,1982 # 20001e2c <fnGetClockCBs>
     676:	439c                	lw	a5,0(a5)
     678:	0aa71a63          	bne	a4,a0,72c <tmos_proces_idle+0x16c>
     67c:	9782                	jalr	a5
     67e:	00492683          	lw	a3,4(s2)
     682:	fe3647b7          	lui	a5,0xfe364
     686:	c8078793          	addi	a5,a5,-896 # fe363c80 <_eusrstack+0xde353c80>
     68a:	97b6                	add	a5,a5,a3
     68c:	00a78733          	add	a4,a5,a0
     690:	853a                	mv	a0,a4
     692:	00f76463          	bltu	a4,a5,69a <tmos_proces_idle+0xda>
     696:	00d76463          	bltu	a4,a3,69e <tmos_proces_idle+0xde>
     69a:	40d70533          	sub	a0,a4,a3
     69e:	20002417          	auipc	s0,0x20002
     6a2:	93640413          	addi	s0,s0,-1738 # 20001fd4 <gBleIPPara>
     6a6:	505c                	lw	a5,36(s0)
     6a8:	cf81                	beqz	a5,6c0 <tmos_proces_idle+0x100>
     6aa:	20002797          	auipc	a5,0x20002
     6ae:	9a678793          	addi	a5,a5,-1626 # 20002050 <gptrRFENDReg>
     6b2:	4394                	lw	a3,0(a5)
     6b4:	ffcd0737          	lui	a4,0xffcd0
     6b8:	177d                	addi	a4,a4,-1 # ffccffff <_eusrstack+0xdfcbffff>
     6ba:	469c                	lw	a5,8(a3)
     6bc:	8ff9                	and	a5,a5,a4
     6be:	c69c                	sw	a5,8(a3)
     6c0:	e119                	bnez	a0,6c6 <tmos_proces_idle+0x106>
     6c2:	00492503          	lw	a0,4(s2)
     6c6:	4785                	li	a5,1
     6c8:	20002717          	auipc	a4,0x20002
     6cc:	90f72c23          	sw	a5,-1768(a4) # 20001fe0 <gBleIPPara+0xc>
     6d0:	20001797          	auipc	a5,0x20001
     6d4:	76878793          	addi	a5,a5,1896 # 20001e38 <ble>
     6d8:	579c                	lw	a5,40(a5)
     6da:	9782                	jalr	a5
     6dc:	ed11                	bnez	a0,6f8 <tmos_proces_idle+0x138>
     6de:	505c                	lw	a5,36(s0)
     6e0:	cb99                	beqz	a5,6f6 <tmos_proces_idle+0x136>
     6e2:	445c                	lw	a5,12(s0)
     6e4:	cb89                	beqz	a5,6f6 <tmos_proces_idle+0x136>
     6e6:	711040ef          	jal	ra,55f6 <LLE_DevInit>
     6ea:	111040ef          	jal	ra,4ffa <BB_DevInit>
     6ee:	20002797          	auipc	a5,0x20002
     6f2:	8e07a923          	sw	zero,-1806(a5) # 20001fe0 <gBleIPPara+0xc>
     6f6:	3369                	jal	480 <tmos_proces_system_time>
     6f8:	505c                	lw	a5,36(s0)
     6fa:	cb99                	beqz	a5,710 <tmos_proces_idle+0x150>
     6fc:	20002797          	auipc	a5,0x20002
     700:	95478793          	addi	a5,a5,-1708 # 20002050 <gptrRFENDReg>
     704:	4398                	lw	a4,0(a5)
     706:	003306b7          	lui	a3,0x330
     70a:	471c                	lw	a5,8(a4)
     70c:	8fd5                	or	a5,a5,a3
     70e:	c71c                	sw	a5,8(a4)
     710:	40f2                	lw	ra,28(sp)
     712:	4462                	lw	s0,24(sp)
     714:	44d2                	lw	s1,20(sp)
     716:	4942                	lw	s2,16(sp)
     718:	49b2                	lw	s3,12(sp)
     71a:	4a22                	lw	s4,8(sp)
     71c:	6105                	addi	sp,sp,32
     71e:	8082                	ret
     720:	00492783          	lw	a5,4(s2)
     724:	943e                	add	s0,s0,a5
     726:	b721                	j	62e <tmos_proces_idle+0x6e>
     728:	8522                	mv	a0,s0
     72a:	b72d                	j	654 <tmos_proces_idle+0x94>
     72c:	9782                	jalr	a5
     72e:	4814                	lw	a3,16(s0)
     730:	00492703          	lw	a4,4(s2)
     734:	00a687b3          	add	a5,a3,a0
     738:	853e                	mv	a0,a5
     73a:	00d7e463          	bltu	a5,a3,742 <tmos_proces_idle+0x182>
     73e:	f6e7e0e3          	bltu	a5,a4,69e <tmos_proces_idle+0xde>
     742:	40e78533          	sub	a0,a5,a4
     746:	bfa1                	j	69e <tmos_proces_idle+0xde>

00000748 <TMOS_SysRegister>:
     748:	82a1aa23          	sw	a0,-1996(gp) # 200000c4 <pfnHandle>
     74c:	c501                	beqz	a0,754 <TMOS_SysRegister+0xc>
     74e:	4785                	li	a5,1
     750:	82f18c23          	sb	a5,-1992(gp) # 200000c8 <tmosSign>
     754:	8082                	ret

00000756 <ble_controller_func>:
     756:	83418793          	addi	a5,gp,-1996 # 200000c4 <pfnHandle>
     75a:	439c                	lw	a5,0(a5)
     75c:	cf81                	beqz	a5,774 <ble_controller_func+0x1e>
     75e:	1141                	addi	sp,sp,-16
     760:	c606                	sw	ra,12(sp)
     762:	9782                	jalr	a5
     764:	8381c783          	lbu	a5,-1992(gp) # 200000c8 <tmosSign>
     768:	e399                	bnez	a5,76e <ble_controller_func+0x18>
     76a:	8201aa23          	sw	zero,-1996(gp) # 200000c4 <pfnHandle>
     76e:	40b2                	lw	ra,12(sp)
     770:	0141                	addi	sp,sp,16
     772:	8082                	ret
     774:	8381c783          	lbu	a5,-1992(gp) # 200000c8 <tmosSign>
     778:	e781                	bnez	a5,780 <ble_controller_func+0x2a>
     77a:	8201aa23          	sw	zero,-1996(gp) # 200000c4 <pfnHandle>
     77e:	8082                	ret
     780:	8082                	ret

00000782 <TMOS_SystemProcess>:
     782:	1141                	addi	sp,sp,-16
     784:	c226                	sw	s1,4(sp)
     786:	c606                	sw	ra,12(sp)
     788:	c422                	sw	s0,8(sp)
     78a:	20001797          	auipc	a5,0x20001
     78e:	7027c783          	lbu	a5,1794(a5) # 20001e8c <bleClock_t+0xc>
     792:	20001497          	auipc	s1,0x20001
     796:	68248493          	addi	s1,s1,1666 # 20001e14 <pfnProcessCBs>
     79a:	e79d                	bnez	a5,7c8 <TMOS_SystemProcess+0x46>
     79c:	20002797          	auipc	a5,0x20002
     7a0:	83d7c783          	lbu	a5,-1987(a5) # 20001fd9 <gBleIPPara+0x5>
     7a4:	8b85                	andi	a5,a5,1
     7a6:	20002717          	auipc	a4,0x20002
     7aa:	82e70713          	addi	a4,a4,-2002 # 20001fd4 <gBleIPPara>
     7ae:	cf89                	beqz	a5,7c8 <TMOS_SystemProcess+0x46>
     7b0:	00774783          	lbu	a5,7(a4)
     7b4:	4699                	li	a3,6
     7b6:	0cf69563          	bne	a3,a5,880 <__stack_size+0x80>
     7ba:	20002797          	auipc	a5,0x20002
     7be:	80078fa3          	sb	zero,-2017(a5) # 20001fd9 <gBleIPPara+0x5>
     7c2:	2625                	jal	aea <ll_rx_wait_finish>
     7c4:	44dc                	lw	a5,12(s1)
     7c6:	9782                	jalr	a5
     7c8:	449c                	lw	a5,8(s1)
     7ca:	c391                	beqz	a5,7ce <TMOS_SystemProcess+0x4c>
     7cc:	9782                	jalr	a5
     7ce:	20001417          	auipc	s0,0x20001
     7d2:	66240413          	addi	s0,s0,1634 # 20001e30 <EventsArr>
     7d6:	4018                	lw	a4,0(s0)
     7d8:	20001617          	auipc	a2,0x20001
     7dc:	61164603          	lbu	a2,1553(a2) # 20001de9 <gTmosPara+0x1>
     7e0:	20001797          	auipc	a5,0x20001
     7e4:	6087c783          	lbu	a5,1544(a5) # 20001de8 <gTmosPara>
     7e8:	00179693          	slli	a3,a5,0x1
     7ec:	96ba                	add	a3,a3,a4
     7ee:	0006d683          	lhu	a3,0(a3) # 330000 <_data_lma+0x3286fc>
     7f2:	c2dd                	beqz	a3,898 <__stack_size+0x98>
     7f4:	20001797          	auipc	a5,0x20001
     7f8:	5f47c783          	lbu	a5,1524(a5) # 20001de8 <gTmosPara>
     7fc:	0ac7e863          	bltu	a5,a2,8ac <__stack_size+0xac>
     800:	20001797          	auipc	a5,0x20001
     804:	5e078423          	sb	zero,1512(a5) # 20001de8 <gTmosPara>
     808:	20001797          	auipc	a5,0x20001
     80c:	7d57c783          	lbu	a5,2005(a5) # 20001fdd <gBleIPPara+0x9>
     810:	20001497          	auipc	s1,0x20001
     814:	7c448493          	addi	s1,s1,1988 # 20001fd4 <gBleIPPara>
     818:	12079663          	bnez	a5,944 <__stack_size+0x144>
     81c:	20001797          	auipc	a5,0x20001
     820:	61078793          	addi	a5,a5,1552 # 20001e2c <fnGetClockCBs>
     824:	439c                	lw	a5,0(a5)
     826:	10078a63          	beqz	a5,93a <__stack_size+0x13a>
     82a:	20001797          	auipc	a5,0x20001
     82e:	65678793          	addi	a5,a5,1622 # 20001e80 <bleClock_t>
     832:	43dc                	lw	a5,4(a5)
     834:	20001717          	auipc	a4,0x20001
     838:	5cf72223          	sw	a5,1476(a4) # 20001df8 <gTmosPara+0x10>
     83c:	3191                	jal	480 <tmos_proces_system_time>
     83e:	20001797          	auipc	a5,0x20001
     842:	5fa78793          	addi	a5,a5,1530 # 20001e38 <ble>
     846:	579c                	lw	a5,40(a5)
     848:	0e078963          	beqz	a5,93a <__stack_size+0x13a>
     84c:	0074c783          	lbu	a5,7(s1)
     850:	4711                	li	a4,4
     852:	0ef76463          	bltu	a4,a5,93a <__stack_size+0x13a>
     856:	20001797          	auipc	a5,0x20001
     85a:	7d67c783          	lbu	a5,2006(a5) # 2000202c <rfInfo+0xc>
     85e:	8b91                	andi	a5,a5,4
     860:	efe9                	bnez	a5,93a <__stack_size+0x13a>
     862:	8381c783          	lbu	a5,-1992(gp) # 200000c8 <tmosSign>
     866:	ebf1                	bnez	a5,93a <__stack_size+0x13a>
     868:	4010                	lw	a2,0(s0)
     86a:	20001697          	auipc	a3,0x20001
     86e:	57f6c683          	lbu	a3,1407(a3) # 20001de9 <gTmosPara+0x1>
     872:	0ed7c663          	blt	a5,a3,95e <__stack_size+0x15e>
     876:	4422                	lw	s0,8(sp)
     878:	40b2                	lw	ra,12(sp)
     87a:	4492                	lw	s1,4(sp)
     87c:	0141                	addi	sp,sp,16
     87e:	b389                	j	5c0 <tmos_proces_idle>
     880:	00774783          	lbu	a5,7(a4)
     884:	471d                	li	a4,7
     886:	f4f711e3          	bne	a4,a5,7c8 <TMOS_SystemProcess+0x46>
     88a:	20001797          	auipc	a5,0x20001
     88e:	740787a3          	sb	zero,1871(a5) # 20001fd9 <gBleIPPara+0x5>
     892:	2ca1                	jal	aea <ll_rx_wait_finish>
     894:	489c                	lw	a5,16(s1)
     896:	bf05                	j	7c6 <TMOS_SystemProcess+0x44>
     898:	0785                	addi	a5,a5,1
     89a:	0ff7f793          	zext.b	a5,a5
     89e:	20001697          	auipc	a3,0x20001
     8a2:	54f68523          	sb	a5,1354(a3) # 20001de8 <gTmosPara>
     8a6:	f2c7ede3          	bltu	a5,a2,7e0 <TMOS_SystemProcess+0x5e>
     8aa:	b7a9                	j	7f4 <TMOS_SystemProcess+0x72>
     8ac:	0786                	slli	a5,a5,0x1
     8ae:	973e                	add	a4,a4,a5
     8b0:	00075583          	lhu	a1,0(a4)
     8b4:	00071023          	sh	zero,0(a4)
     8b8:	20001797          	auipc	a5,0x20001
     8bc:	56079823          	sh	zero,1392(a5) # 20001e28 <eventsClear>
     8c0:	20001797          	auipc	a5,0x20001
     8c4:	55078793          	addi	a5,a5,1360 # 20001e10 <tasksArr>
     8c8:	439c                	lw	a5,0(a5)
     8ca:	20001517          	auipc	a0,0x20001
     8ce:	51e54503          	lbu	a0,1310(a0) # 20001de8 <gTmosPara>
     8d2:	00251713          	slli	a4,a0,0x2
     8d6:	97ba                	add	a5,a5,a4
     8d8:	439c                	lw	a5,0(a5)
     8da:	9782                	jalr	a5
     8dc:	20001797          	auipc	a5,0x20001
     8e0:	54c7d783          	lhu	a5,1356(a5) # 20001e28 <eventsClear>
     8e4:	20001717          	auipc	a4,0x20001
     8e8:	50474703          	lbu	a4,1284(a4) # 20001de8 <gTmosPara>
     8ec:	fff7c793          	not	a5,a5
     8f0:	8d7d                	and	a0,a0,a5
     8f2:	00171793          	slli	a5,a4,0x1
     8f6:	4018                	lw	a4,0(s0)
     8f8:	973e                	add	a4,a4,a5
     8fa:	00075783          	lhu	a5,0(a4)
     8fe:	8d5d                	or	a0,a0,a5
     900:	00a71023          	sh	a0,0(a4)
     904:	20001797          	auipc	a5,0x20001
     908:	4e47c783          	lbu	a5,1252(a5) # 20001de8 <gTmosPara>
     90c:	c791                	beqz	a5,918 <__stack_size+0x118>
     90e:	0785                	addi	a5,a5,1
     910:	20001717          	auipc	a4,0x20001
     914:	4cf70c23          	sb	a5,1240(a4) # 20001de8 <gTmosPara>
     918:	409c                	lw	a5,0(s1)
     91a:	c791                	beqz	a5,926 <__stack_size+0x126>
     91c:	9782                	jalr	a5
     91e:	20001797          	auipc	a5,0x20001
     922:	4e07ab23          	sw	zero,1270(a5) # 20001e14 <pfnProcessCBs>
     926:	20001717          	auipc	a4,0x20001
     92a:	4c274703          	lbu	a4,1218(a4) # 20001de8 <gTmosPara>
     92e:	20001797          	auipc	a5,0x20001
     932:	4bb7c783          	lbu	a5,1211(a5) # 20001de9 <gTmosPara+0x1>
     936:	ecf775e3          	bgeu	a4,a5,800 <__stack_size>
     93a:	40b2                	lw	ra,12(sp)
     93c:	4422                	lw	s0,8(sp)
     93e:	4492                	lw	s1,4(sp)
     940:	0141                	addi	sp,sp,16
     942:	8082                	ret
     944:	0074c783          	lbu	a5,7(s1)
     948:	0ff7f793          	zext.b	a5,a5
     94c:	ec0798e3          	bnez	a5,81c <__stack_size+0x1c>
     950:	20001797          	auipc	a5,0x20001
     954:	680786a3          	sb	zero,1677(a5) # 20001fdd <gBleIPPara+0x9>
     958:	173040ef          	jal	ra,52ca <ll_multi_states_process>
     95c:	b5c1                	j	81c <__stack_size+0x1c>
     95e:	00179713          	slli	a4,a5,0x1
     962:	9732                	add	a4,a4,a2
     964:	00075703          	lhu	a4,0(a4)
     968:	fb69                	bnez	a4,93a <__stack_size+0x13a>
     96a:	0785                	addi	a5,a5,1
     96c:	b719                	j	872 <__stack_size+0x72>

0000096e <clockGetHSEValue>:
     96e:	40024737          	lui	a4,0x40024
     972:	20c72683          	lw	a3,524(a4) # 4002420c <_eusrstack+0x2001420c>
     976:	77f1                	lui	a5,0xffffc
     978:	17fd                	addi	a5,a5,-1 # ffffbfff <_eusrstack+0xdffebfff>
     97a:	8ff5                	and	a5,a5,a3
     97c:	20f72623          	sw	a5,524(a4)
     980:	0001                	nop
     982:	0001                	nop
     984:	20001797          	auipc	a5,0x20001
     988:	46478793          	addi	a5,a5,1124 # 20001de8 <gTmosPara>
     98c:	4fc8                	lw	a0,28(a5)
     98e:	26872783          	lw	a5,616(a4)
     992:	20d72623          	sw	a3,524(a4)
     996:	056a                	slli	a0,a0,0x1a
     998:	fff7c793          	not	a5,a5
     99c:	8399                	srli	a5,a5,0x6
     99e:	8d5d                	or	a0,a0,a5
     9a0:	8082                	ret

000009a2 <TMOS_TimerIRQHandler>:
     9a2:	20001797          	auipc	a5,0x20001
     9a6:	4497c783          	lbu	a5,1097(a5) # 20001deb <gTmosPara+0x3>
     9aa:	cf99                	beqz	a5,9c8 <TMOS_TimerIRQHandler+0x26>
     9ac:	20001797          	auipc	a5,0x20001
     9b0:	4e07c783          	lbu	a5,1248(a5) # 20001e8c <bleClock_t+0xc>
     9b4:	cf81                	beqz	a5,9cc <TMOS_TimerIRQHandler+0x2a>
     9b6:	20001797          	auipc	a5,0x20001
     9ba:	4da78793          	addi	a5,a5,1242 # 20001e90 <pfnIrqProcessHandle>
     9be:	0007a303          	lw	t1,0(a5)
     9c2:	00030763          	beqz	t1,9d0 <TMOS_TimerIRQHandler+0x2e>
     9c6:	8302                	jr	t1
     9c8:	4505                	li	a0,1
     9ca:	8082                	ret
     9cc:	4509                	li	a0,2
     9ce:	8082                	ret
     9d0:	0ff00513          	li	a0,255
     9d4:	8082                	ret

000009d6 <BB_IRQLibHandler>:
     9d6:	20001697          	auipc	a3,0x20001
     9da:	5f268693          	addi	a3,a3,1522 # 20001fc8 <gptrBBReg>
     9de:	4298                	lw	a4,0(a3)
     9e0:	1141                	addi	sp,sp,-16
     9e2:	c226                	sw	s1,4(sp)
     9e4:	5f1c                	lw	a5,56(a4)
     9e6:	c606                	sw	ra,12(sp)
     9e8:	c422                	sw	s0,8(sp)
     9ea:	8399                	srli	a5,a5,0x6
     9ec:	8b85                	andi	a5,a5,1
     9ee:	84b6                	mv	s1,a3
     9f0:	c3cd                	beqz	a5,a92 <BB_IRQLibHandler+0xbc>
     9f2:	06000793          	li	a5,96
     9f6:	df1c                	sw	a5,56(a4)
     9f8:	20001797          	auipc	a5,0x20001
     9fc:	5dc7c783          	lbu	a5,1500(a5) # 20001fd4 <gBleIPPara>
     a00:	0407f793          	andi	a5,a5,64
     a04:	20001417          	auipc	s0,0x20001
     a08:	5d040413          	addi	s0,s0,1488 # 20001fd4 <gBleIPPara>
     a0c:	c39d                	beqz	a5,a32 <BB_IRQLibHandler+0x5c>
     a0e:	20001797          	auipc	a5,0x20001
     a12:	41e78793          	addi	a5,a5,1054 # 20001e2c <fnGetClockCBs>
     a16:	439c                	lw	a5,0(a5)
     a18:	9782                	jalr	a5
     a1a:	20001797          	auipc	a5,0x20001
     a1e:	5ca7ab23          	sw	a0,1494(a5) # 20001ff0 <gBleIPPara+0x1c>
     a22:	00044783          	lbu	a5,0(s0)
     a26:	0bf7f793          	andi	a5,a5,191
     a2a:	20001717          	auipc	a4,0x20001
     a2e:	5af70523          	sb	a5,1450(a4) # 20001fd4 <gBleIPPara>
     a32:	00044783          	lbu	a5,0(s0)
     a36:	0207f793          	andi	a5,a5,32
     a3a:	c39d                	beqz	a5,a60 <BB_IRQLibHandler+0x8a>
     a3c:	00044783          	lbu	a5,0(s0)
     a40:	66a1                	lui	a3,0x8
     a42:	0df7f793          	andi	a5,a5,223
     a46:	20001717          	auipc	a4,0x20001
     a4a:	58f70723          	sb	a5,1422(a4) # 20001fd4 <gBleIPPara>
     a4e:	20001717          	auipc	a4,0x20001
     a52:	5ae70713          	addi	a4,a4,1454 # 20001ffc <gptrLLEReg>
     a56:	485c                	lw	a5,20(s0)
     a58:	4318                	lw	a4,0(a4)
     a5a:	0786                	slli	a5,a5,0x1
     a5c:	c714                	sw	a3,8(a4)
     a5e:	d77c                	sw	a5,108(a4)
     a60:	00444783          	lbu	a5,4(s0)
     a64:	0407f793          	andi	a5,a5,64
     a68:	e78d                	bnez	a5,a92 <BB_IRQLibHandler+0xbc>
     a6a:	4785                	li	a5,1
     a6c:	20001717          	auipc	a4,0x20001
     a70:	56f706a3          	sb	a5,1389(a4) # 20001fd9 <gBleIPPara+0x5>
     a74:	20001797          	auipc	a5,0x20001
     a78:	58878793          	addi	a5,a5,1416 # 20001ffc <gptrLLEReg>
     a7c:	439c                	lw	a5,0(a5)
     a7e:	6709                	lui	a4,0x2
     a80:	c798                	sw	a4,8(a5)
     a82:	fc000713          	li	a4,-64
     a86:	20001697          	auipc	a3,0x20001
     a8a:	54e68923          	sb	a4,1362(a3) # 20001fd8 <gBleIPPara+0x4>
     a8e:	4818                	lw	a4,16(s0)
     a90:	d3f8                	sw	a4,100(a5)
     a92:	4098                	lw	a4,0(s1)
     a94:	5f1c                	lw	a5,56(a4)
     a96:	8391                	srli	a5,a5,0x4
     a98:	8b85                	andi	a5,a5,1
     a9a:	cb81                	beqz	a5,aaa <BB_IRQLibHandler+0xd4>
     a9c:	47c1                	li	a5,16
     a9e:	df1c                	sw	a5,56(a4)
     aa0:	4785                	li	a5,1
     aa2:	20001697          	auipc	a3,0x20001
     aa6:	52f68b23          	sb	a5,1334(a3) # 20001fd8 <gBleIPPara+0x4>
     aaa:	5f1c                	lw	a5,56(a4)
     aac:	839d                	srli	a5,a5,0x7
     aae:	8b85                	andi	a5,a5,1
     ab0:	cb89                	beqz	a5,ac2 <BB_IRQLibHandler+0xec>
     ab2:	08000793          	li	a5,128
     ab6:	df1c                	sw	a5,56(a4)
     ab8:	4785                	li	a5,1
     aba:	20001717          	auipc	a4,0x20001
     abe:	50f70f23          	sb	a5,1310(a4) # 20001fd8 <gBleIPPara+0x4>
     ac2:	20001797          	auipc	a5,0x20001
     ac6:	50278793          	addi	a5,a5,1282 # 20001fc4 <gptrAESReg>
     aca:	439c                	lw	a5,0(a5)
     acc:	43d8                	lw	a4,4(a5)
     ace:	8305                	srli	a4,a4,0x1
     ad0:	8b05                	andi	a4,a4,1
     ad2:	c719                	beqz	a4,ae0 <BB_IRQLibHandler+0x10a>
     ad4:	43d8                	lw	a4,4(a5)
     ad6:	9b75                	andi	a4,a4,-3
     ad8:	c3d8                	sw	a4,4(a5)
     ada:	43d8                	lw	a4,4(a5)
     adc:	9b79                	andi	a4,a4,-2
     ade:	c3d8                	sw	a4,4(a5)
     ae0:	40b2                	lw	ra,12(sp)
     ae2:	4422                	lw	s0,8(sp)
     ae4:	4492                	lw	s1,4(sp)
     ae6:	0141                	addi	sp,sp,16
     ae8:	8082                	ret

00000aea <ll_rx_wait_finish>:
     aea:	20001797          	auipc	a5,0x20001
     aee:	51278793          	addi	a5,a5,1298 # 20001ffc <gptrLLEReg>
     af2:	4394                	lw	a3,0(a5)
     af4:	20001797          	auipc	a5,0x20001
     af8:	4e078793          	addi	a5,a5,1248 # 20001fd4 <gBleIPPara>
     afc:	0007c703          	lbu	a4,0(a5)
     b00:	8b05                	andi	a4,a4,1
     b02:	eb09                	bnez	a4,b14 <ll_rx_wait_finish+0x2a>
     b04:	0017c703          	lbu	a4,1(a5)
     b08:	8b05                	andi	a4,a4,1
     b0a:	e709                	bnez	a4,b14 <ll_rx_wait_finish+0x2a>
     b0c:	52f8                	lw	a4,100(a3)
     b0e:	f77d                	bnez	a4,afc <ll_rx_wait_finish+0x12>
     b10:	0057c783          	lbu	a5,5(a5)
     b14:	20001797          	auipc	a5,0x20001
     b18:	4c0782a3          	sb	zero,1221(a5) # 20001fd9 <gBleIPPara+0x5>
     b1c:	8082                	ret

00000b1e <ble_ll_chkcrc>:
     b1e:	20001817          	auipc	a6,0x20001
     b22:	4aa80813          	addi	a6,a6,1194 # 20001fc8 <gptrBBReg>
     b26:	00082703          	lw	a4,0(a6)
     b2a:	5f1c                	lw	a5,56(a4)
     b2c:	8395                	srli	a5,a5,0x5
     b2e:	8b85                	andi	a5,a5,1
     b30:	ebbd                	bnez	a5,ba6 <ble_ll_chkcrc+0x88>
     b32:	c609                	beqz	a2,b3c <ble_ll_chkcrc+0x1e>
     b34:	5b1c                	lw	a5,48(a4)
     b36:	83bd                	srli	a5,a5,0xf
     b38:	00f60023          	sb	a5,0(a2)
     b3c:	ca85                	beqz	a3,b6c <ble_ll_chkcrc+0x4e>
     b3e:	00082783          	lw	a5,0(a6)
     b42:	5b98                	lw	a4,48(a5)
     b44:	0746                	slli	a4,a4,0x11
     b46:	01675793          	srli	a5,a4,0x16
     b4a:	00075663          	bgez	a4,b56 <ble_ll_chkcrc+0x38>
     b4e:	c007e793          	ori	a5,a5,-1024
     b52:	07c2                	slli	a5,a5,0x10
     b54:	83c1                	srli	a5,a5,0x10
     b56:	00069703          	lh	a4,0(a3)
     b5a:	07c2                	slli	a5,a5,0x10
     b5c:	87c1                	srai	a5,a5,0x10
     b5e:	c709                	beqz	a4,b68 <ble_ll_chkcrc+0x4a>
     b60:	97ba                	add	a5,a5,a4
     b62:	4709                	li	a4,2
     b64:	02e7c7b3          	div	a5,a5,a4
     b68:	00f69023          	sh	a5,0(a3)
     b6c:	c195                	beqz	a1,b90 <ble_ll_chkcrc+0x72>
     b6e:	00154783          	lbu	a5,1(a0)
     b72:	cf99                	beqz	a5,b90 <ble_ll_chkcrc+0x72>
     b74:	953e                	add	a0,a0,a5
     b76:	00954783          	lbu	a5,9(a0)
     b7a:	4705                	li	a4,1
     b7c:	4519                	li	a0,6
     b7e:	06f7f693          	andi	a3,a5,111
     b82:	02e69363          	bne	a3,a4,ba8 <ble_ll_chkcrc+0x8a>
     b86:	07e2                	slli	a5,a5,0x18
     b88:	87e1                	srai	a5,a5,0x18
     b8a:	4539                	li	a0,14
     b8c:	0007ce63          	bltz	a5,ba8 <ble_ll_chkcrc+0x8a>
     b90:	00082783          	lw	a5,0(a6)
     b94:	4501                	li	a0,0
     b96:	5f9c                	lw	a5,56(a5)
     b98:	83ed                	srli	a5,a5,0x1b
     b9a:	8b8d                	andi	a5,a5,3
     b9c:	20001717          	auipc	a4,0x20001
     ba0:	44f701a3          	sb	a5,1091(a4) # 20001fdf <gBleIPPara+0xb>
     ba4:	8082                	ret
     ba6:	4505                	li	a0,1
     ba8:	8082                	ret

00000baa <ll_tx_wait_finish>:
     baa:	1141                	addi	sp,sp,-16
     bac:	c422                	sw	s0,8(sp)
     bae:	c606                	sw	ra,12(sp)
     bb0:	20001417          	auipc	s0,0x20001
     bb4:	44c40413          	addi	s0,s0,1100 # 20001ffc <gptrLLEReg>
     bb8:	4018                	lw	a4,0(s0)
     bba:	e53d                	bnez	a0,c28 <ll_tx_wait_finish+0x7e>
     bbc:	87ae                	mv	a5,a1
     bbe:	5374                	lw	a3,100(a4)
     bc0:	fefd                	bnez	a3,bbe <ll_tx_wait_finish+0x14>
     bc2:	853e                	mv	a0,a5
     bc4:	85b2                	mv	a1,a2
     bc6:	20001797          	auipc	a5,0x20001
     bca:	40078823          	sb	zero,1040(a5) # 20001fd6 <gBleIPPara+0x2>
     bce:	488040ef          	jal	ra,5056 <BLE_SetPHYTxMode>
     bd2:	20001797          	auipc	a5,0x20001
     bd6:	3f678793          	addi	a5,a5,1014 # 20001fc8 <gptrBBReg>
     bda:	439c                	lw	a5,0(a5)
     bdc:	008006b7          	lui	a3,0x800
     be0:	4398                	lw	a4,0(a5)
     be2:	8f55                	or	a4,a4,a3
     be4:	c398                	sw	a4,0(a5)
     be6:	57d8                	lw	a4,44(a5)
     be8:	9b71                	andi	a4,a4,-4
     bea:	d7d8                	sw	a4,44(a5)
     bec:	20001797          	auipc	a5,0x20001
     bf0:	3e0786a3          	sb	zero,1005(a5) # 20001fd9 <gBleIPPara+0x5>
     bf4:	20001797          	auipc	a5,0x20001
     bf8:	3e0780a3          	sb	zero,993(a5) # 20001fd5 <gBleIPPara+0x1>
     bfc:	401c                	lw	a5,0(s0)
     bfe:	4709                	li	a4,2
     c00:	c398                	sw	a4,0(a5)
     c02:	4014                	lw	a3,0(s0)
     c04:	20001717          	auipc	a4,0x20001
     c08:	3d070713          	addi	a4,a4,976 # 20001fd4 <gBleIPPara>
     c0c:	00274783          	lbu	a5,2(a4)
     c10:	8b85                	andi	a5,a5,1
     c12:	e799                	bnez	a5,c20 <ll_tx_wait_finish+0x76>
     c14:	00374783          	lbu	a5,3(a4)
     c18:	8b85                	andi	a5,a5,1
     c1a:	e399                	bnez	a5,c20 <ll_tx_wait_finish+0x76>
     c1c:	52fc                	lw	a5,100(a3)
     c1e:	f7fd                	bnez	a5,c0c <ll_tx_wait_finish+0x62>
     c20:	40b2                	lw	ra,12(sp)
     c22:	4422                	lw	s0,8(sp)
     c24:	0141                	addi	sp,sp,16
     c26:	8082                	ret
     c28:	478d                	li	a5,3
     c2a:	02f51063          	bne	a0,a5,c4a <ll_tx_wait_finish+0xa0>
     c2e:	20001797          	auipc	a5,0x20001
     c32:	39a78793          	addi	a5,a5,922 # 20001fc8 <gptrBBReg>
     c36:	439c                	lw	a5,0(a5)
     c38:	008006b7          	lui	a3,0x800
     c3c:	4398                	lw	a4,0(a5)
     c3e:	8f55                	or	a4,a4,a3
     c40:	c398                	sw	a4,0(a5)
     c42:	57d8                	lw	a4,44(a5)
     c44:	9b71                	andi	a4,a4,-4
     c46:	d7d8                	sw	a4,44(a5)
     c48:	bf6d                	j	c02 <ll_tx_wait_finish+0x58>
     c4a:	4785                	li	a5,1
     c4c:	faf51be3          	bne	a0,a5,c02 <ll_tx_wait_finish+0x58>
     c50:	4754                	lw	a3,12(a4)
     c52:	77f9                	lui	a5,0xffffe
     c54:	17fd                	addi	a5,a5,-1 # ffffdfff <_eusrstack+0xdffedfff>
     c56:	8ff5                	and	a5,a5,a3
     c58:	c75c                	sw	a5,12(a4)
     c5a:	0000100f          	fence.i
     c5e:	401c                	lw	a5,0(s0)
     c60:	6709                	lui	a4,0x2
     c62:	c798                	sw	a4,8(a5)
     c64:	f8000713          	li	a4,-128
     c68:	20001617          	auipc	a2,0x20001
     c6c:	36e60823          	sb	a4,880(a2) # 20001fd8 <gBleIPPara+0x4>
     c70:	20001717          	auipc	a4,0x20001
     c74:	35870713          	addi	a4,a4,856 # 20001fc8 <gptrBBReg>
     c78:	4310                	lw	a2,0(a4)
     c7a:	4218                	lw	a4,0(a2)
     c7c:	8331                	srli	a4,a4,0xc
     c7e:	8b0d                	andi	a4,a4,3
     c80:	e711                	bnez	a4,c8c <ll_tx_wait_finish+0xe2>
     c82:	19600713          	li	a4,406
     c86:	d3f8                	sw	a4,100(a5)
     c88:	c7d4                	sw	a3,12(a5)
     c8a:	bfa5                	j	c02 <ll_tx_wait_finish+0x58>
     c8c:	4218                	lw	a4,0(a2)
     c8e:	4609                	li	a2,2
     c90:	8331                	srli	a4,a4,0xc
     c92:	8b0d                	andi	a4,a4,3
     c94:	00c71563          	bne	a4,a2,c9e <ll_tx_wait_finish+0xf4>
     c98:	43e00713          	li	a4,1086
     c9c:	b7ed                	j	c86 <ll_tx_wait_finish+0xdc>
     c9e:	1be00713          	li	a4,446
     ca2:	b7d5                	j	c86 <ll_tx_wait_finish+0xdc>

00000ca4 <BLE_CheckHoppingMap>:
     ca4:	715d                	addi	sp,sp,-80
     ca6:	dc52                	sw	s4,56(sp)
     ca8:	20001a17          	auipc	s4,0x20001
     cac:	320a0a13          	addi	s4,s4,800 # 20001fc8 <gptrBBReg>
     cb0:	000a2703          	lw	a4,0(s4)
     cb4:	c686                	sw	ra,76(sp)
     cb6:	c4a2                	sw	s0,72(sp)
     cb8:	c2a6                	sw	s1,68(sp)
     cba:	c0ca                	sw	s2,64(sp)
     cbc:	de4e                	sw	s3,60(sp)
     cbe:	431c                	lw	a5,0(a4)
     cc0:	20001997          	auipc	s3,0x20001
     cc4:	39098993          	addi	s3,s3,912 # 20002050 <gptrRFENDReg>
     cc8:	20001917          	auipc	s2,0x20001
     ccc:	33490913          	addi	s2,s2,820 # 20001ffc <gptrLLEReg>
     cd0:	e7f7f793          	andi	a5,a5,-385
     cd4:	0807e793          	ori	a5,a5,128
     cd8:	c31c                	sw	a5,0(a4)
     cda:	0009a683          	lw	a3,0(s3)
     cde:	ffce0737          	lui	a4,0xffce0
     ce2:	177d                	addi	a4,a4,-1 # ffcdffff <_eusrstack+0xdfccffff>
     ce4:	469c                	lw	a5,8(a3)
     ce6:	02800613          	li	a2,40
     cea:	842a                	mv	s0,a0
     cec:	8ff9                	and	a5,a5,a4
     cee:	c69c                	sw	a5,8(a3)
     cf0:	00092783          	lw	a5,0(s2)
     cf4:	0028                	addi	a0,sp,8
     cf6:	84ae                	mv	s1,a1
     cf8:	0407a823          	sw	zero,80(a5)
     cfc:	08100593          	li	a1,129
     d00:	e1cff0ef          	jal	ra,31c <tmos_memset>
     d04:	4535                	li	a0,13
     d06:	6ee040ef          	jal	ra,53f4 <phy_status_clear>
     d0a:	000a2783          	lw	a5,0(s4)
     d0e:	1ff47693          	andi	a3,s0,511
     d12:	00330637          	lui	a2,0x330
     d16:	0007a423          	sw	zero,8(a5)
     d1a:	4b98                	lw	a4,16(a5)
     d1c:	fffc0f37          	lui	t5,0xfffc0
     d20:	884e                	mv	a6,s3
     d22:	03f76713          	ori	a4,a4,63
     d26:	cb98                	sw	a4,16(a5)
     d28:	4ff8                	lw	a4,92(a5)
     d2a:	88ca                	mv	a7,s2
     d2c:	f8100513          	li	a0,-127
     d30:	e0077713          	andi	a4,a4,-512
     d34:	8f55                	or	a4,a4,a3
     d36:	cff8                	sw	a4,92(a5)
     d38:	4398                	lw	a4,0(a5)
     d3a:	76f5                	lui	a3,0xffffd
     d3c:	16fd                	addi	a3,a3,-1 # ffffcfff <_eusrstack+0xdffecfff>
     d3e:	8f75                	and	a4,a4,a3
     d40:	c398                	sw	a4,0(a5)
     d42:	20001717          	auipc	a4,0x20001
     d46:	28070ba3          	sb	zero,663(a4) # 20001fd9 <gBleIPPara+0x5>
     d4a:	00092683          	lw	a3,0(s2)
     d4e:	20001717          	auipc	a4,0x20001
     d52:	280703a3          	sb	zero,647(a4) # 20001fd5 <gBleIPPara+0x1>
     d56:	4705                	li	a4,1
     d58:	c298                	sw	a4,0(a3)
     d5a:	4398                	lw	a4,0(a5)
     d5c:	85d2                	mv	a1,s4
     d5e:	000402b7          	lui	t0,0x40
     d62:	e7f77713          	andi	a4,a4,-385
     d66:	c398                	sw	a4,0(a5)
     d68:	4398                	lw	a4,0(a5)
     d6a:	25800393          	li	t2,600
     d6e:	4911                	li	s2,4
     d70:	e7f77713          	andi	a4,a4,-385
     d74:	10076713          	ori	a4,a4,256
     d78:	c398                	sw	a4,0(a5)
     d7a:	0009a703          	lw	a4,0(s3)
     d7e:	1f7d                	addi	t5,t5,-1 # fffbffff <_eusrstack+0xdffaffff>
     d80:	4985                	li	s3,1
     d82:	471c                	lw	a5,8(a4)
     d84:	02800f93          	li	t6,40
     d88:	8fd1                	or	a5,a5,a2
     d8a:	c71c                	sw	a5,8(a4)
     d8c:	05900793          	li	a5,89
     d90:	cabc                	sw	a5,80(a3)
     d92:	4701                	li	a4,0
     d94:	0034                	addi	a3,sp,8
     d96:	00375313          	srli	t1,a4,0x3
     d9a:	9326                	add	t1,t1,s1
     d9c:	00034783          	lbu	a5,0(t1)
     da0:	00777613          	andi	a2,a4,7
     da4:	40c7d7b3          	sra	a5,a5,a2
     da8:	8b85                	andi	a5,a5,1
     daa:	cfdd                	beqz	a5,e68 <BLE_CheckHoppingMap+0x1c4>
     dac:	419c                	lw	a5,0(a1)
     dae:	00082e83          	lw	t4,0(a6)
     db2:	04079c23          	sh	zero,88(a5)
     db6:	06079023          	sh	zero,96(a5)
     dba:	02ceae03          	lw	t3,44(t4)
     dbe:	ffde7e13          	andi	t3,t3,-3
     dc2:	03cea623          	sw	t3,44(t4)
     dc6:	0007ae83          	lw	t4,0(a5)
     dca:	07f77e13          	andi	t3,a4,127
     dce:	f80efe93          	andi	t4,t4,-128
     dd2:	01ceee33          	or	t3,t4,t3
     dd6:	01c7a023          	sw	t3,0(a5)
     dda:	0247ae03          	lw	t3,36(a5)
     dde:	005e6e33          	or	t3,t3,t0
     de2:	03c7a223          	sw	t3,36(a5)
     de6:	0008ae83          	lw	t4,0(a7)
     dea:	4e01                	li	t3,0
     dec:	067ea223          	sw	t2,100(t4)
     df0:	0607da03          	lhu	s4,96(a5)
     df4:	034e0763          	beq	t3,s4,e22 <BLE_CheckHoppingMap+0x17e>
     df8:	0307ae03          	lw	t3,48(a5)
     dfc:	00068a03          	lb	s4,0(a3)
     e00:	00fe5e13          	srli	t3,t3,0xf
     e04:	0e62                	slli	t3,t3,0x18
     e06:	418e5e13          	srai	t3,t3,0x18
     e0a:	01ca5863          	bge	s4,t3,e1a <BLE_CheckHoppingMap+0x176>
     e0e:	0307ae03          	lw	t3,48(a5)
     e12:	00fe5e13          	srli	t3,t3,0xf
     e16:	01c68023          	sb	t3,0(a3)
     e1a:	0607de03          	lhu	t3,96(a5)
     e1e:	0ffe7e13          	zext.b	t3,t3
     e22:	064eaa03          	lw	s4,100(t4)
     e26:	000a0663          	beqz	s4,e32 <BLE_CheckHoppingMap+0x18e>
     e2a:	0587da03          	lhu	s4,88(a5)
     e2e:	fb497fe3          	bgeu	s2,s4,dec <BLE_CheckHoppingMap+0x148>
     e32:	0247ae03          	lw	t3,36(a5)
     e36:	01ee7e33          	and	t3,t3,t5
     e3a:	03c7a223          	sw	t3,36(a5)
     e3e:	00068783          	lb	a5,0(a3)
     e42:	00f45c63          	bge	s0,a5,e5a <BLE_CheckHoppingMap+0x1b6>
     e46:	00034e03          	lbu	t3,0(t1)
     e4a:	00c99633          	sll	a2,s3,a2
     e4e:	fff64613          	not	a2,a2
     e52:	01c67633          	and	a2,a2,t3
     e56:	00c30023          	sb	a2,0(t1)
     e5a:	863e                	mv	a2,a5
     e5c:	00a7d363          	bge	a5,a0,e62 <BLE_CheckHoppingMap+0x1be>
     e60:	862a                	mv	a2,a0
     e62:	01861513          	slli	a0,a2,0x18
     e66:	8561                	srai	a0,a0,0x18
     e68:	0705                	addi	a4,a4,1
     e6a:	0ff77713          	zext.b	a4,a4
     e6e:	0685                	addi	a3,a3,1
     e70:	f3f713e3          	bne	a4,t6,d96 <BLE_CheckHoppingMap+0xf2>
     e74:	40b6                	lw	ra,76(sp)
     e76:	4426                	lw	s0,72(sp)
     e78:	4496                	lw	s1,68(sp)
     e7a:	4906                	lw	s2,64(sp)
     e7c:	59f2                	lw	s3,60(sp)
     e7e:	5a62                	lw	s4,56(sp)
     e80:	6161                	addi	sp,sp,80
     e82:	8082                	ret

00000e84 <LLE_IRQSubHandler>:
     e84:	20001797          	auipc	a5,0x20001
     e88:	17878793          	addi	a5,a5,376 # 20001ffc <gptrLLEReg>
     e8c:	439c                	lw	a5,0(a5)
     e8e:	47d8                	lw	a4,12(a5)
     e90:	01171693          	slli	a3,a4,0x11
     e94:	0206d563          	bgez	a3,ebe <LLE_IRQSubHandler+0x3a>
     e98:	4798                	lw	a4,8(a5)
     e9a:	01171693          	slli	a3,a4,0x11
     e9e:	0206d063          	bgez	a3,ebe <LLE_IRQSubHandler+0x3a>
     ea2:	577d                	li	a4,-1
     ea4:	d7b8                	sw	a4,104(a5)
     ea6:	20001717          	auipc	a4,0x20001
     eaa:	f4270713          	addi	a4,a4,-190 # 20001de8 <gTmosPara>
     eae:	4f58                	lw	a4,28(a4)
     eb0:	0705                	addi	a4,a4,1
     eb2:	20001697          	auipc	a3,0x20001
     eb6:	f4e6a923          	sw	a4,-174(a3) # 20001e04 <gTmosPara+0x1c>
     eba:	6711                	lui	a4,0x4
     ebc:	c798                	sw	a4,8(a5)
     ebe:	4798                	lw	a4,8(a5)
     ec0:	830d                	srli	a4,a4,0x3
     ec2:	8b05                	andi	a4,a4,1
     ec4:	c31d                	beqz	a4,eea <LLE_IRQSubHandler+0x66>
     ec6:	20001717          	auipc	a4,0x20001
     eca:	11074703          	lbu	a4,272(a4) # 20001fd6 <gBleIPPara+0x2>
     ece:	00176713          	ori	a4,a4,1
     ed2:	20001697          	auipc	a3,0x20001
     ed6:	10e68223          	sb	a4,260(a3) # 20001fd6 <gBleIPPara+0x2>
     eda:	f8000713          	li	a4,-128
     ede:	20001697          	auipc	a3,0x20001
     ee2:	0ee68d23          	sb	a4,250(a3) # 20001fd8 <gBleIPPara+0x4>
     ee6:	4721                	li	a4,8
     ee8:	c798                	sw	a4,8(a5)
     eea:	4798                	lw	a4,8(a5)
     eec:	8b05                	andi	a4,a4,1
     eee:	cf09                	beqz	a4,f08 <LLE_IRQSubHandler+0x84>
     ef0:	20001717          	auipc	a4,0x20001
     ef4:	0e574703          	lbu	a4,229(a4) # 20001fd5 <gBleIPPara+0x1>
     ef8:	00176713          	ori	a4,a4,1
     efc:	20001697          	auipc	a3,0x20001
     f00:	0ce68ca3          	sb	a4,217(a3) # 20001fd5 <gBleIPPara+0x1>
     f04:	4705                	li	a4,1
     f06:	c798                	sw	a4,8(a5)
     f08:	4798                	lw	a4,8(a5)
     f0a:	8309                	srli	a4,a4,0x2
     f0c:	8b05                	andi	a4,a4,1
     f0e:	e709                	bnez	a4,f18 <LLE_IRQSubHandler+0x94>
     f10:	4798                	lw	a4,8(a5)
     f12:	8305                	srli	a4,a4,0x1
     f14:	8b05                	andi	a4,a4,1
     f16:	c335                	beqz	a4,f7a <LLE_IRQSubHandler+0xf6>
     f18:	20001717          	auipc	a4,0x20001
     f1c:	0c0700a3          	sb	zero,193(a4) # 20001fd9 <gBleIPPara+0x5>
     f20:	4798                	lw	a4,8(a5)
     f22:	20001617          	auipc	a2,0x20001
     f26:	0b260613          	addi	a2,a2,178 # 20001fd4 <gBleIPPara>
     f2a:	20001697          	auipc	a3,0x20001
     f2e:	09e68693          	addi	a3,a3,158 # 20001fc8 <gptrBBReg>
     f32:	8309                	srli	a4,a4,0x2
     f34:	8b05                	andi	a4,a4,1
     f36:	4294                	lw	a3,0(a3)
     f38:	85b2                	mv	a1,a2
     f3a:	10070063          	beqz	a4,103a <LLE_IRQSubHandler+0x1b6>
     f3e:	4298                	lw	a4,0(a3)
     f40:	8331                	srli	a4,a4,0xc
     f42:	8b0d                	andi	a4,a4,3
     f44:	eb65                	bnez	a4,1034 <LLE_IRQSubHandler+0x1b0>
     f46:	4bb0                	lw	a2,80(a5)
     f48:	51d8                	lw	a4,36(a1)
     f4a:	02067613          	andi	a2,a2,32
     f4e:	00174703          	lbu	a4,1(a4)
     f52:	ca5d                	beqz	a2,1008 <LLE_IRQSubHandler+0x184>
     f54:	ef69                	bnez	a4,102e <LLE_IRQSubHandler+0x1aa>
     f56:	05d00713          	li	a4,93
     f5a:	cfd8                	sw	a4,28(a5)
     f5c:	0005c703          	lbu	a4,0(a1)
     f60:	00176713          	ori	a4,a4,1
     f64:	20001617          	auipc	a2,0x20001
     f68:	06e60823          	sb	a4,112(a2) # 20001fd4 <gBleIPPara>
     f6c:	4711                	li	a4,4
     f6e:	c798                	sw	a4,8(a5)
     f70:	56d8                	lw	a4,44(a3)
     f72:	9b71                	andi	a4,a4,-4
     f74:	00176713          	ori	a4,a4,1
     f78:	d6d8                	sw	a4,44(a3)
     f7a:	4798                	lw	a4,8(a5)
     f7c:	01371693          	slli	a3,a4,0x13
     f80:	0206d663          	bgez	a3,fac <LLE_IRQSubHandler+0x128>
     f84:	20001697          	auipc	a3,0x20001
     f88:	f906c683          	lbu	a3,-112(a3) # 20001f14 <gBleLlPara+0x7c>
     f8c:	8ac1                	andi	a3,a3,16
     f8e:	20001717          	auipc	a4,0x20001
     f92:	f0a70713          	addi	a4,a4,-246 # 20001e98 <gBleLlPara>
     f96:	cec5                	beqz	a3,104e <LLE_IRQSubHandler+0x1ca>
     f98:	07c74703          	lbu	a4,124(a4)
     f9c:	02076713          	ori	a4,a4,32
     fa0:	20001697          	auipc	a3,0x20001
     fa4:	f6e68a23          	sb	a4,-140(a3) # 20001f14 <gBleLlPara+0x7c>
     fa8:	6705                	lui	a4,0x1
     faa:	c798                	sw	a4,8(a5)
     fac:	4798                	lw	a4,8(a5)
     fae:	01271693          	slli	a3,a4,0x12
     fb2:	0206d163          	bgez	a3,fd4 <LLE_IRQSubHandler+0x150>
     fb6:	20001717          	auipc	a4,0x20001
     fba:	02274703          	lbu	a4,34(a4) # 20001fd8 <gBleIPPara+0x4>
     fbe:	0762                	slli	a4,a4,0x18
     fc0:	8761                	srai	a4,a4,0x18
     fc2:	00075763          	bgez	a4,fd0 <LLE_IRQSubHandler+0x14c>
     fc6:	4705                	li	a4,1
     fc8:	20001697          	auipc	a3,0x20001
     fcc:	00e68823          	sb	a4,16(a3) # 20001fd8 <gBleIPPara+0x4>
     fd0:	6709                	lui	a4,0x2
     fd2:	c798                	sw	a4,8(a5)
     fd4:	4798                	lw	a4,8(a5)
     fd6:	01071693          	slli	a3,a4,0x10
     fda:	0206d663          	bgez	a3,1006 <LLE_IRQSubHandler+0x182>
     fde:	20001697          	auipc	a3,0x20001
     fe2:	f376c683          	lbu	a3,-201(a3) # 20001f15 <gBleLlPara+0x7d>
     fe6:	8a85                	andi	a3,a3,1
     fe8:	20001717          	auipc	a4,0x20001
     fec:	eb070713          	addi	a4,a4,-336 # 20001e98 <gBleLlPara>
     ff0:	cead                	beqz	a3,106a <LLE_IRQSubHandler+0x1e6>
     ff2:	07d74703          	lbu	a4,125(a4)
     ff6:	00276713          	ori	a4,a4,2
     ffa:	20001697          	auipc	a3,0x20001
     ffe:	f0e68da3          	sb	a4,-229(a3) # 20001f15 <gBleLlPara+0x7d>
    1002:	6721                	lui	a4,0x8
    1004:	c798                	sw	a4,8(a5)
    1006:	8082                	ret
    1008:	d739                	beqz	a4,f56 <LLE_IRQSubHandler+0xd2>
    100a:	4605                	li	a2,1
    100c:	00c71563          	bne	a4,a2,1016 <LLE_IRQSubHandler+0x192>
    1010:	06100713          	li	a4,97
    1014:	b799                	j	f5a <LLE_IRQSubHandler+0xd6>
    1016:	4609                	li	a2,2
    1018:	00c71563          	bne	a4,a2,1022 <LLE_IRQSubHandler+0x19e>
    101c:	06500713          	li	a4,101
    1020:	bf2d                	j	f5a <LLE_IRQSubHandler+0xd6>
    1022:	460d                	li	a2,3
    1024:	00c71563          	bne	a4,a2,102e <LLE_IRQSubHandler+0x1aa>
    1028:	06900713          	li	a4,105
    102c:	b73d                	j	f5a <LLE_IRQSubHandler+0xd6>
    102e:	06b00713          	li	a4,107
    1032:	b725                	j	f5a <LLE_IRQSubHandler+0xd6>
    1034:	06c00713          	li	a4,108
    1038:	b70d                	j	f5a <LLE_IRQSubHandler+0xd6>
    103a:	00364703          	lbu	a4,3(a2)
    103e:	00176713          	ori	a4,a4,1
    1042:	20001617          	auipc	a2,0x20001
    1046:	f8e60aa3          	sb	a4,-107(a2) # 20001fd7 <gBleIPPara+0x3>
    104a:	4709                	li	a4,2
    104c:	b70d                	j	f6e <LLE_IRQSubHandler+0xea>
    104e:	07c74683          	lbu	a3,124(a4) # 807c <_data_lma+0x778>
    1052:	4609                	li	a2,2
    1054:	8abd                	andi	a3,a3,15
    1056:	00c68863          	beq	a3,a2,1066 <LLE_IRQSubHandler+0x1e2>
    105a:	07c74703          	lbu	a4,124(a4)
    105e:	468d                	li	a3,3
    1060:	8b3d                	andi	a4,a4,15
    1062:	f4d713e3          	bne	a4,a3,fa8 <LLE_IRQSubHandler+0x124>
    1066:	4711                	li	a4,4
    1068:	bf25                	j	fa0 <LLE_IRQSubHandler+0x11c>
    106a:	07d74683          	lbu	a3,125(a4)
    106e:	8a91                	andi	a3,a3,4
    1070:	dac9                	beqz	a3,1002 <LLE_IRQSubHandler+0x17e>
    1072:	07d74703          	lbu	a4,125(a4)
    1076:	00876713          	ori	a4,a4,8
    107a:	b741                	j	ffa <LLE_IRQSubHandler+0x176>

0000107c <lle_irq_process>:
    107c:	20001797          	auipc	a5,0x20001
    1080:	f8078793          	addi	a5,a5,-128 # 20001ffc <gptrLLEReg>
    1084:	439c                	lw	a5,0(a5)
    1086:	4798                	lw	a4,8(a5)
    1088:	20001697          	auipc	a3,0x20001
    108c:	f6e6a223          	sw	a4,-156(a3) # 20001fec <gBleIPPara+0x18>
    1090:	4794                	lw	a3,8(a5)
    1092:	20001717          	auipc	a4,0x20001
    1096:	f4270713          	addi	a4,a4,-190 # 20001fd4 <gBleIPPara>
    109a:	828d                	srli	a3,a3,0x3
    109c:	8a85                	andi	a3,a3,1
    109e:	c28d                	beqz	a3,10c0 <lle_irq_process+0x44>
    10a0:	00274683          	lbu	a3,2(a4)
    10a4:	0016e693          	ori	a3,a3,1
    10a8:	20001617          	auipc	a2,0x20001
    10ac:	f2d60723          	sb	a3,-210(a2) # 20001fd6 <gBleIPPara+0x2>
    10b0:	f8000693          	li	a3,-128
    10b4:	20001617          	auipc	a2,0x20001
    10b8:	f2d60223          	sb	a3,-220(a2) # 20001fd8 <gBleIPPara+0x4>
    10bc:	46a1                	li	a3,8
    10be:	c794                	sw	a3,8(a5)
    10c0:	4794                	lw	a3,8(a5)
    10c2:	8a85                	andi	a3,a3,1
    10c4:	ca99                	beqz	a3,10da <lle_irq_process+0x5e>
    10c6:	00174683          	lbu	a3,1(a4)
    10ca:	0016e693          	ori	a3,a3,1
    10ce:	20001617          	auipc	a2,0x20001
    10d2:	f0d603a3          	sb	a3,-249(a2) # 20001fd5 <gBleIPPara+0x1>
    10d6:	4685                	li	a3,1
    10d8:	c794                	sw	a3,8(a5)
    10da:	4794                	lw	a3,8(a5)
    10dc:	8289                	srli	a3,a3,0x2
    10de:	8a85                	andi	a3,a3,1
    10e0:	e689                	bnez	a3,10ea <lle_irq_process+0x6e>
    10e2:	4794                	lw	a3,8(a5)
    10e4:	8285                	srli	a3,a3,0x1
    10e6:	8a85                	andi	a3,a3,1
    10e8:	cea1                	beqz	a3,1140 <lle_irq_process+0xc4>
    10ea:	20001697          	auipc	a3,0x20001
    10ee:	ee0687a3          	sb	zero,-273(a3) # 20001fd9 <gBleIPPara+0x5>
    10f2:	4794                	lw	a3,8(a5)
    10f4:	20001617          	auipc	a2,0x20001
    10f8:	ed460613          	addi	a2,a2,-300 # 20001fc8 <gptrBBReg>
    10fc:	4210                	lw	a2,0(a2)
    10fe:	8289                	srli	a3,a3,0x2
    1100:	8a85                	andi	a3,a3,1
    1102:	c2d5                	beqz	a3,11a6 <lle_irq_process+0x12a>
    1104:	4214                	lw	a3,0(a2)
    1106:	82b1                	srli	a3,a3,0xc
    1108:	8a8d                	andi	a3,a3,3
    110a:	ead9                	bnez	a3,11a0 <lle_irq_process+0x124>
    110c:	4bac                	lw	a1,80(a5)
    110e:	5354                	lw	a3,36(a4)
    1110:	0205f593          	andi	a1,a1,32
    1114:	0016c683          	lbu	a3,1(a3)
    1118:	cdb1                	beqz	a1,1174 <lle_irq_process+0xf8>
    111a:	e2c1                	bnez	a3,119a <lle_irq_process+0x11e>
    111c:	05d00693          	li	a3,93
    1120:	cfd4                	sw	a3,28(a5)
    1122:	00074683          	lbu	a3,0(a4)
    1126:	0016e693          	ori	a3,a3,1
    112a:	20001597          	auipc	a1,0x20001
    112e:	ead58523          	sb	a3,-342(a1) # 20001fd4 <gBleIPPara>
    1132:	4691                	li	a3,4
    1134:	c794                	sw	a3,8(a5)
    1136:	5654                	lw	a3,44(a2)
    1138:	9af1                	andi	a3,a3,-4
    113a:	0016e693          	ori	a3,a3,1
    113e:	d654                	sw	a3,44(a2)
    1140:	4794                	lw	a3,8(a5)
    1142:	01269613          	slli	a2,a3,0x12
    1146:	00065f63          	bgez	a2,1164 <lle_irq_process+0xe8>
    114a:	00474703          	lbu	a4,4(a4)
    114e:	0762                	slli	a4,a4,0x18
    1150:	8761                	srai	a4,a4,0x18
    1152:	00075763          	bgez	a4,1160 <lle_irq_process+0xe4>
    1156:	4705                	li	a4,1
    1158:	20001697          	auipc	a3,0x20001
    115c:	e8e68023          	sb	a4,-384(a3) # 20001fd8 <gBleIPPara+0x4>
    1160:	6709                	lui	a4,0x2
    1162:	c798                	sw	a4,8(a5)
    1164:	4798                	lw	a4,8(a5)
    1166:	01071693          	slli	a3,a4,0x10
    116a:	0006d463          	bgez	a3,1172 <lle_irq_process+0xf6>
    116e:	6721                	lui	a4,0x8
    1170:	c798                	sw	a4,8(a5)
    1172:	8082                	ret
    1174:	d6c5                	beqz	a3,111c <lle_irq_process+0xa0>
    1176:	4585                	li	a1,1
    1178:	00b69563          	bne	a3,a1,1182 <lle_irq_process+0x106>
    117c:	06100693          	li	a3,97
    1180:	b745                	j	1120 <lle_irq_process+0xa4>
    1182:	4589                	li	a1,2
    1184:	00b69563          	bne	a3,a1,118e <lle_irq_process+0x112>
    1188:	06500693          	li	a3,101
    118c:	bf51                	j	1120 <lle_irq_process+0xa4>
    118e:	458d                	li	a1,3
    1190:	00b69563          	bne	a3,a1,119a <lle_irq_process+0x11e>
    1194:	06900693          	li	a3,105
    1198:	b761                	j	1120 <lle_irq_process+0xa4>
    119a:	06b00693          	li	a3,107
    119e:	b749                	j	1120 <lle_irq_process+0xa4>
    11a0:	06c00693          	li	a3,108
    11a4:	bfb5                	j	1120 <lle_irq_process+0xa4>
    11a6:	00374683          	lbu	a3,3(a4) # 8003 <_data_lma+0x6ff>
    11aa:	0016e693          	ori	a3,a3,1
    11ae:	20001597          	auipc	a1,0x20001
    11b2:	e2d584a3          	sb	a3,-471(a1) # 20001fd7 <gBleIPPara+0x3>
    11b6:	4689                	li	a3,2
    11b8:	bfb5                	j	1134 <lle_irq_process+0xb8>

000011ba <RFEND_WaitTune>:
    11ba:	20001797          	auipc	a5,0x20001
    11be:	e4278793          	addi	a5,a5,-446 # 20001ffc <gptrLLEReg>
    11c2:	4398                	lw	a4,0(a5)
    11c4:	6785                	lui	a5,0x1
    11c6:	77078793          	addi	a5,a5,1904 # 1770 <handle_reset+0x5e>
    11ca:	d37c                	sw	a5,100(a4)
    11cc:	20001797          	auipc	a5,0x20001
    11d0:	e8478793          	addi	a5,a5,-380 # 20002050 <gptrRFENDReg>
    11d4:	439c                	lw	a5,0(a5)
    11d6:	0907a683          	lw	a3,144(a5)
    11da:	00569613          	slli	a2,a3,0x5
    11de:	00065863          	bgez	a2,11ee <RFEND_WaitTune+0x34>
    11e2:	0907a683          	lw	a3,144(a5)
    11e6:	00669613          	slli	a2,a3,0x6
    11ea:	00064463          	bltz	a2,11f2 <RFEND_WaitTune+0x38>
    11ee:	5374                	lw	a3,100(a4)
    11f0:	f2fd                	bnez	a3,11d6 <RFEND_WaitTune+0x1c>
    11f2:	8082                	ret

000011f4 <tmos_memory_allocate>:
    11f4:	1141                	addi	sp,sp,-16
    11f6:	c422                	sw	s0,8(sp)
    11f8:	400247b7          	lui	a5,0x40024
    11fc:	c606                	sw	ra,12(sp)
    11fe:	20c7a403          	lw	s0,524(a5) # 4002420c <_eusrstack+0x2001420c>
    1202:	2007a623          	sw	zero,524(a5)
    1206:	0000100f          	fence.i
    120a:	c111                	beqz	a0,120e <tmos_memory_allocate+0x1a>
    120c:	e599                	bnez	a1,121a <tmos_memory_allocate+0x26>
    120e:	400247b7          	lui	a5,0x40024
    1212:	2087a623          	sw	s0,524(a5) # 4002420c <_eusrstack+0x2001420c>
    1216:	4501                	li	a0,0
    1218:	a87d                	j	12d6 <tmos_memory_allocate+0xe2>
    121a:	00350793          	addi	a5,a0,3
    121e:	07c2                	slli	a5,a5,0x10
    1220:	83c1                	srli	a5,a5,0x10
    1222:	9bf1                	andi	a5,a5,-4
    1224:	07c2                	slli	a5,a5,0x10
    1226:	83c1                	srli	a5,a5,0x10
    1228:	03400713          	li	a4,52
    122c:	02f76963          	bltu	a4,a5,125e <tmos_memory_allocate+0x6a>
    1230:	20001717          	auipc	a4,0x20001
    1234:	e9c70713          	addi	a4,a4,-356 # 200020cc <MemCtlStart>
    1238:	4308                	lw	a0,0(a4)
    123a:	20001717          	auipc	a4,0x20001
    123e:	e8a70713          	addi	a4,a4,-374 # 200020c4 <MemCtlEnd>
    1242:	4314                	lw	a3,0(a4)
    1244:	02a69263          	bne	a3,a0,1268 <tmos_memory_allocate+0x74>
    1248:	20001717          	auipc	a4,0x20001
    124c:	bf070713          	addi	a4,a4,-1040 # 20001e38 <ble>
    1250:	5b58                	lw	a4,52(a4)
    1252:	df55                	beqz	a4,120e <tmos_memory_allocate+0x1a>
    1254:	07c2                	slli	a5,a5,0x10
    1256:	8ddd                	or	a1,a1,a5
    1258:	4505                	li	a0,1
    125a:	9702                	jalr	a4
    125c:	bf4d                	j	120e <tmos_memory_allocate+0x1a>
    125e:	20001717          	auipc	a4,0x20001
    1262:	e6a70713          	addi	a4,a4,-406 # 200020c8 <MemCtlPartition>
    1266:	bfc9                	j	1238 <tmos_memory_allocate+0x44>
    1268:	00655703          	lhu	a4,6(a0)
    126c:	eb2d                	bnez	a4,12de <tmos_memory_allocate+0xea>
    126e:	00455703          	lhu	a4,4(a0)
    1272:	06f76663          	bltu	a4,a5,12de <tmos_memory_allocate+0xea>
    1276:	40f706b3          	sub	a3,a4,a5
    127a:	4621                	li	a2,8
    127c:	02d67c63          	bgeu	a2,a3,12b4 <tmos_memory_allocate+0xc0>
    1280:	00052803          	lw	a6,0(a0)
    1284:	00878693          	addi	a3,a5,8
    1288:	8f1d                	sub	a4,a4,a5
    128a:	96aa                	add	a3,a3,a0
    128c:	1761                	addi	a4,a4,-8
    128e:	20001617          	auipc	a2,0x20001
    1292:	b6065603          	lhu	a2,-1184(a2) # 20001dee <gTmosPara+0x6>
    1296:	00e69223          	sh	a4,4(a3)
    129a:	0106a023          	sw	a6,0(a3)
    129e:	00069323          	sh	zero,6(a3)
    12a2:	c114                	sw	a3,0(a0)
    12a4:	00f51223          	sh	a5,4(a0)
    12a8:	ff860713          	addi	a4,a2,-8
    12ac:	20001697          	auipc	a3,0x20001
    12b0:	b4e69123          	sh	a4,-1214(a3) # 20001dee <gTmosPara+0x6>
    12b4:	00b51323          	sh	a1,6(a0)
    12b8:	20001597          	auipc	a1,0x20001
    12bc:	b365d583          	lhu	a1,-1226(a1) # 20001dee <gTmosPara+0x6>
    12c0:	40f587b3          	sub	a5,a1,a5
    12c4:	20001717          	auipc	a4,0x20001
    12c8:	b2f71523          	sh	a5,-1238(a4) # 20001dee <gTmosPara+0x6>
    12cc:	400247b7          	lui	a5,0x40024
    12d0:	2087a623          	sw	s0,524(a5) # 4002420c <_eusrstack+0x2001420c>
    12d4:	0521                	addi	a0,a0,8
    12d6:	40b2                	lw	ra,12(sp)
    12d8:	4422                	lw	s0,8(sp)
    12da:	0141                	addi	sp,sp,16
    12dc:	8082                	ret
    12de:	4108                	lw	a0,0(a0)
    12e0:	b795                	j	1244 <tmos_memory_allocate+0x50>

000012e2 <tmos_memory_free>:
    12e2:	400247b7          	lui	a5,0x40024
    12e6:	20c7a803          	lw	a6,524(a5) # 4002420c <_eusrstack+0x2001420c>
    12ea:	2007a623          	sw	zero,524(a5)
    12ee:	0000100f          	fence.i
    12f2:	e501                	bnez	a0,12fa <tmos_memory_free+0x18>
    12f4:	2107a623          	sw	a6,524(a5)
    12f8:	8082                	ret
    12fa:	20001797          	auipc	a5,0x20001
    12fe:	dd278793          	addi	a5,a5,-558 # 200020cc <MemCtlStart>
    1302:	0007ae03          	lw	t3,0(a5)
    1306:	20001797          	auipc	a5,0x20001
    130a:	dbe78793          	addi	a5,a5,-578 # 200020c4 <MemCtlEnd>
    130e:	0007a303          	lw	t1,0(a5)
    1312:	4681                	li	a3,0
    1314:	87f2                	mv	a5,t3
    1316:	0c67f063          	bgeu	a5,t1,13d6 <tmos_memory_free+0xf4>
    131a:	0007a883          	lw	a7,0(a5)
    131e:	0af56f63          	bltu	a0,a5,13dc <tmos_memory_free+0xfa>
    1322:	0aa8ed63          	bltu	a7,a0,13dc <tmos_memory_free+0xfa>
    1326:	00878713          	addi	a4,a5,8
    132a:	0ae56663          	bltu	a0,a4,13d6 <tmos_memory_free+0xf4>
    132e:	0067d603          	lhu	a2,6(a5)
    1332:	6721                	lui	a4,0x8
    1334:	0705                	addi	a4,a4,1 # 8001 <_data_lma+0x6fd>
    1336:	00e61763          	bne	a2,a4,1344 <tmos_memory_free+0x62>
    133a:	8391c703          	lbu	a4,-1991(gp) # 200000c9 <l2capNumRecvDataPkts>
    133e:	0705                	addi	a4,a4,1
    1340:	82e18ca3          	sb	a4,-1991(gp) # 200000c9 <l2capNumRecvDataPkts>
    1344:	20001597          	auipc	a1,0x20001
    1348:	aa458593          	addi	a1,a1,-1372 # 20001de8 <gTmosPara>
    134c:	0047d603          	lhu	a2,4(a5)
    1350:	0065d703          	lhu	a4,6(a1)
    1354:	00079323          	sh	zero,6(a5)
    1358:	9732                	add	a4,a4,a2
    135a:	0742                	slli	a4,a4,0x10
    135c:	8341                	srli	a4,a4,0x10
    135e:	20001517          	auipc	a0,0x20001
    1362:	a8e51823          	sh	a4,-1392(a0) # 20001dee <gTmosPara+0x6>
    1366:	03c78a63          	beq	a5,t3,139a <tmos_memory_free+0xb8>
    136a:	20001517          	auipc	a0,0x20001
    136e:	d5e50513          	addi	a0,a0,-674 # 200020c8 <MemCtlPartition>
    1372:	4108                	lw	a0,0(a0)
    1374:	02f50363          	beq	a0,a5,139a <tmos_memory_free+0xb8>
    1378:	0066d503          	lhu	a0,6(a3)
    137c:	ed19                	bnez	a0,139a <tmos_memory_free+0xb8>
    137e:	0046d783          	lhu	a5,4(a3)
    1382:	0116a023          	sw	a7,0(a3)
    1386:	0721                	addi	a4,a4,8
    1388:	963e                	add	a2,a2,a5
    138a:	0621                	addi	a2,a2,8
    138c:	00c69223          	sh	a2,4(a3)
    1390:	20001797          	auipc	a5,0x20001
    1394:	a4e79f23          	sh	a4,-1442(a5) # 20001dee <gTmosPara+0x6>
    1398:	87b6                	mv	a5,a3
    139a:	4398                	lw	a4,0(a5)
    139c:	02670d63          	beq	a4,t1,13d6 <tmos_memory_free+0xf4>
    13a0:	20001697          	auipc	a3,0x20001
    13a4:	d2868693          	addi	a3,a3,-728 # 200020c8 <MemCtlPartition>
    13a8:	4294                	lw	a3,0(a3)
    13aa:	02d70663          	beq	a4,a3,13d6 <tmos_memory_free+0xf4>
    13ae:	00675683          	lhu	a3,6(a4)
    13b2:	e295                	bnez	a3,13d6 <tmos_memory_free+0xf4>
    13b4:	0047d683          	lhu	a3,4(a5)
    13b8:	00475603          	lhu	a2,4(a4)
    13bc:	4318                	lw	a4,0(a4)
    13be:	06a1                	addi	a3,a3,8
    13c0:	96b2                	add	a3,a3,a2
    13c2:	00d79223          	sh	a3,4(a5)
    13c6:	c398                	sw	a4,0(a5)
    13c8:	0065d783          	lhu	a5,6(a1)
    13cc:	07a1                	addi	a5,a5,8
    13ce:	20001717          	auipc	a4,0x20001
    13d2:	a2f71023          	sh	a5,-1504(a4) # 20001dee <gTmosPara+0x6>
    13d6:	400247b7          	lui	a5,0x40024
    13da:	bf29                	j	12f4 <tmos_memory_free+0x12>
    13dc:	86be                	mv	a3,a5
    13de:	87c6                	mv	a5,a7
    13e0:	bf1d                	j	1316 <tmos_memory_free+0x34>

000013e2 <tmos_bm_adjust_header>:
    13e2:	20001797          	auipc	a5,0x20001
    13e6:	cea78793          	addi	a5,a5,-790 # 200020cc <MemCtlStart>
    13ea:	20001697          	auipc	a3,0x20001
    13ee:	cda68693          	addi	a3,a3,-806 # 200020c4 <MemCtlEnd>
    13f2:	439c                	lw	a5,0(a5)
    13f4:	4290                	lw	a2,0(a3)
    13f6:	872a                	mv	a4,a0
    13f8:	40b505b3          	sub	a1,a0,a1
    13fc:	00f61463          	bne	a2,a5,1404 <tmos_bm_adjust_header+0x22>
    1400:	853a                	mv	a0,a4
    1402:	a829                	j	141c <tmos_bm_adjust_header+0x3a>
    1404:	00878693          	addi	a3,a5,8
    1408:	439c                	lw	a5,0(a5)
    140a:	fed769e3          	bltu	a4,a3,13fc <tmos_bm_adjust_header+0x1a>
    140e:	fef777e3          	bgeu	a4,a5,13fc <tmos_bm_adjust_header+0x1a>
    1412:	852e                	mv	a0,a1
    1414:	fed5e4e3          	bltu	a1,a3,13fc <tmos_bm_adjust_header+0x1a>
    1418:	fef5f2e3          	bgeu	a1,a5,13fc <tmos_bm_adjust_header+0x1a>
    141c:	8082                	ret
	...

00001420 <LLE_IRQHandler>:
    1420:	7119                	addi	sp,sp,-128
    1422:	c206                	sw	ra,4(sp)
    1424:	c412                	sw	tp,8(sp)
    1426:	c616                	sw	t0,12(sp)
    1428:	c81a                	sw	t1,16(sp)
    142a:	ca1e                	sw	t2,20(sp)
    142c:	cc22                	sw	s0,24(sp)
    142e:	ce26                	sw	s1,28(sp)
    1430:	d02a                	sw	a0,32(sp)
    1432:	d22e                	sw	a1,36(sp)
    1434:	d432                	sw	a2,40(sp)
    1436:	d636                	sw	a3,44(sp)
    1438:	d83a                	sw	a4,48(sp)
    143a:	da3e                	sw	a5,52(sp)
    143c:	dc42                	sw	a6,56(sp)
    143e:	de46                	sw	a7,60(sp)
    1440:	c0ca                	sw	s2,64(sp)
    1442:	c2ce                	sw	s3,68(sp)
    1444:	c4d2                	sw	s4,72(sp)
    1446:	c6d6                	sw	s5,76(sp)
    1448:	c8da                	sw	s6,80(sp)
    144a:	cade                	sw	s7,84(sp)
    144c:	cce2                	sw	s8,88(sp)
    144e:	cee6                	sw	s9,92(sp)
    1450:	d0ea                	sw	s10,96(sp)
    1452:	d2ee                	sw	s11,100(sp)
    1454:	d4f2                	sw	t3,104(sp)
    1456:	d6f6                	sw	t4,108(sp)
    1458:	d8fa                	sw	t5,112(sp)
    145a:	dafe                	sw	t6,116(sp)
    145c:	82418593          	addi	a1,gp,-2012 # 200000b4 <g_LLE_IRQLibHandlerLocation>
    1460:	4188                	lw	a0,0(a1)
    1462:	000500e7          	jalr	a0
    1466:	4092                	lw	ra,4(sp)
    1468:	4222                	lw	tp,8(sp)
    146a:	42b2                	lw	t0,12(sp)
    146c:	4342                	lw	t1,16(sp)
    146e:	43d2                	lw	t2,20(sp)
    1470:	4462                	lw	s0,24(sp)
    1472:	44f2                	lw	s1,28(sp)
    1474:	5502                	lw	a0,32(sp)
    1476:	5592                	lw	a1,36(sp)
    1478:	5622                	lw	a2,40(sp)
    147a:	56b2                	lw	a3,44(sp)
    147c:	5742                	lw	a4,48(sp)
    147e:	57d2                	lw	a5,52(sp)
    1480:	5862                	lw	a6,56(sp)
    1482:	58f2                	lw	a7,60(sp)
    1484:	4906                	lw	s2,64(sp)
    1486:	4996                	lw	s3,68(sp)
    1488:	4a26                	lw	s4,72(sp)
    148a:	4ab6                	lw	s5,76(sp)
    148c:	4b46                	lw	s6,80(sp)
    148e:	4bd6                	lw	s7,84(sp)
    1490:	4c66                	lw	s8,88(sp)
    1492:	4cf6                	lw	s9,92(sp)
    1494:	5d06                	lw	s10,96(sp)
    1496:	5d96                	lw	s11,100(sp)
    1498:	5e26                	lw	t3,104(sp)
    149a:	5eb6                	lw	t4,108(sp)
    149c:	5f46                	lw	t5,112(sp)
    149e:	5fd6                	lw	t6,116(sp)
    14a0:	6109                	addi	sp,sp,128
    14a2:	30200073          	mret
	...

000014a8 <ble_controller_scheduler>:
    14a8:	aaeff0ef          	jal	ra,756 <ble_controller_func>
    14ac:	00000073          	ecall
    14b0:	0000                	unimp
	...

000014b4 <LLE_IRQLibHandler>:
    14b4:	83818293          	addi	t0,gp,-1992 # 200000c8 <tmosSign>
    14b8:	00028303          	lb	t1,0(t0) # 40000 <_data_lma+0x386fc>
    14bc:	00028023          	sb	zero,0(t0)
    14c0:	00030f63          	beqz	t1,14de <LLE_IRQLibHandler+0x2a>
    14c4:	341025f3          	csrr	a1,mepc
    14c8:	c02e                	sw	a1,0(sp)
    14ca:	00000597          	auipc	a1,0x0
    14ce:	fde58593          	addi	a1,a1,-34 # 14a8 <ble_controller_scheduler>
    14d2:	34159073          	csrw	mepc,a1
    14d6:	ba7ff0ef          	jal	ra,107c <lle_irq_process>
    14da:	30200073          	mret
    14de:	dc86                	sw	ra,120(sp)
    14e0:	9a5ff0ef          	jal	ra,e84 <LLE_IRQSubHandler>
    14e4:	50e6                	lw	ra,120(sp)
    14e6:	8082                	ret
    14e8:	0000                	unimp
	...

Disassembly of section .text:

000014ec <ledMsg_task_process_event>:
    14ec:	4db012ef          	jal	t0,31c6 <__riscv_save_0>
    14f0:	01059793          	slli	a5,a1,0x10
    14f4:	87c1                	srai	a5,a5,0x10
    14f6:	842e                	mv	s0,a1
    14f8:	0407da63          	bgez	a5,154c <ledMsg_task_process_event+0x60>
    14fc:	d11fe0ef          	jal	ra,20c <tmos_msg_receive>
    1500:	84aa                	mv	s1,a0
    1502:	c91d                	beqz	a0,1538 <ledMsg_task_process_event+0x4c>
    1504:	210c                	lbu	a1,0(a0)
    1506:	47c1                	li	a5,16
    1508:	02f59c63          	bne	a1,a5,1540 <ledMsg_task_process_event+0x54>
    150c:	200007b7          	lui	a5,0x20000
    1510:	0907c503          	lbu	a0,144(a5) # 20000090 <ledMsg_task_id>
    1514:	4589                	li	a1,2
    1516:	1c0030ef          	jal	ra,46d6 <tmos_set_event>
    151a:	651d                	lui	a0,0x7
    151c:	fc850513          	addi	a0,a0,-56 # 6fc8 <LL_InitiateSetRF+0x164>
    1520:	63b010ef          	jal	ra,335a <puts>
    1524:	3090                	lbu	a2,1(s1)
    1526:	208c                	lbu	a1,0(s1)
    1528:	651d                	lui	a0,0x7
    152a:	ffc50513          	addi	a0,a0,-4 # 6ffc <LL_InitiateSetRF+0x198>
    152e:	4ef010ef          	jal	ra,321c <iprintf>
    1532:	8526                	mv	a0,s1
    1534:	7b9020ef          	jal	ra,44ec <tmos_msg_deallocate>
    1538:	6521                	lui	a0,0x8
    153a:	8d21                	xor	a0,a0,s0
    153c:	4af0106f          	j	31ea <__riscv_restore_0>
    1540:	651d                	lui	a0,0x7
    1542:	02050513          	addi	a0,a0,32 # 7020 <LL_InitiateSetRF+0x1bc>
    1546:	4d7010ef          	jal	ra,321c <iprintf>
    154a:	b7e5                	j	1532 <ledMsg_task_process_event+0x46>
    154c:	0015f793          	andi	a5,a1,1
    1550:	cf8d                	beqz	a5,158a <ledMsg_task_process_event+0x9e>
    1552:	4531                	li	a0,12
    1554:	c5dfe0ef          	jal	ra,1b0 <tmos_msg_allocate>
    1558:	84aa                	mv	s1,a0
    155a:	c50d                	beqz	a0,1584 <ledMsg_task_process_event+0x98>
    155c:	47c5                	li	a5,17
    155e:	a11c                	sb	a5,0(a0)
    1560:	200005b7          	lui	a1,0x20000
    1564:	07700793          	li	a5,119
    1568:	b11c                	sb	a5,1(a0)
    156a:	00058593          	mv	a1,a1
    156e:	4629                	li	a2,10
    1570:	0509                	addi	a0,a0,2
    1572:	485010ef          	jal	ra,31f6 <memcpy>
    1576:	200007b7          	lui	a5,0x20000
    157a:	0917c503          	lbu	a0,145(a5) # 20000091 <led_task_id>
    157e:	85a6                	mv	a1,s1
    1580:	7b7020ef          	jal	ra,4536 <tmos_msg_send>
    1584:	00144513          	xori	a0,s0,1
    1588:	bf55                	j	153c <ledMsg_task_process_event+0x50>
    158a:	0025f513          	andi	a0,a1,2
    158e:	d55d                	beqz	a0,153c <ledMsg_task_process_event+0x50>
    1590:	651d                	lui	a0,0x7
    1592:	03450513          	addi	a0,a0,52 # 7034 <LL_InitiateSetRF+0x1d0>
    1596:	5c5010ef          	jal	ra,335a <puts>
    159a:	00244513          	xori	a0,s0,2
    159e:	bf79                	j	153c <ledMsg_task_process_event+0x50>

000015a0 <led_task_process_event>:
    15a0:	40d012ef          	jal	t0,31ac <__riscv_save_4>
    15a4:	01059793          	slli	a5,a1,0x10
    15a8:	87c1                	srai	a5,a5,0x10
    15aa:	842e                	mv	s0,a1
    15ac:	0607d663          	bgez	a5,1618 <led_task_process_event+0x78>
    15b0:	c5dfe0ef          	jal	ra,20c <tmos_msg_receive>
    15b4:	84aa                	mv	s1,a0
    15b6:	c539                	beqz	a0,1604 <led_task_process_event+0x64>
    15b8:	210c                	lbu	a1,0(a0)
    15ba:	47c5                	li	a5,17
    15bc:	04f59863          	bne	a1,a5,160c <led_task_process_event+0x6c>
    15c0:	651d                	lui	a0,0x7
    15c2:	07c50513          	addi	a0,a0,124 # 707c <LL_InitiateSetRF+0x218>
    15c6:	595010ef          	jal	ra,335a <puts>
    15ca:	3090                	lbu	a2,1(s1)
    15cc:	208c                	lbu	a1,0(s1)
    15ce:	651d                	lui	a0,0x7
    15d0:	ffc50513          	addi	a0,a0,-4 # 6ffc <LL_InitiateSetRF+0x198>
    15d4:	449010ef          	jal	ra,321c <iprintf>
    15d8:	651d                	lui	a0,0x7
    15da:	0b050513          	addi	a0,a0,176 # 70b0 <LL_InitiateSetRF+0x24c>
    15de:	43f010ef          	jal	ra,321c <iprintf>
    15e2:	00248913          	addi	s2,s1,2
    15e6:	00c48993          	addi	s3,s1,12
    15ea:	6a1d                	lui	s4,0x7
    15ec:	00094583          	lbu	a1,0(s2)
    15f0:	0b8a0513          	addi	a0,s4,184 # 70b8 <LL_InitiateSetRF+0x254>
    15f4:	0905                	addi	s2,s2,1
    15f6:	427010ef          	jal	ra,321c <iprintf>
    15fa:	ff2999e3          	bne	s3,s2,15ec <led_task_process_event+0x4c>
    15fe:	8526                	mv	a0,s1
    1600:	6ed020ef          	jal	ra,44ec <tmos_msg_deallocate>
    1604:	6521                	lui	a0,0x8
    1606:	8d21                	xor	a0,a0,s0
    1608:	3d90106f          	j	31e0 <__riscv_restore_4>
    160c:	651d                	lui	a0,0x7
    160e:	02050513          	addi	a0,a0,32 # 7020 <LL_InitiateSetRF+0x1bc>
    1612:	40b010ef          	jal	ra,321c <iprintf>
    1616:	b7e5                	j	15fe <led_task_process_event+0x5e>
    1618:	0015f793          	andi	a5,a1,1
    161c:	c79d                	beqz	a5,164a <led_task_process_event+0xaa>
    161e:	4585                	li	a1,1
    1620:	02900513          	li	a0,41
    1624:	4a0010ef          	jal	ra,2ac4 <gpio_write>
    1628:	200007b7          	lui	a5,0x20000
    162c:	0917c503          	lbu	a0,145(a5) # 20000091 <led_task_id>
    1630:	32000613          	li	a2,800
    1634:	4589                	li	a1,2
    1636:	130030ef          	jal	ra,4766 <tmos_start_task>
    163a:	651d                	lui	a0,0x7
    163c:	0bc50513          	addi	a0,a0,188 # 70bc <LL_InitiateSetRF+0x258>
    1640:	51b010ef          	jal	ra,335a <puts>
    1644:	00144513          	xori	a0,s0,1
    1648:	b7c1                	j	1608 <led_task_process_event+0x68>
    164a:	0025f793          	andi	a5,a1,2
    164e:	cf85                	beqz	a5,1686 <led_task_process_event+0xe6>
    1650:	4581                	li	a1,0
    1652:	02900513          	li	a0,41
    1656:	46e010ef          	jal	ra,2ac4 <gpio_write>
    165a:	651d                	lui	a0,0x7
    165c:	0dc50513          	addi	a0,a0,220 # 70dc <LL_InitiateSetRF+0x278>
    1660:	4fb010ef          	jal	ra,335a <puts>
    1664:	200004b7          	lui	s1,0x20000
    1668:	0914c503          	lbu	a0,145(s1) # 20000091 <led_task_id>
    166c:	64000613          	li	a2,1600
    1670:	4585                	li	a1,1
    1672:	0f4030ef          	jal	ra,4766 <tmos_start_task>
    1676:	0914c503          	lbu	a0,145(s1)
    167a:	4591                	li	a1,4
    167c:	05a030ef          	jal	ra,46d6 <tmos_set_event>
    1680:	00244513          	xori	a0,s0,2
    1684:	b751                	j	1608 <led_task_process_event+0x68>
    1686:	0045f513          	andi	a0,a1,4
    168a:	dd3d                	beqz	a0,1608 <led_task_process_event+0x68>
    168c:	651d                	lui	a0,0x7
    168e:	0fc50513          	addi	a0,a0,252 # 70fc <LL_InitiateSetRF+0x298>
    1692:	4c9010ef          	jal	ra,335a <puts>
    1696:	4509                	li	a0,2
    1698:	b19fe0ef          	jal	ra,1b0 <tmos_msg_allocate>
    169c:	85aa                	mv	a1,a0
    169e:	cd01                	beqz	a0,16b6 <led_task_process_event+0x116>
    16a0:	47c1                	li	a5,16
    16a2:	a11c                	sb	a5,0(a0)
    16a4:	05500793          	li	a5,85
    16a8:	b11c                	sb	a5,1(a0)
    16aa:	200007b7          	lui	a5,0x20000
    16ae:	0907c503          	lbu	a0,144(a5) # 20000090 <ledMsg_task_id>
    16b2:	685020ef          	jal	ra,4536 <tmos_msg_send>
    16b6:	00444513          	xori	a0,s0,4
    16ba:	b7b9                	j	1608 <led_task_process_event+0x68>

000016bc <led_task_init>:
    16bc:	30b012ef          	jal	t0,31c6 <__riscv_save_0>
    16c0:	6505                	lui	a0,0x1
    16c2:	5a050513          	addi	a0,a0,1440 # 15a0 <led_task_process_event>
    16c6:	418030ef          	jal	ra,4ade <TMOS_ProcessEventRegister>
    16ca:	20000437          	lui	s0,0x20000
    16ce:	08a408a3          	sb	a0,145(s0) # 20000091 <led_task_id>
    16d2:	6505                	lui	a0,0x1
    16d4:	4ec50513          	addi	a0,a0,1260 # 14ec <ledMsg_task_process_event>
    16d8:	406030ef          	jal	ra,4ade <TMOS_ProcessEventRegister>
    16dc:	200004b7          	lui	s1,0x20000
    16e0:	08a48823          	sb	a0,144(s1) # 20000090 <ledMsg_task_id>
    16e4:	09144503          	lbu	a0,145(s0)
    16e8:	4585                	li	a1,1
    16ea:	7ed020ef          	jal	ra,46d6 <tmos_set_event>
    16ee:	09144503          	lbu	a0,145(s0)
    16f2:	64000613          	li	a2,1600
    16f6:	4589                	li	a1,2
    16f8:	06e030ef          	jal	ra,4766 <tmos_start_task>
    16fc:	0904c503          	lbu	a0,144(s1)
    1700:	6605                	lui	a2,0x1
    1702:	c8060613          	addi	a2,a2,-896 # c80 <ll_tx_wait_finish+0xd6>
    1706:	4585                	li	a1,1
    1708:	1ba030ef          	jal	ra,48c2 <tmos_start_reload_task>
    170c:	2df0106f          	j	31ea <__riscv_restore_0>

00001710 <ADC1_2_IRQHandler>:
    1710:	a001                	j	1710 <ADC1_2_IRQHandler>

00001712 <handle_reset>:
    1712:	1ffff197          	auipc	gp,0x1ffff
    1716:	17e18193          	addi	gp,gp,382 # 20000890 <__global_pointer$>
    171a:	2000f117          	auipc	sp,0x2000f
    171e:	8e610113          	addi	sp,sp,-1818 # 20010000 <_eusrstack>
    1722:	00006517          	auipc	a0,0x6
    1726:	1e250513          	addi	a0,a0,482 # 7904 <_data_lma>
    172a:	1ffff597          	auipc	a1,0x1ffff
    172e:	8d658593          	addi	a1,a1,-1834 # 20000000 <test_data>
    1732:	81c18613          	addi	a2,gp,-2020 # 200000ac <_edata>
    1736:	00c5fa63          	bgeu	a1,a2,174a <handle_reset+0x38>
    173a:	00052283          	lw	t0,0(a0)
    173e:	0055a023          	sw	t0,0(a1)
    1742:	0511                	addi	a0,a0,4
    1744:	0591                	addi	a1,a1,4
    1746:	fec5eae3          	bltu	a1,a2,173a <handle_reset+0x28>
    174a:	82018513          	addi	a0,gp,-2016 # 200000b0 <NVIC_Priority_Group>
    174e:	20001597          	auipc	a1,0x20001
    1752:	98658593          	addi	a1,a1,-1658 # 200020d4 <_ebss>
    1756:	00b57763          	bgeu	a0,a1,1764 <handle_reset+0x52>
    175a:	00052023          	sw	zero,0(a0)
    175e:	0511                	addi	a0,a0,4
    1760:	feb56de3          	bltu	a0,a1,175a <handle_reset+0x48>
    1764:	42fd                	li	t0,31
    1766:	bc029073          	csrw	0xbc0,t0
    176a:	428d                	li	t0,3
    176c:	80429073          	csrw	0x804,t0
    1770:	08800293          	li	t0,136
    1774:	30029073          	csrw	mstatus,t0
    1778:	fffff297          	auipc	t0,0xfffff
    177c:	88c28293          	addi	t0,t0,-1908 # 4 <_einit>
    1780:	0032e293          	ori	t0,t0,3
    1784:	30529073          	csrw	mtvec,t0
    1788:	4c6010ef          	jal	ra,2c4e <SystemInit>
    178c:	00001297          	auipc	t0,0x1
    1790:	49028293          	addi	t0,t0,1168 # 2c1c <main>
    1794:	34129073          	csrw	mepc,t0
    1798:	30200073          	mret

0000179c <ADC_DeInit>:
    179c:	22b012ef          	jal	t0,31c6 <__riscv_save_0>
    17a0:	400127b7          	lui	a5,0x40012
    17a4:	40078793          	addi	a5,a5,1024 # 40012400 <_eusrstack+0x20002400>
    17a8:	00f51c63          	bne	a0,a5,17c0 <ADC_DeInit+0x24>
    17ac:	4585                	li	a1,1
    17ae:	20000513          	li	a0,512
    17b2:	235d                	jal	1d58 <RCC_APB2PeriphResetCmd>
    17b4:	4581                	li	a1,0
    17b6:	20000513          	li	a0,512
    17ba:	2b79                	jal	1d58 <RCC_APB2PeriphResetCmd>
    17bc:	22f0106f          	j	31ea <__riscv_restore_0>
    17c0:	400137b7          	lui	a5,0x40013
    17c4:	80078793          	addi	a5,a5,-2048 # 40012800 <_eusrstack+0x20002800>
    17c8:	fef51ae3          	bne	a0,a5,17bc <ADC_DeInit+0x20>
    17cc:	4585                	li	a1,1
    17ce:	40000513          	li	a0,1024
    17d2:	2359                	jal	1d58 <RCC_APB2PeriphResetCmd>
    17d4:	4581                	li	a1,0
    17d6:	40000513          	li	a0,1024
    17da:	b7c5                	j	17ba <ADC_DeInit+0x1e>

000017dc <ADC_Init>:
    17dc:	4158                	lw	a4,4(a0)
    17de:	e0f107b7          	lui	a5,0xe0f10
    17e2:	eff78793          	addi	a5,a5,-257 # e0f0feff <_eusrstack+0xc0effeff>
    17e6:	4d94                	lw	a3,24(a1)
    17e8:	8f7d                	and	a4,a4,a5
    17ea:	419c                	lw	a5,0(a1)
    17ec:	8fd5                	or	a5,a5,a3
    17ee:	4dd4                	lw	a3,28(a1)
    17f0:	8fd5                	or	a5,a5,a3
    17f2:	41d4                	lw	a3,4(a1)
    17f4:	06a2                	slli	a3,a3,0x8
    17f6:	8fd5                	or	a5,a5,a3
    17f8:	8fd9                	or	a5,a5,a4
    17fa:	c15c                	sw	a5,4(a0)
    17fc:	4518                	lw	a4,8(a0)
    17fe:	fff1f7b7          	lui	a5,0xfff1f
    1802:	7fd78793          	addi	a5,a5,2045 # fff1f7fd <_eusrstack+0xdff0f7fd>
    1806:	45d4                	lw	a3,12(a1)
    1808:	8f7d                	and	a4,a4,a5
    180a:	499c                	lw	a5,16(a1)
    180c:	8fd5                	or	a5,a5,a3
    180e:	4594                	lw	a3,8(a1)
    1810:	0686                	slli	a3,a3,0x1
    1812:	8fd5                	or	a5,a5,a3
    1814:	8fd9                	or	a5,a5,a4
    1816:	c51c                	sw	a5,8(a0)
    1818:	5558                	lw	a4,44(a0)
    181a:	ff1007b7          	lui	a5,0xff100
    181e:	17fd                	addi	a5,a5,-1 # ff0fffff <_eusrstack+0xdf0effff>
    1820:	8f7d                	and	a4,a4,a5
    1822:	29dc                	lbu	a5,20(a1)
    1824:	17fd                	addi	a5,a5,-1
    1826:	0ff7f793          	zext.b	a5,a5
    182a:	07d2                	slli	a5,a5,0x14
    182c:	8fd9                	or	a5,a5,a4
    182e:	d55c                	sw	a5,44(a0)
    1830:	8082                	ret

00001832 <ADC_Cmd>:
    1832:	451c                	lw	a5,8(a0)
    1834:	c589                	beqz	a1,183e <ADC_Cmd+0xc>
    1836:	0017e793          	ori	a5,a5,1
    183a:	c51c                	sw	a5,8(a0)
    183c:	8082                	ret
    183e:	9bf9                	andi	a5,a5,-2
    1840:	bfed                	j	183a <ADC_Cmd+0x8>

00001842 <ADC_SoftwareStartConvCmd>:
    1842:	451c                	lw	a5,8(a0)
    1844:	c591                	beqz	a1,1850 <ADC_SoftwareStartConvCmd+0xe>
    1846:	00500737          	lui	a4,0x500
    184a:	8fd9                	or	a5,a5,a4
    184c:	c51c                	sw	a5,8(a0)
    184e:	8082                	ret
    1850:	ffb00737          	lui	a4,0xffb00
    1854:	177d                	addi	a4,a4,-1 # ffafffff <_eusrstack+0xdfaeffff>
    1856:	8ff9                	and	a5,a5,a4
    1858:	bfd5                	j	184c <ADC_SoftwareStartConvCmd+0xa>

0000185a <ADC_RegularChannelConfig>:
    185a:	47a5                	li	a5,9
    185c:	04b7f763          	bgeu	a5,a1,18aa <ADC_RegularChannelConfig+0x50>
    1860:	478d                	li	a5,3
    1862:	ff658713          	addi	a4,a1,-10
    1866:	02f70733          	mul	a4,a4,a5
    186a:	00c52803          	lw	a6,12(a0)
    186e:	479d                	li	a5,7
    1870:	00e797b3          	sll	a5,a5,a4
    1874:	fff7c793          	not	a5,a5
    1878:	0107f7b3          	and	a5,a5,a6
    187c:	00e696b3          	sll	a3,a3,a4
    1880:	8edd                	or	a3,a3,a5
    1882:	c554                	sw	a3,12(a0)
    1884:	4799                	li	a5,6
    1886:	04c7e363          	bltu	a5,a2,18cc <ADC_RegularChannelConfig+0x72>
    188a:	4795                	li	a5,5
    188c:	167d                	addi	a2,a2,-1
    188e:	02f60633          	mul	a2,a2,a5
    1892:	5958                	lw	a4,52(a0)
    1894:	47fd                	li	a5,31
    1896:	00c797b3          	sll	a5,a5,a2
    189a:	fff7c793          	not	a5,a5
    189e:	8ff9                	and	a5,a5,a4
    18a0:	00c59633          	sll	a2,a1,a2
    18a4:	8e5d                	or	a2,a2,a5
    18a6:	d950                	sw	a2,52(a0)
    18a8:	8082                	ret
    18aa:	470d                	li	a4,3
    18ac:	02e58733          	mul	a4,a1,a4
    18b0:	01052803          	lw	a6,16(a0)
    18b4:	479d                	li	a5,7
    18b6:	00e797b3          	sll	a5,a5,a4
    18ba:	fff7c793          	not	a5,a5
    18be:	0107f7b3          	and	a5,a5,a6
    18c2:	00e696b3          	sll	a3,a3,a4
    18c6:	8edd                	or	a3,a3,a5
    18c8:	c914                	sw	a3,16(a0)
    18ca:	bf6d                	j	1884 <ADC_RegularChannelConfig+0x2a>
    18cc:	47b1                	li	a5,12
    18ce:	02c7e263          	bltu	a5,a2,18f2 <ADC_RegularChannelConfig+0x98>
    18d2:	4795                	li	a5,5
    18d4:	1665                	addi	a2,a2,-7
    18d6:	02f60633          	mul	a2,a2,a5
    18da:	5918                	lw	a4,48(a0)
    18dc:	47fd                	li	a5,31
    18de:	00c797b3          	sll	a5,a5,a2
    18e2:	fff7c793          	not	a5,a5
    18e6:	8ff9                	and	a5,a5,a4
    18e8:	00c59633          	sll	a2,a1,a2
    18ec:	8e5d                	or	a2,a2,a5
    18ee:	d910                	sw	a2,48(a0)
    18f0:	8082                	ret
    18f2:	4795                	li	a5,5
    18f4:	164d                	addi	a2,a2,-13
    18f6:	02f60633          	mul	a2,a2,a5
    18fa:	5558                	lw	a4,44(a0)
    18fc:	47fd                	li	a5,31
    18fe:	00c797b3          	sll	a5,a5,a2
    1902:	fff7c793          	not	a5,a5
    1906:	8ff9                	and	a5,a5,a4
    1908:	00c595b3          	sll	a1,a1,a2
    190c:	8ddd                	or	a1,a1,a5
    190e:	d54c                	sw	a1,44(a0)
    1910:	8082                	ret

00001912 <ADC_GetConversionValue>:
    1912:	4568                	lw	a0,76(a0)
    1914:	0542                	slli	a0,a0,0x10
    1916:	8141                	srli	a0,a0,0x10
    1918:	8082                	ret

0000191a <ADC_TempSensorVrefintCmd>:
    191a:	400127b7          	lui	a5,0x40012
    191e:	40078793          	addi	a5,a5,1024 # 40012400 <_eusrstack+0x20002400>
    1922:	4798                	lw	a4,8(a5)
    1924:	c511                	beqz	a0,1930 <ADC_TempSensorVrefintCmd+0x16>
    1926:	008006b7          	lui	a3,0x800
    192a:	8f55                	or	a4,a4,a3
    192c:	c798                	sw	a4,8(a5)
    192e:	8082                	ret
    1930:	ff8006b7          	lui	a3,0xff800
    1934:	16fd                	addi	a3,a3,-1 # ff7fffff <_eusrstack+0xdf7effff>
    1936:	8f75                	and	a4,a4,a3
    1938:	bfd5                	j	192c <ADC_TempSensorVrefintCmd+0x12>

0000193a <ADC_GetFlagStatus>:
    193a:	411c                	lw	a5,0(a0)
    193c:	00f5f533          	and	a0,a1,a5
    1940:	00a03533          	snez	a0,a0
    1944:	8082                	ret

00001946 <ADC_BufferCmd>:
    1946:	415c                	lw	a5,4(a0)
    1948:	c591                	beqz	a1,1954 <ADC_BufferCmd+0xe>
    194a:	04000737          	lui	a4,0x4000
    194e:	8fd9                	or	a5,a5,a4
    1950:	c15c                	sw	a5,4(a0)
    1952:	8082                	ret
    1954:	fc000737          	lui	a4,0xfc000
    1958:	177d                	addi	a4,a4,-1 # fbffffff <_eusrstack+0xdbfeffff>
    195a:	8ff9                	and	a5,a5,a4
    195c:	bfd5                	j	1950 <ADC_BufferCmd+0xa>

0000195e <EXTI_GetITStatus>:
    195e:	400107b7          	lui	a5,0x40010
    1962:	40078793          	addi	a5,a5,1024 # 40010400 <_eusrstack+0x20000400>
    1966:	4394                	lw	a3,0(a5)
    1968:	4bdc                	lw	a5,20(a5)
    196a:	872a                	mv	a4,a0
    196c:	8d7d                	and	a0,a0,a5
    196e:	c501                	beqz	a0,1976 <EXTI_GetITStatus+0x18>
    1970:	8ef9                	and	a3,a3,a4
    1972:	00d03533          	snez	a0,a3
    1976:	8082                	ret

00001978 <EXTI_ClearITPendingBit>:
    1978:	400107b7          	lui	a5,0x40010
    197c:	40078793          	addi	a5,a5,1024 # 40010400 <_eusrstack+0x20000400>
    1980:	cbc8                	sw	a0,20(a5)
    1982:	8082                	ret

00001984 <FLASH_Unlock_Fast>:
    1984:	456706b7          	lui	a3,0x45670
    1988:	400227b7          	lui	a5,0x40022
    198c:	12368693          	addi	a3,a3,291 # 45670123 <_eusrstack+0x25660123>
    1990:	cdef9737          	lui	a4,0xcdef9
    1994:	c3d4                	sw	a3,4(a5)
    1996:	9ab70713          	addi	a4,a4,-1621 # cdef89ab <_eusrstack+0xadee89ab>
    199a:	c3d8                	sw	a4,4(a5)
    199c:	d3d4                	sw	a3,36(a5)
    199e:	d3d8                	sw	a4,36(a5)
    19a0:	8082                	ret

000019a2 <FLASH_Lock_Fast>:
    19a2:	40022737          	lui	a4,0x40022
    19a6:	4b1c                	lw	a5,16(a4)
    19a8:	66a1                	lui	a3,0x8
    19aa:	8fd5                	or	a5,a5,a3
    19ac:	cb1c                	sw	a5,16(a4)
    19ae:	8082                	ret

000019b0 <FLASH_ErasePage_Fast>:
    19b0:	400227b7          	lui	a5,0x40022
    19b4:	4b98                	lw	a4,16(a5)
    19b6:	000206b7          	lui	a3,0x20
    19ba:	f0057513          	andi	a0,a0,-256
    19be:	8f55                	or	a4,a4,a3
    19c0:	cb98                	sw	a4,16(a5)
    19c2:	cbc8                	sw	a0,20(a5)
    19c4:	4b98                	lw	a4,16(a5)
    19c6:	04076713          	ori	a4,a4,64
    19ca:	cb98                	sw	a4,16(a5)
    19cc:	47d8                	lw	a4,12(a5)
    19ce:	8b05                	andi	a4,a4,1
    19d0:	ff75                	bnez	a4,19cc <FLASH_ErasePage_Fast+0x1c>
    19d2:	4b98                	lw	a4,16(a5)
    19d4:	7681                	lui	a3,0xfffe0
    19d6:	16fd                	addi	a3,a3,-1 # fffdffff <_eusrstack+0xdffcffff>
    19d8:	8f75                	and	a4,a4,a3
    19da:	cb98                	sw	a4,16(a5)
    19dc:	8082                	ret

000019de <FLASH_ProgramPage_Fast>:
    19de:	40022737          	lui	a4,0x40022
    19e2:	4b1c                	lw	a5,16(a4)
    19e4:	66c1                	lui	a3,0x10
    19e6:	f0057513          	andi	a0,a0,-256
    19ea:	8fd5                	or	a5,a5,a3
    19ec:	cb1c                	sw	a5,16(a4)
    19ee:	475c                	lw	a5,12(a4)
    19f0:	8b85                	andi	a5,a5,1
    19f2:	fff5                	bnez	a5,19ee <FLASH_ProgramPage_Fast+0x10>
    19f4:	40022737          	lui	a4,0x40022
    19f8:	475c                	lw	a5,12(a4)
    19fa:	8b89                	andi	a5,a5,2
    19fc:	fff5                	bnez	a5,19f8 <FLASH_ProgramPage_Fast+0x1a>
    19fe:	40022737          	lui	a4,0x40022
    1a02:	10000613          	li	a2,256
    1a06:	00f586b3          	add	a3,a1,a5
    1a0a:	0006a803          	lw	a6,0(a3) # 10000 <_data_lma+0x86fc>
    1a0e:	00a786b3          	add	a3,a5,a0
    1a12:	0106a023          	sw	a6,0(a3)
    1a16:	4754                	lw	a3,12(a4)
    1a18:	8a89                	andi	a3,a3,2
    1a1a:	fef5                	bnez	a3,1a16 <FLASH_ProgramPage_Fast+0x38>
    1a1c:	0791                	addi	a5,a5,4 # 40022004 <_eusrstack+0x20012004>
    1a1e:	fec794e3          	bne	a5,a2,1a06 <FLASH_ProgramPage_Fast+0x28>
    1a22:	4b1c                	lw	a5,16(a4)
    1a24:	002006b7          	lui	a3,0x200
    1a28:	8fd5                	or	a5,a5,a3
    1a2a:	cb1c                	sw	a5,16(a4)
    1a2c:	400227b7          	lui	a5,0x40022
    1a30:	47d8                	lw	a4,12(a5)
    1a32:	8b05                	andi	a4,a4,1
    1a34:	ff75                	bnez	a4,1a30 <FLASH_ProgramPage_Fast+0x52>
    1a36:	4b98                	lw	a4,16(a5)
    1a38:	76c1                	lui	a3,0xffff0
    1a3a:	16fd                	addi	a3,a3,-1 # fffeffff <_eusrstack+0xdffdffff>
    1a3c:	8f75                	and	a4,a4,a3
    1a3e:	cb98                	sw	a4,16(a5)
    1a40:	8082                	ret

00001a42 <FLASH_GetMACAddress>:
    1a42:	1ffff737          	lui	a4,0x1ffff
    1a46:	7e872783          	lw	a5,2024(a4) # 1ffff7e8 <_data_lma+0x1fff7ee4>
    1a4a:	0087d693          	srli	a3,a5,0x8
    1a4e:	a11c                	sb	a5,0(a0)
    1a50:	b114                	sb	a3,1(a0)
    1a52:	0107d693          	srli	a3,a5,0x10
    1a56:	83e1                	srli	a5,a5,0x18
    1a58:	a134                	sb	a3,2(a0)
    1a5a:	b13c                	sb	a5,3(a0)
    1a5c:	7ec72783          	lw	a5,2028(a4)
    1a60:	a15c                	sb	a5,4(a0)
    1a62:	83a1                	srli	a5,a5,0x8
    1a64:	b15c                	sb	a5,5(a0)
    1a66:	8082                	ret

00001a68 <GPIO_Init>:
    1a68:	459c                	lw	a5,8(a1)
    1a6a:	0107f713          	andi	a4,a5,16
    1a6e:	00f7f813          	andi	a6,a5,15
    1a72:	c701                	beqz	a4,1a7a <GPIO_Init+0x12>
    1a74:	41d8                	lw	a4,4(a1)
    1a76:	00e86833          	or	a6,a6,a4
    1a7a:	218e                	lhu	a1,0(a1)
    1a7c:	0ff5f713          	zext.b	a4,a1
    1a80:	c331                	beqz	a4,1ac4 <GPIO_Init+0x5c>
    1a82:	4118                	lw	a4,0(a0)
    1a84:	4681                	li	a3,0
    1a86:	4e05                	li	t3,1
    1a88:	02800e93          	li	t4,40
    1a8c:	4f3d                	li	t5,15
    1a8e:	04800f93          	li	t6,72
    1a92:	4321                	li	t1,8
    1a94:	00de1633          	sll	a2,t3,a3
    1a98:	00c5f8b3          	and	a7,a1,a2
    1a9c:	03161063          	bne	a2,a7,1abc <GPIO_Init+0x54>
    1aa0:	07d79a63          	bne	a5,t4,1b14 <GPIO_Init+0xac>
    1aa4:	c950                	sw	a2,20(a0)
    1aa6:	00269613          	slli	a2,a3,0x2
    1aaa:	00cf18b3          	sll	a7,t5,a2
    1aae:	fff8c893          	not	a7,a7
    1ab2:	00e8f733          	and	a4,a7,a4
    1ab6:	00c81633          	sll	a2,a6,a2
    1aba:	8f51                	or	a4,a4,a2
    1abc:	0685                	addi	a3,a3,1
    1abe:	fc669be3          	bne	a3,t1,1a94 <GPIO_Init+0x2c>
    1ac2:	c118                	sw	a4,0(a0)
    1ac4:	0ff00713          	li	a4,255
    1ac8:	04b77563          	bgeu	a4,a1,1b12 <GPIO_Init+0xaa>
    1acc:	4154                	lw	a3,4(a0)
    1ace:	4601                	li	a2,0
    1ad0:	4e05                	li	t3,1
    1ad2:	02800e93          	li	t4,40
    1ad6:	04800f13          	li	t5,72
    1ada:	4321                	li	t1,8
    1adc:	00860713          	addi	a4,a2,8
    1ae0:	00ee1733          	sll	a4,t3,a4
    1ae4:	00e5f8b3          	and	a7,a1,a4
    1ae8:	03171163          	bne	a4,a7,1b0a <GPIO_Init+0xa2>
    1aec:	03d79863          	bne	a5,t4,1b1c <GPIO_Init+0xb4>
    1af0:	c958                	sw	a4,20(a0)
    1af2:	00261893          	slli	a7,a2,0x2
    1af6:	473d                	li	a4,15
    1af8:	01171733          	sll	a4,a4,a7
    1afc:	fff74713          	not	a4,a4
    1b00:	8ef9                	and	a3,a3,a4
    1b02:	011818b3          	sll	a7,a6,a7
    1b06:	00d8e6b3          	or	a3,a7,a3
    1b0a:	0605                	addi	a2,a2,1
    1b0c:	fc6618e3          	bne	a2,t1,1adc <GPIO_Init+0x74>
    1b10:	c154                	sw	a3,4(a0)
    1b12:	8082                	ret
    1b14:	f9f799e3          	bne	a5,t6,1aa6 <GPIO_Init+0x3e>
    1b18:	c910                	sw	a2,16(a0)
    1b1a:	b771                	j	1aa6 <GPIO_Init+0x3e>
    1b1c:	fde79be3          	bne	a5,t5,1af2 <GPIO_Init+0x8a>
    1b20:	c918                	sw	a4,16(a0)
    1b22:	bfc1                	j	1af2 <GPIO_Init+0x8a>

00001b24 <GPIO_WriteBit>:
    1b24:	c219                	beqz	a2,1b2a <GPIO_WriteBit+0x6>
    1b26:	c90c                	sw	a1,16(a0)
    1b28:	8082                	ret
    1b2a:	c94c                	sw	a1,20(a0)
    1b2c:	8082                	ret

00001b2e <NVIC_Init>:
    1b2e:	8201a703          	lw	a4,-2016(gp) # 200000b0 <NVIC_Priority_Group>
    1b32:	4785                	li	a5,1
    1b34:	2114                	lbu	a3,0(a0)
    1b36:	02f71063          	bne	a4,a5,1b56 <NVIC_Init+0x28>
    1b3a:	311c                	lbu	a5,1(a0)
    1b3c:	02e79c63          	bne	a5,a4,1b74 <NVIC_Init+0x46>
    1b40:	213c                	lbu	a5,2(a0)
    1b42:	0796                	slli	a5,a5,0x5
    1b44:	f807e793          	ori	a5,a5,-128
    1b48:	e000e737          	lui	a4,0xe000e
    1b4c:	0ff7f793          	zext.b	a5,a5
    1b50:	9736                	add	a4,a4,a3
    1b52:	40f70023          	sb	a5,1024(a4) # e000e400 <_eusrstack+0xbfffe400>
    1b56:	4705                	li	a4,1
    1b58:	0056d793          	srli	a5,a3,0x5
    1b5c:	00d71733          	sll	a4,a4,a3
    1b60:	4154                	lw	a3,4(a0)
    1b62:	ce89                	beqz	a3,1b7c <NVIC_Init+0x4e>
    1b64:	04078793          	addi	a5,a5,64 # 40022040 <_eusrstack+0x20012040>
    1b68:	078a                	slli	a5,a5,0x2
    1b6a:	e000e6b7          	lui	a3,0xe000e
    1b6e:	97b6                	add	a5,a5,a3
    1b70:	c398                	sw	a4,0(a5)
    1b72:	8082                	ret
    1b74:	f3ed                	bnez	a5,1b56 <NVIC_Init+0x28>
    1b76:	213c                	lbu	a5,2(a0)
    1b78:	0796                	slli	a5,a5,0x5
    1b7a:	b7f9                	j	1b48 <NVIC_Init+0x1a>
    1b7c:	06078793          	addi	a5,a5,96
    1b80:	e000e6b7          	lui	a3,0xe000e
    1b84:	078a                	slli	a5,a5,0x2
    1b86:	97b6                	add	a5,a5,a3
    1b88:	c398                	sw	a4,0(a5)
    1b8a:	0000100f          	fence.i
    1b8e:	8082                	ret

00001b90 <PWR_BackupAccessCmd>:
    1b90:	40007737          	lui	a4,0x40007
    1b94:	431c                	lw	a5,0(a4)
    1b96:	c509                	beqz	a0,1ba0 <PWR_BackupAccessCmd+0x10>
    1b98:	1007e793          	ori	a5,a5,256
    1b9c:	c31c                	sw	a5,0(a4)
    1b9e:	8082                	ret
    1ba0:	eff7f793          	andi	a5,a5,-257
    1ba4:	bfe5                	j	1b9c <PWR_BackupAccessCmd+0xc>

00001ba6 <RCC_ADCCLKConfig>:
    1ba6:	400216b7          	lui	a3,0x40021
    1baa:	42dc                	lw	a5,4(a3)
    1bac:	7751                	lui	a4,0xffff4
    1bae:	177d                	addi	a4,a4,-1 # ffff3fff <_eusrstack+0xdffe3fff>
    1bb0:	8ff9                	and	a5,a5,a4
    1bb2:	8fc9                	or	a5,a5,a0
    1bb4:	c2dc                	sw	a5,4(a3)
    1bb6:	8082                	ret

00001bb8 <RCC_LSEConfig>:
    1bb8:	400217b7          	lui	a5,0x40021
    1bbc:	02078023          	sb	zero,32(a5) # 40021020 <_eusrstack+0x20011020>
    1bc0:	02078023          	sb	zero,32(a5)
    1bc4:	4705                	li	a4,1
    1bc6:	00e50663          	beq	a0,a4,1bd2 <RCC_LSEConfig+0x1a>
    1bca:	4711                	li	a4,4
    1bcc:	00e50663          	beq	a0,a4,1bd8 <RCC_LSEConfig+0x20>
    1bd0:	8082                	ret
    1bd2:	02a78023          	sb	a0,32(a5)
    1bd6:	8082                	ret
    1bd8:	4715                	li	a4,5
    1bda:	02e78023          	sb	a4,32(a5)
    1bde:	8082                	ret

00001be0 <RCC_LSICmd>:
    1be0:	40021737          	lui	a4,0x40021
    1be4:	535c                	lw	a5,36(a4)
    1be6:	c509                	beqz	a0,1bf0 <RCC_LSICmd+0x10>
    1be8:	0017e793          	ori	a5,a5,1
    1bec:	d35c                	sw	a5,36(a4)
    1bee:	8082                	ret
    1bf0:	9bf9                	andi	a5,a5,-2
    1bf2:	bfed                	j	1bec <RCC_LSICmd+0xc>

00001bf4 <RCC_RTCCLKConfig>:
    1bf4:	40021737          	lui	a4,0x40021
    1bf8:	531c                	lw	a5,32(a4)
    1bfa:	8fc9                	or	a5,a5,a0
    1bfc:	d31c                	sw	a5,32(a4)
    1bfe:	8082                	ret

00001c00 <RCC_RTCCLKCmd>:
    1c00:	c901                	beqz	a0,1c10 <RCC_RTCCLKCmd+0x10>
    1c02:	40021737          	lui	a4,0x40021
    1c06:	531c                	lw	a5,32(a4)
    1c08:	66a1                	lui	a3,0x8
    1c0a:	8fd5                	or	a5,a5,a3
    1c0c:	d31c                	sw	a5,32(a4)
    1c0e:	8082                	ret
    1c10:	400216b7          	lui	a3,0x40021
    1c14:	529c                	lw	a5,32(a3)
    1c16:	7761                	lui	a4,0xffff8
    1c18:	177d                	addi	a4,a4,-1 # ffff7fff <_eusrstack+0xdffe7fff>
    1c1a:	8ff9                	and	a5,a5,a4
    1c1c:	d29c                	sw	a5,32(a3)
    1c1e:	8082                	ret

00001c20 <RCC_GetClocksFreq>:
    1c20:	40021737          	lui	a4,0x40021
    1c24:	435c                	lw	a5,4(a4)
    1c26:	4691                	li	a3,4
    1c28:	8bb1                	andi	a5,a5,12
    1c2a:	0cd78063          	beq	a5,a3,1cea <RCC_GetClocksFreq+0xca>
    1c2e:	46a1                	li	a3,8
    1c30:	0cd79263          	bne	a5,a3,1cf4 <RCC_GetClocksFreq+0xd4>
    1c34:	435c                	lw	a5,4(a4)
    1c36:	4358                	lw	a4,4(a4)
    1c38:	66c1                	lui	a3,0x10
    1c3a:	83c9                	srli	a5,a5,0x12
    1c3c:	8bbd                	andi	a5,a5,15
    1c3e:	8f75                	and	a4,a4,a3
    1c40:	0789                	addi	a5,a5,2
    1c42:	46c5                	li	a3,17
    1c44:	00d79363          	bne	a5,a3,1c4a <RCC_GetClocksFreq+0x2a>
    1c48:	47c9                	li	a5,18
    1c4a:	ef01                	bnez	a4,1c62 <RCC_GetClocksFreq+0x42>
    1c4c:	40024737          	lui	a4,0x40024
    1c50:	80072703          	lw	a4,-2048(a4) # 40023800 <_eusrstack+0x20013800>
    1c54:	8b41                	andi	a4,a4,16
    1c56:	c749                	beqz	a4,1ce0 <RCC_GetClocksFreq+0xc0>
    1c58:	007a1737          	lui	a4,0x7a1
    1c5c:	20070713          	addi	a4,a4,512 # 7a1200 <_data_lma+0x7998fc>
    1c60:	a829                	j	1c7a <RCC_GetClocksFreq+0x5a>
    1c62:	400216b7          	lui	a3,0x40021
    1c66:	42d8                	lw	a4,4(a3)
    1c68:	00c00637          	lui	a2,0xc00
    1c6c:	8f71                	and	a4,a4,a2
    1c6e:	06c71463          	bne	a4,a2,1cd6 <RCC_GetClocksFreq+0xb6>
    1c72:	00f42737          	lui	a4,0xf42
    1c76:	40070713          	addi	a4,a4,1024 # f42400 <_data_lma+0xf3aafc>
    1c7a:	02e787b3          	mul	a5,a5,a4
    1c7e:	c11c                	sw	a5,0(a0)
    1c80:	40021637          	lui	a2,0x40021
    1c84:	4254                	lw	a3,4(a2)
    1c86:	20000737          	lui	a4,0x20000
    1c8a:	00c70713          	addi	a4,a4,12 # 2000000c <APBAHBPrescTable>
    1c8e:	8291                	srli	a3,a3,0x4
    1c90:	8abd                	andi	a3,a3,15
    1c92:	96ba                	add	a3,a3,a4
    1c94:	2294                	lbu	a3,0(a3)
    1c96:	00d7d7b3          	srl	a5,a5,a3
    1c9a:	c15c                	sw	a5,4(a0)
    1c9c:	4254                	lw	a3,4(a2)
    1c9e:	82a1                	srli	a3,a3,0x8
    1ca0:	8a9d                	andi	a3,a3,7
    1ca2:	96ba                	add	a3,a3,a4
    1ca4:	2294                	lbu	a3,0(a3)
    1ca6:	00d7d6b3          	srl	a3,a5,a3
    1caa:	c514                	sw	a3,8(a0)
    1cac:	4254                	lw	a3,4(a2)
    1cae:	82ad                	srli	a3,a3,0xb
    1cb0:	8a9d                	andi	a3,a3,7
    1cb2:	9736                	add	a4,a4,a3
    1cb4:	2318                	lbu	a4,0(a4)
    1cb6:	200006b7          	lui	a3,0x20000
    1cba:	09468693          	addi	a3,a3,148 # 20000094 <ADCPrescTable>
    1cbe:	00e7d7b3          	srl	a5,a5,a4
    1cc2:	c55c                	sw	a5,12(a0)
    1cc4:	4258                	lw	a4,4(a2)
    1cc6:	8339                	srli	a4,a4,0xe
    1cc8:	8b0d                	andi	a4,a4,3
    1cca:	9736                	add	a4,a4,a3
    1ccc:	2318                	lbu	a4,0(a4)
    1cce:	02e7d7b3          	divu	a5,a5,a4
    1cd2:	c91c                	sw	a5,16(a0)
    1cd4:	8082                	ret
    1cd6:	42d8                	lw	a4,4(a3)
    1cd8:	000206b7          	lui	a3,0x20
    1cdc:	8f75                	and	a4,a4,a3
    1cde:	df2d                	beqz	a4,1c58 <RCC_GetClocksFreq+0x38>
    1ce0:	003d1737          	lui	a4,0x3d1
    1ce4:	90070713          	addi	a4,a4,-1792 # 3d0900 <_data_lma+0x3c8ffc>
    1ce8:	bf49                	j	1c7a <RCC_GetClocksFreq+0x5a>
    1cea:	01e857b7          	lui	a5,0x1e85
    1cee:	80078793          	addi	a5,a5,-2048 # 1e84800 <_data_lma+0x1e7cefc>
    1cf2:	b771                	j	1c7e <RCC_GetClocksFreq+0x5e>
    1cf4:	007a17b7          	lui	a5,0x7a1
    1cf8:	20078793          	addi	a5,a5,512 # 7a1200 <_data_lma+0x7998fc>
    1cfc:	b749                	j	1c7e <RCC_GetClocksFreq+0x5e>

00001cfe <RCC_AHBPeriphClockCmd>:
    1cfe:	c599                	beqz	a1,1d0c <RCC_AHBPeriphClockCmd+0xe>
    1d00:	40021737          	lui	a4,0x40021
    1d04:	4b5c                	lw	a5,20(a4)
    1d06:	8fc9                	or	a5,a5,a0
    1d08:	cb5c                	sw	a5,20(a4)
    1d0a:	8082                	ret
    1d0c:	400217b7          	lui	a5,0x40021
    1d10:	4bd8                	lw	a4,20(a5)
    1d12:	fff54513          	not	a0,a0
    1d16:	8d79                	and	a0,a0,a4
    1d18:	cbc8                	sw	a0,20(a5)
    1d1a:	8082                	ret

00001d1c <RCC_APB2PeriphClockCmd>:
    1d1c:	c599                	beqz	a1,1d2a <RCC_APB2PeriphClockCmd+0xe>
    1d1e:	40021737          	lui	a4,0x40021
    1d22:	4f1c                	lw	a5,24(a4)
    1d24:	8fc9                	or	a5,a5,a0
    1d26:	cf1c                	sw	a5,24(a4)
    1d28:	8082                	ret
    1d2a:	400217b7          	lui	a5,0x40021
    1d2e:	4f98                	lw	a4,24(a5)
    1d30:	fff54513          	not	a0,a0
    1d34:	8d79                	and	a0,a0,a4
    1d36:	cf88                	sw	a0,24(a5)
    1d38:	8082                	ret

00001d3a <RCC_APB1PeriphClockCmd>:
    1d3a:	c599                	beqz	a1,1d48 <RCC_APB1PeriphClockCmd+0xe>
    1d3c:	40021737          	lui	a4,0x40021
    1d40:	4f5c                	lw	a5,28(a4)
    1d42:	8fc9                	or	a5,a5,a0
    1d44:	cf5c                	sw	a5,28(a4)
    1d46:	8082                	ret
    1d48:	400217b7          	lui	a5,0x40021
    1d4c:	4fd8                	lw	a4,28(a5)
    1d4e:	fff54513          	not	a0,a0
    1d52:	8d79                	and	a0,a0,a4
    1d54:	cfc8                	sw	a0,28(a5)
    1d56:	8082                	ret

00001d58 <RCC_APB2PeriphResetCmd>:
    1d58:	c599                	beqz	a1,1d66 <RCC_APB2PeriphResetCmd+0xe>
    1d5a:	40021737          	lui	a4,0x40021
    1d5e:	475c                	lw	a5,12(a4)
    1d60:	8fc9                	or	a5,a5,a0
    1d62:	c75c                	sw	a5,12(a4)
    1d64:	8082                	ret
    1d66:	400217b7          	lui	a5,0x40021
    1d6a:	47d8                	lw	a4,12(a5)
    1d6c:	fff54513          	not	a0,a0
    1d70:	8d79                	and	a0,a0,a4
    1d72:	c7c8                	sw	a0,12(a5)
    1d74:	8082                	ret

00001d76 <RCC_USB5PRE_JUDGE>:
    1d76:	4505                	li	a0,1
    1d78:	8082                	ret

00001d7a <RTC_EnterConfigMode>:
    1d7a:	400037b7          	lui	a5,0x40003
    1d7e:	8047d703          	lhu	a4,-2044(a5) # 40002804 <_eusrstack+0x1fff2804>
    1d82:	01076713          	ori	a4,a4,16
    1d86:	80e79223          	sh	a4,-2044(a5)
    1d8a:	8082                	ret

00001d8c <RTC_ExitConfigMode>:
    1d8c:	40003737          	lui	a4,0x40003
    1d90:	80475783          	lhu	a5,-2044(a4) # 40002804 <_eusrstack+0x1fff2804>
    1d94:	07c2                	slli	a5,a5,0x10
    1d96:	83c1                	srli	a5,a5,0x10
    1d98:	9bbd                	andi	a5,a5,-17
    1d9a:	07c2                	slli	a5,a5,0x10
    1d9c:	83c1                	srli	a5,a5,0x10
    1d9e:	80f71223          	sh	a5,-2044(a4)
    1da2:	8082                	ret

00001da4 <RTC_GetCounter>:
    1da4:	400037b7          	lui	a5,0x40003
    1da8:	80078793          	addi	a5,a5,-2048 # 40002800 <_eusrstack+0x1fff2800>
    1dac:	2f96                	lhu	a3,24(a5)
    1dae:	2f9a                	lhu	a4,24(a5)
    1db0:	01071613          	slli	a2,a4,0x10
    1db4:	8241                	srli	a2,a2,0x10
    1db6:	fee69be3          	bne	a3,a4,1dac <RTC_GetCounter+0x8>
    1dba:	400037b7          	lui	a5,0x40003
    1dbe:	80078793          	addi	a5,a5,-2048 # 40002800 <_eusrstack+0x1fff2800>
    1dc2:	2fd6                	lhu	a3,28(a5)
    1dc4:	2fda                	lhu	a4,28(a5)
    1dc6:	01071513          	slli	a0,a4,0x10
    1dca:	8141                	srli	a0,a0,0x10
    1dcc:	fee69be3          	bne	a3,a4,1dc2 <RTC_GetCounter+0x1e>
    1dd0:	40003737          	lui	a4,0x40003
    1dd4:	80070713          	addi	a4,a4,-2048 # 40002800 <_eusrstack+0x1fff2800>
    1dd8:	2f0e                	lhu	a1,24(a4)
    1dda:	2f16                	lhu	a3,24(a4)
    1ddc:	01069793          	slli	a5,a3,0x10
    1de0:	83c1                	srli	a5,a5,0x10
    1de2:	fed59be3          	bne	a1,a3,1dd8 <RTC_GetCounter+0x34>
    1de6:	00f60d63          	beq	a2,a5,1e00 <RTC_GetCounter+0x5c>
    1dea:	40003737          	lui	a4,0x40003
    1dee:	80070713          	addi	a4,a4,-2048 # 40002800 <_eusrstack+0x1fff2800>
    1df2:	2f52                	lhu	a2,28(a4)
    1df4:	2f56                	lhu	a3,28(a4)
    1df6:	01069513          	slli	a0,a3,0x10
    1dfa:	8141                	srli	a0,a0,0x10
    1dfc:	fed61be3          	bne	a2,a3,1df2 <RTC_GetCounter+0x4e>
    1e00:	07c2                	slli	a5,a5,0x10
    1e02:	8d5d                	or	a0,a0,a5
    1e04:	8082                	ret

00001e06 <RTC_SetCounter>:
    1e06:	3c0012ef          	jal	t0,31c6 <__riscv_save_0>
    1e0a:	842a                	mv	s0,a0
    1e0c:	37bd                	jal	1d7a <RTC_EnterConfigMode>
    1e0e:	01045713          	srli	a4,s0,0x10
    1e12:	400037b7          	lui	a5,0x40003
    1e16:	0442                	slli	s0,s0,0x10
    1e18:	80e79c23          	sh	a4,-2024(a5) # 40002818 <_eusrstack+0x1fff2818>
    1e1c:	8041                	srli	s0,s0,0x10
    1e1e:	80879e23          	sh	s0,-2020(a5)
    1e22:	37ad                	jal	1d8c <RTC_ExitConfigMode>
    1e24:	3c60106f          	j	31ea <__riscv_restore_0>

00001e28 <RTC_SetPrescaler>:
    1e28:	39e012ef          	jal	t0,31c6 <__riscv_save_0>
    1e2c:	842a                	mv	s0,a0
    1e2e:	37b1                	jal	1d7a <RTC_EnterConfigMode>
    1e30:	01045713          	srli	a4,s0,0x10
    1e34:	400037b7          	lui	a5,0x40003
    1e38:	8b3d                	andi	a4,a4,15
    1e3a:	0442                	slli	s0,s0,0x10
    1e3c:	80e79423          	sh	a4,-2040(a5) # 40002808 <_eusrstack+0x1fff2808>
    1e40:	8041                	srli	s0,s0,0x10
    1e42:	80879623          	sh	s0,-2036(a5)
    1e46:	3799                	jal	1d8c <RTC_ExitConfigMode>
    1e48:	3a20106f          	j	31ea <__riscv_restore_0>

00001e4c <RTC_WaitForLastTask>:
    1e4c:	40003737          	lui	a4,0x40003
    1e50:	80070713          	addi	a4,a4,-2048 # 40002800 <_eusrstack+0x1fff2800>
    1e54:	235e                	lhu	a5,4(a4)
    1e56:	0207f793          	andi	a5,a5,32
    1e5a:	dfed                	beqz	a5,1e54 <RTC_WaitForLastTask+0x8>
    1e5c:	8082                	ret

00001e5e <RTC_ClearFlag>:
    1e5e:	400037b7          	lui	a5,0x40003
    1e62:	8047d703          	lhu	a4,-2044(a5) # 40002804 <_eusrstack+0x1fff2804>
    1e66:	fff54513          	not	a0,a0
    1e6a:	8f69                	and	a4,a4,a0
    1e6c:	80e79223          	sh	a4,-2044(a5)
    1e70:	8082                	ret

00001e72 <RTC_ClearITPendingBit>:
    1e72:	b7f5                	j	1e5e <RTC_ClearFlag>

00001e74 <Calibration_LSI>:
    1e74:	322012ef          	jal	t0,3196 <__riscv_save_12>
    1e78:	8101a703          	lw	a4,-2032(gp) # 200000a0 <SystemCoreClock>
    1e7c:	400227b7          	lui	a5,0x40022
    1e80:	0497c683          	lbu	a3,73(a5) # 40022049 <_eusrstack+0x20012049>
    1e84:	6991                	lui	s3,0x4
    1e86:	02c78d93          	addi	s11,a5,44
    1e8a:	0f06f693          	andi	a3,a3,240
    1e8e:	00dd8ea3          	sb	a3,29(s11)
    1e92:	01ddc683          	lbu	a3,29(s11)
    1e96:	ffe49ab7          	lui	s5,0xffe49
    1e9a:	8c0a8a93          	addi	s5,s5,-1856 # ffe488c0 <_eusrstack+0xdfe388c0>
    1e9e:	0ff6f693          	zext.b	a3,a3
    1ea2:	00dd8ea3          	sb	a3,29(s11)
    1ea6:	e8098693          	addi	a3,s3,-384 # 3e80 <_vfiprintf_r+0x226>
    1eaa:	02d747b3          	div	a5,a4,a3
    1eae:	000f46b7          	lui	a3,0xf4
    1eb2:	24068693          	addi	a3,a3,576 # f4240 <_data_lma+0xec93c>
    1eb6:	6409                	lui	s0,0x2
    1eb8:	f4040413          	addi	s0,s0,-192 # 1f40 <Calibration_LSI+0xcc>
    1ebc:	000dcbb7          	lui	s7,0xdc
    1ec0:	00a41433          	sll	s0,s0,a0
    1ec4:	3e800613          	li	a2,1000
    1ec8:	ba0b8b93          	addi	s7,s7,-1120 # dbba0 <_data_lma+0xd429c>
    1ecc:	1101                	addi	sp,sp,-32
    1ece:	4485                	li	s1,1
    1ed0:	00a494b3          	sll	s1,s1,a0
    1ed4:	8caa                	mv	s9,a0
    1ed6:	4a01                	li	s4,0
    1ed8:	4c01                	li	s8,0
    1eda:	6911                	lui	s2,0x4
    1edc:	7b61                	lui	s6,0xffff8
    1ede:	19fd                	addi	s3,s3,-1
    1ee0:	02d746b3          	div	a3,a4,a3
    1ee4:	c63e                	sw	a5,12(sp)
    1ee6:	03574ab3          	div	s5,a4,s5
    1eea:	02d40433          	mul	s0,s0,a3
    1eee:	415007b3          	neg	a5,s5
    1ef2:	c83e                	sw	a5,16(sp)
    1ef4:	03774bb3          	div	s7,a4,s7
    1ef8:	02c74733          	div	a4,a4,a2
    1efc:	02c687b3          	mul	a5,a3,a2
    1f00:	10000693          	li	a3,256
    1f04:	2ec00613          	li	a2,748
    1f08:	02d44433          	div	s0,s0,a3
    1f0c:	4691                	li	a3,4
    1f0e:	ca3e                	sw	a5,20(sp)
    1f10:	02d4c4b3          	div	s1,s1,a3
    1f14:	00341793          	slli	a5,s0,0x3
    1f18:	cc3e                	sw	a5,24(sp)
    1f1a:	02c70733          	mul	a4,a4,a2
    1f1e:	6625                	lui	a2,0x9
    1f20:	ca060613          	addi	a2,a2,-864 # 8ca0 <_data_lma+0x139c>
    1f24:	02e484b3          	mul	s1,s1,a4
    1f28:	02c74d33          	div	s10,a4,a2
    1f2c:	02c4c4b3          	div	s1,s1,a2
    1f30:	0a05                	addi	s4,s4,1
    1f32:	0ffa7a13          	zext.b	s4,s4
    1f36:	4409                	li	s0,2
    1f38:	023dc703          	lbu	a4,35(s11)
    1f3c:	00276713          	ori	a4,a4,2
    1f40:	02ed81a3          	sb	a4,35(s11)
    1f44:	020dd703          	lhu	a4,32(s11)
    1f48:	01276733          	or	a4,a4,s2
    1f4c:	0742                	slli	a4,a4,0x10
    1f4e:	8341                	srli	a4,a4,0x10
    1f50:	02ed9023          	sh	a4,32(s11)
    1f54:	020dd703          	lhu	a4,32(s11)
    1f58:	01676733          	or	a4,a4,s6
    1f5c:	0742                	slli	a4,a4,0x10
    1f5e:	8341                	srli	a4,a4,0x10
    1f60:	02ed9023          	sh	a4,32(s11)
    1f64:	020dd703          	lhu	a4,32(s11)
    1f68:	0742                	slli	a4,a4,0x10
    1f6a:	8741                	srai	a4,a4,0x10
    1f6c:	fe075ce3          	bgez	a4,1f64 <Calibration_LSI+0xf0>
    1f70:	020dd703          	lhu	a4,32(s11)
    1f74:	023dc703          	lbu	a4,35(s11)
    1f78:	0fd77713          	andi	a4,a4,253
    1f7c:	02ed81a3          	sb	a4,35(s11)
    1f80:	023dc703          	lbu	a4,35(s11)
    1f84:	00276713          	ori	a4,a4,2
    1f88:	02ed81a3          	sb	a4,35(s11)
    1f8c:	020dd703          	lhu	a4,32(s11)
    1f90:	01276733          	or	a4,a4,s2
    1f94:	0742                	slli	a4,a4,0x10
    1f96:	8341                	srli	a4,a4,0x10
    1f98:	02ed9023          	sh	a4,32(s11)
    1f9c:	020dd703          	lhu	a4,32(s11)
    1fa0:	01676733          	or	a4,a4,s6
    1fa4:	0742                	slli	a4,a4,0x10
    1fa6:	8341                	srli	a4,a4,0x10
    1fa8:	02ed9023          	sh	a4,32(s11)
    1fac:	3be5                	jal	1da4 <RTC_GetCounter>
    1fae:	872a                	mv	a4,a0
    1fb0:	ce3a                	sw	a4,28(sp)
    1fb2:	3bcd                	jal	1da4 <RTC_GetCounter>
    1fb4:	4772                	lw	a4,28(sp)
    1fb6:	fee50de3          	beq	a0,a4,1fb0 <Calibration_LSI+0x13c>
    1fba:	020dd703          	lhu	a4,32(s11)
    1fbe:	01276733          	or	a4,a4,s2
    1fc2:	0742                	slli	a4,a4,0x10
    1fc4:	8341                	srli	a4,a4,0x10
    1fc6:	02ed9023          	sh	a4,32(s11)
    1fca:	020dd703          	lhu	a4,32(s11)
    1fce:	0742                	slli	a4,a4,0x10
    1fd0:	8741                	srai	a4,a4,0x10
    1fd2:	fe074ce3          	bltz	a4,1fca <Calibration_LSI+0x156>
    1fd6:	020dd703          	lhu	a4,32(s11)
    1fda:	0742                	slli	a4,a4,0x10
    1fdc:	8741                	srai	a4,a4,0x10
    1fde:	fe075ce3          	bgez	a4,1fd6 <Calibration_LSI+0x162>
    1fe2:	020dd683          	lhu	a3,32(s11)
    1fe6:	022dc703          	lbu	a4,34(s11)
    1fea:	47b2                	lw	a5,12(sp)
    1fec:	0136f6b3          	and	a3,a3,s3
    1ff0:	03370733          	mul	a4,a4,s3
    1ff4:	96ba                	add	a3,a3,a4
    1ff6:	8e9d                	sub	a3,a3,a5
    1ff8:	00dad563          	bge	s5,a3,2002 <Calibration_LSI+0x18e>
    1ffc:	47c2                	lw	a5,16(sp)
    1ffe:	02f6ca63          	blt	a3,a5,2032 <Calibration_LSI+0x1be>
    2002:	03846863          	bltu	s0,s8,2032 <Calibration_LSI+0x1be>
    2006:	0c05                	addi	s8,s8,1
    2008:	00169713          	slli	a4,a3,0x1
    200c:	03774733          	div	a4,a4,s7
    2010:	0ffc7c13          	zext.b	s8,s8
    2014:	00d05d63          	blez	a3,202e <Calibration_LSI+0x1ba>
    2018:	0705                	addi	a4,a4,1
    201a:	00add683          	lhu	a3,10(s11)
    201e:	02874733          	div	a4,a4,s0
    2022:	9736                	add	a4,a4,a3
    2024:	0742                	slli	a4,a4,0x10
    2026:	8341                	srli	a4,a4,0x10
    2028:	00ed9523          	sh	a4,10(s11)
    202c:	b731                	j	1f38 <Calibration_LSI+0xc4>
    202e:	177d                	addi	a4,a4,-1
    2030:	b7ed                	j	201a <Calibration_LSI+0x1a6>
    2032:	01ddc703          	lbu	a4,29(s11)
    2036:	0f077713          	andi	a4,a4,240
    203a:	00ed8ea3          	sb	a4,29(s11)
    203e:	01ddc703          	lbu	a4,29(s11)
    2042:	00276713          	ori	a4,a4,2
    2046:	00ed8ea3          	sb	a4,29(s11)
    204a:	023dc703          	lbu	a4,35(s11)
    204e:	0fd77713          	andi	a4,a4,253
    2052:	02ed81a3          	sb	a4,35(s11)
    2056:	023dc703          	lbu	a4,35(s11)
    205a:	00276713          	ori	a4,a4,2
    205e:	02ed81a3          	sb	a4,35(s11)
    2062:	020dd703          	lhu	a4,32(s11)
    2066:	01676733          	or	a4,a4,s6
    206a:	0742                	slli	a4,a4,0x10
    206c:	8341                	srli	a4,a4,0x10
    206e:	02ed9023          	sh	a4,32(s11)
    2072:	020dd703          	lhu	a4,32(s11)
    2076:	01276733          	or	a4,a4,s2
    207a:	0742                	slli	a4,a4,0x10
    207c:	8341                	srli	a4,a4,0x10
    207e:	02ed9023          	sh	a4,32(s11)
    2082:	020dd703          	lhu	a4,32(s11)
    2086:	0742                	slli	a4,a4,0x10
    2088:	8741                	srai	a4,a4,0x10
    208a:	fe075ce3          	bgez	a4,2082 <Calibration_LSI+0x20e>
    208e:	020dd703          	lhu	a4,32(s11)
    2092:	023dc703          	lbu	a4,35(s11)
    2096:	0fd77713          	andi	a4,a4,253
    209a:	02ed81a3          	sb	a4,35(s11)
    209e:	023dc703          	lbu	a4,35(s11)
    20a2:	00276713          	ori	a4,a4,2
    20a6:	02ed81a3          	sb	a4,35(s11)
    20aa:	020dd703          	lhu	a4,32(s11)
    20ae:	01676733          	or	a4,a4,s6
    20b2:	0742                	slli	a4,a4,0x10
    20b4:	8341                	srli	a4,a4,0x10
    20b6:	02ed9023          	sh	a4,32(s11)
    20ba:	020dd703          	lhu	a4,32(s11)
    20be:	01276733          	or	a4,a4,s2
    20c2:	0742                	slli	a4,a4,0x10
    20c4:	8341                	srli	a4,a4,0x10
    20c6:	02ed9023          	sh	a4,32(s11)
    20ca:	39e9                	jal	1da4 <RTC_GetCounter>
    20cc:	872a                	mv	a4,a0
    20ce:	ce3a                	sw	a4,28(sp)
    20d0:	39d1                	jal	1da4 <RTC_GetCounter>
    20d2:	4772                	lw	a4,28(sp)
    20d4:	fee50de3          	beq	a0,a4,20ce <Calibration_LSI+0x25a>
    20d8:	020dd703          	lhu	a4,32(s11)
    20dc:	01276733          	or	a4,a4,s2
    20e0:	0742                	slli	a4,a4,0x10
    20e2:	8341                	srli	a4,a4,0x10
    20e4:	02ed9023          	sh	a4,32(s11)
    20e8:	020dd703          	lhu	a4,32(s11)
    20ec:	0742                	slli	a4,a4,0x10
    20ee:	8741                	srai	a4,a4,0x10
    20f0:	fe074ce3          	bltz	a4,20e8 <Calibration_LSI+0x274>
    20f4:	020dd703          	lhu	a4,32(s11)
    20f8:	0742                	slli	a4,a4,0x10
    20fa:	8741                	srai	a4,a4,0x10
    20fc:	fe075ce3          	bgez	a4,20f4 <Calibration_LSI+0x280>
    2100:	020dd703          	lhu	a4,32(s11)
    2104:	022dc683          	lbu	a3,34(s11)
    2108:	47d2                	lw	a5,20(sp)
    210a:	01377733          	and	a4,a4,s3
    210e:	033686b3          	mul	a3,a3,s3
    2112:	9736                	add	a4,a4,a3
    2114:	8f1d                	sub	a4,a4,a5
    2116:	0c800693          	li	a3,200
    211a:	02e05f63          	blez	a4,2158 <Calibration_LSI+0x2e4>
    211e:	02d70733          	mul	a4,a4,a3
    2122:	03a74733          	div	a4,a4,s10
    2126:	0705                	addi	a4,a4,1
    2128:	4689                	li	a3,2
    212a:	02d74733          	div	a4,a4,a3
    212e:	02e05b63          	blez	a4,2164 <Calibration_LSI+0x2f0>
    2132:	00add683          	lhu	a3,10(s11)
    2136:	7ff00613          	li	a2,2047
    213a:	8295                	srli	a3,a3,0x5
    213c:	96ba                	add	a3,a3,a4
    213e:	18d65f63          	bge	a2,a3,22dc <Calibration_LSI+0x468>
    2142:	470d                	li	a4,3
    2144:	1aea1763          	bne	s4,a4,22f2 <Calibration_LSI+0x47e>
    2148:	00add703          	lhu	a4,10(s11)
    214c:	6689                	lui	a3,0x2
    214e:	1681                	addi	a3,a3,-32 # 1fe0 <Calibration_LSI+0x16c>
    2150:	8f55                	or	a4,a4,a3
    2152:	0742                	slli	a4,a4,0x10
    2154:	8341                	srli	a4,a4,0x10
    2156:	a035                	j	2182 <Calibration_LSI+0x30e>
    2158:	02d70733          	mul	a4,a4,a3
    215c:	03a74733          	div	a4,a4,s10
    2160:	177d                	addi	a4,a4,-1
    2162:	b7d9                	j	2128 <Calibration_LSI+0x2b4>
    2164:	16070c63          	beqz	a4,22dc <Calibration_LSI+0x468>
    2168:	00add683          	lhu	a3,10(s11)
    216c:	40e00633          	neg	a2,a4
    2170:	8295                	srli	a3,a3,0x5
    2172:	16c6d563          	bge	a3,a2,22dc <Calibration_LSI+0x468>
    2176:	470d                	li	a4,3
    2178:	14ea1663          	bne	s4,a4,22c4 <Calibration_LSI+0x450>
    217c:	00add703          	lhu	a4,10(s11)
    2180:	8b7d                	andi	a4,a4,31
    2182:	00ed9523          	sh	a4,10(s11)
    2186:	01ddc703          	lbu	a4,29(s11)
    218a:	0f077713          	andi	a4,a4,240
    218e:	00ed8ea3          	sb	a4,29(s11)
    2192:	01ddc703          	lbu	a4,29(s11)
    2196:	01976733          	or	a4,a4,s9
    219a:	0ff77713          	zext.b	a4,a4
    219e:	00ed8ea3          	sb	a4,29(s11)
    21a2:	023dc703          	lbu	a4,35(s11)
    21a6:	0fd77713          	andi	a4,a4,253
    21aa:	02ed81a3          	sb	a4,35(s11)
    21ae:	023dc703          	lbu	a4,35(s11)
    21b2:	00276713          	ori	a4,a4,2
    21b6:	02ed81a3          	sb	a4,35(s11)
    21ba:	020dd703          	lhu	a4,32(s11)
    21be:	01676733          	or	a4,a4,s6
    21c2:	0742                	slli	a4,a4,0x10
    21c4:	8341                	srli	a4,a4,0x10
    21c6:	02ed9023          	sh	a4,32(s11)
    21ca:	020dd703          	lhu	a4,32(s11)
    21ce:	01276733          	or	a4,a4,s2
    21d2:	0742                	slli	a4,a4,0x10
    21d4:	8341                	srli	a4,a4,0x10
    21d6:	02ed9023          	sh	a4,32(s11)
    21da:	020dd703          	lhu	a4,32(s11)
    21de:	0742                	slli	a4,a4,0x10
    21e0:	8741                	srai	a4,a4,0x10
    21e2:	fe075ce3          	bgez	a4,21da <Calibration_LSI+0x366>
    21e6:	020dd703          	lhu	a4,32(s11)
    21ea:	023dc703          	lbu	a4,35(s11)
    21ee:	0fd77713          	andi	a4,a4,253
    21f2:	02ed81a3          	sb	a4,35(s11)
    21f6:	023dc703          	lbu	a4,35(s11)
    21fa:	00276713          	ori	a4,a4,2
    21fe:	02ed81a3          	sb	a4,35(s11)
    2202:	020dd703          	lhu	a4,32(s11)
    2206:	01676733          	or	a4,a4,s6
    220a:	0742                	slli	a4,a4,0x10
    220c:	8341                	srli	a4,a4,0x10
    220e:	02ed9023          	sh	a4,32(s11)
    2212:	020dd703          	lhu	a4,32(s11)
    2216:	01276733          	or	a4,a4,s2
    221a:	0742                	slli	a4,a4,0x10
    221c:	8341                	srli	a4,a4,0x10
    221e:	02ed9023          	sh	a4,32(s11)
    2222:	3649                	jal	1da4 <RTC_GetCounter>
    2224:	872a                	mv	a4,a0
    2226:	ce3a                	sw	a4,28(sp)
    2228:	3eb5                	jal	1da4 <RTC_GetCounter>
    222a:	4772                	lw	a4,28(sp)
    222c:	fee50de3          	beq	a0,a4,2226 <Calibration_LSI+0x3b2>
    2230:	020dd703          	lhu	a4,32(s11)
    2234:	01276733          	or	a4,a4,s2
    2238:	0742                	slli	a4,a4,0x10
    223a:	8341                	srli	a4,a4,0x10
    223c:	02ed9023          	sh	a4,32(s11)
    2240:	020dd703          	lhu	a4,32(s11)
    2244:	0742                	slli	a4,a4,0x10
    2246:	8741                	srai	a4,a4,0x10
    2248:	fe074ce3          	bltz	a4,2240 <Calibration_LSI+0x3cc>
    224c:	020dd703          	lhu	a4,32(s11)
    2250:	0742                	slli	a4,a4,0x10
    2252:	8741                	srai	a4,a4,0x10
    2254:	fe075ce3          	bgez	a4,224c <Calibration_LSI+0x3d8>
    2258:	023dc703          	lbu	a4,35(s11)
    225c:	0fd77713          	andi	a4,a4,253
    2260:	02ed81a3          	sb	a4,35(s11)
    2264:	020dd703          	lhu	a4,32(s11)
    2268:	022dc683          	lbu	a3,34(s11)
    226c:	47e2                	lw	a5,24(sp)
    226e:	01377733          	and	a4,a4,s3
    2272:	033686b3          	mul	a3,a3,s3
    2276:	9736                	add	a4,a4,a3
    2278:	8f1d                	sub	a4,a4,a5
    227a:	0c800693          	li	a3,200
    227e:	06e05463          	blez	a4,22e6 <Calibration_LSI+0x472>
    2282:	02d70733          	mul	a4,a4,a3
    2286:	02974733          	div	a4,a4,s1
    228a:	0705                	addi	a4,a4,1
    228c:	4689                	li	a3,2
    228e:	02d74733          	div	a4,a4,a3
    2292:	06e05663          	blez	a4,22fe <Calibration_LSI+0x48a>
    2296:	00add683          	lhu	a3,10(s11)
    229a:	7ff00613          	li	a2,2047
    229e:	8295                	srli	a3,a3,0x5
    22a0:	96ba                	add	a3,a3,a4
    22a2:	08d65463          	bge	a2,a3,232a <Calibration_LSI+0x4b6>
    22a6:	470d                	li	a4,3
    22a8:	04ea1563          	bne	s4,a4,22f2 <Calibration_LSI+0x47e>
    22ac:	00add703          	lhu	a4,10(s11)
    22b0:	6689                	lui	a3,0x2
    22b2:	1681                	addi	a3,a3,-32 # 1fe0 <Calibration_LSI+0x16c>
    22b4:	8f55                	or	a4,a4,a3
    22b6:	0742                	slli	a4,a4,0x10
    22b8:	8341                	srli	a4,a4,0x10
    22ba:	00ed9523          	sh	a4,10(s11)
    22be:	6105                	addi	sp,sp,32
    22c0:	7130006f          	j	31d2 <__riscv_restore_12>
    22c4:	00add703          	lhu	a4,10(s11)
    22c8:	6685                	lui	a3,0x1
    22ca:	0ff77713          	zext.b	a4,a4
    22ce:	1681                	addi	a3,a3,-32 # fe0 <LLE_IRQSubHandler+0x15c>
    22d0:	8f55                	or	a4,a4,a3
    22d2:	0742                	slli	a4,a4,0x10
    22d4:	8341                	srli	a4,a4,0x10
    22d6:	00ed9523          	sh	a4,10(s11)
    22da:	b999                	j	1f30 <Calibration_LSI+0xbc>
    22dc:	00add683          	lhu	a3,10(s11)
    22e0:	0716                	slli	a4,a4,0x5
    22e2:	9736                	add	a4,a4,a3
    22e4:	b5bd                	j	2152 <Calibration_LSI+0x2de>
    22e6:	02d70733          	mul	a4,a4,a3
    22ea:	02974733          	div	a4,a4,s1
    22ee:	177d                	addi	a4,a4,-1
    22f0:	bf71                	j	228c <Calibration_LSI+0x418>
    22f2:	00add703          	lhu	a4,10(s11)
    22f6:	66a1                	lui	a3,0x8
    22f8:	0ff77713          	zext.b	a4,a4
    22fc:	bfc9                	j	22ce <Calibration_LSI+0x45a>
    22fe:	c715                	beqz	a4,232a <Calibration_LSI+0x4b6>
    2300:	00add683          	lhu	a3,10(s11)
    2304:	40e00633          	neg	a2,a4
    2308:	8295                	srli	a3,a3,0x5
    230a:	02c6d063          	bge	a3,a2,232a <Calibration_LSI+0x4b6>
    230e:	470d                	li	a4,3
    2310:	00ea1663          	bne	s4,a4,231c <Calibration_LSI+0x4a8>
    2314:	00add703          	lhu	a4,10(s11)
    2318:	8b7d                	andi	a4,a4,31
    231a:	b745                	j	22ba <Calibration_LSI+0x446>
    231c:	00add703          	lhu	a4,10(s11)
    2320:	0ff77713          	zext.b	a4,a4
    2324:	7e076713          	ori	a4,a4,2016
    2328:	b77d                	j	22d6 <Calibration_LSI+0x462>
    232a:	400226b7          	lui	a3,0x40022
    232e:	3afe                	lhu	a5,54(a3)
    2330:	0716                	slli	a4,a4,0x5
    2332:	97ba                	add	a5,a5,a4
    2334:	07c2                	slli	a5,a5,0x10
    2336:	83c1                	srli	a5,a5,0x10
    2338:	bafe                	sh	a5,54(a3)
    233a:	b751                	j	22be <Calibration_LSI+0x44a>

0000233c <USART_Init>:
    233c:	68b002ef          	jal	t0,31c6 <__riscv_save_0>
    2340:	291a                	lhu	a4,16(a0)
    2342:	77f5                	lui	a5,0xffffd
    2344:	17fd                	addi	a5,a5,-1 # ffffcfff <_eusrstack+0xdffecfff>
    2346:	8f7d                	and	a4,a4,a5
    2348:	21fe                	lhu	a5,6(a1)
    234a:	2596                	lhu	a3,8(a1)
    234c:	1101                	addi	sp,sp,-32
    234e:	8fd9                	or	a5,a5,a4
    2350:	a91e                	sh	a5,16(a0)
    2352:	21de                	lhu	a5,4(a1)
    2354:	255a                	lhu	a4,12(a0)
    2356:	842a                	mv	s0,a0
    2358:	8fd5                	or	a5,a5,a3
    235a:	25b6                	lhu	a3,10(a1)
    235c:	84ae                	mv	s1,a1
    235e:	8fd5                	or	a5,a5,a3
    2360:	76fd                	lui	a3,0xfffff
    2362:	9f368693          	addi	a3,a3,-1549 # ffffe9f3 <_eusrstack+0xdffee9f3>
    2366:	8f75                	and	a4,a4,a3
    2368:	8fd9                	or	a5,a5,a4
    236a:	a55e                	sh	a5,12(a0)
    236c:	295e                	lhu	a5,20(a0)
    236e:	25da                	lhu	a4,12(a1)
    2370:	07c2                	slli	a5,a5,0x10
    2372:	83c1                	srli	a5,a5,0x10
    2374:	cff7f793          	andi	a5,a5,-769
    2378:	8fd9                	or	a5,a5,a4
    237a:	a95e                	sh	a5,20(a0)
    237c:	0068                	addi	a0,sp,12
    237e:	8a3ff0ef          	jal	ra,1c20 <RCC_GetClocksFreq>
    2382:	400147b7          	lui	a5,0x40014
    2386:	80078793          	addi	a5,a5,-2048 # 40013800 <_eusrstack+0x20003800>
    238a:	04f41663          	bne	s0,a5,23d6 <USART_Init+0x9a>
    238e:	47e2                	lw	a5,24(sp)
    2390:	4565                	li	a0,25
    2392:	02f535b3          	mulhu	a1,a0,a5
    2396:	4090                	lw	a2,0(s1)
    2398:	4681                	li	a3,0
    239a:	060a                	slli	a2,a2,0x2
    239c:	02f50533          	mul	a0,a0,a5
    23a0:	251000ef          	jal	ra,2df0 <__udivdi3>
    23a4:	06400693          	li	a3,100
    23a8:	02d55733          	divu	a4,a0,a3
    23ac:	63f00613          	li	a2,1599
    23b0:	0712                	slli	a4,a4,0x4
    23b2:	00475793          	srli	a5,a4,0x4
    23b6:	02f687b3          	mul	a5,a3,a5
    23ba:	40f507b3          	sub	a5,a0,a5
    23be:	0792                	slli	a5,a5,0x4
    23c0:	03278793          	addi	a5,a5,50
    23c4:	00f67b63          	bgeu	a2,a5,23da <USART_Init+0x9e>
    23c8:	0741                	addi	a4,a4,16
    23ca:	0742                	slli	a4,a4,0x10
    23cc:	8341                	srli	a4,a4,0x10
    23ce:	a41a                	sh	a4,8(s0)
    23d0:	6105                	addi	sp,sp,32
    23d2:	6190006f          	j	31ea <__riscv_restore_0>
    23d6:	47d2                	lw	a5,20(sp)
    23d8:	bf65                	j	2390 <USART_Init+0x54>
    23da:	02d7d7b3          	divu	a5,a5,a3
    23de:	8f5d                	or	a4,a4,a5
    23e0:	b7ed                	j	23ca <USART_Init+0x8e>

000023e2 <USART_Cmd>:
    23e2:	255e                	lhu	a5,12(a0)
    23e4:	c589                	beqz	a1,23ee <USART_Cmd+0xc>
    23e6:	6709                	lui	a4,0x2
    23e8:	8fd9                	or	a5,a5,a4
    23ea:	a55e                	sh	a5,12(a0)
    23ec:	8082                	ret
    23ee:	7779                	lui	a4,0xffffe
    23f0:	177d                	addi	a4,a4,-1 # ffffdfff <_eusrstack+0xdffedfff>
    23f2:	8ff9                	and	a5,a5,a4
    23f4:	bfdd                	j	23ea <USART_Cmd+0x8>

000023f6 <USART_ITConfig>:
    23f6:	0ff5f713          	zext.b	a4,a1
    23fa:	4785                	li	a5,1
    23fc:	8315                	srli	a4,a4,0x5
    23fe:	00b795b3          	sll	a1,a5,a1
    2402:	00f71963          	bne	a4,a5,2414 <USART_ITConfig+0x1e>
    2406:	00c50793          	addi	a5,a0,12
    240a:	4398                	lw	a4,0(a5)
    240c:	ce01                	beqz	a2,2424 <USART_ITConfig+0x2e>
    240e:	8f4d                	or	a4,a4,a1
    2410:	c398                	sw	a4,0(a5)
    2412:	8082                	ret
    2414:	4689                	li	a3,2
    2416:	01450793          	addi	a5,a0,20
    241a:	fed718e3          	bne	a4,a3,240a <USART_ITConfig+0x14>
    241e:	01050793          	addi	a5,a0,16
    2422:	b7e5                	j	240a <USART_ITConfig+0x14>
    2424:	fff5c593          	not	a1,a1
    2428:	8df9                	and	a1,a1,a4
    242a:	c38c                	sw	a1,0(a5)
    242c:	8082                	ret

0000242e <USART_SendData>:
    242e:	1ff5f593          	andi	a1,a1,511
    2432:	a14e                	sh	a1,4(a0)
    2434:	8082                	ret

00002436 <USART_ClearFlag>:
    2436:	fff5c593          	not	a1,a1
    243a:	05c2                	slli	a1,a1,0x10
    243c:	81c1                	srli	a1,a1,0x10
    243e:	a10e                	sh	a1,0(a0)
    2440:	8082                	ret

00002442 <USART_GetITStatus>:
    2442:	0ff5f693          	zext.b	a3,a1
    2446:	4605                	li	a2,1
    2448:	8295                	srli	a3,a3,0x5
    244a:	872a                	mv	a4,a0
    244c:	00b617b3          	sll	a5,a2,a1
    2450:	02c69163          	bne	a3,a2,2472 <USART_GetITStatus+0x30>
    2454:	2556                	lhu	a3,12(a0)
    2456:	00f6f533          	and	a0,a3,a5
    245a:	231e                	lhu	a5,0(a4)
    245c:	07c2                	slli	a5,a5,0x10
    245e:	83c1                	srli	a5,a5,0x10
    2460:	c901                	beqz	a0,2470 <USART_GetITStatus+0x2e>
    2462:	81a1                	srli	a1,a1,0x8
    2464:	4705                	li	a4,1
    2466:	00b71733          	sll	a4,a4,a1
    246a:	8ff9                	and	a5,a5,a4
    246c:	00f03533          	snez	a0,a5
    2470:	8082                	ret
    2472:	4609                	li	a2,2
    2474:	00c69463          	bne	a3,a2,247c <USART_GetITStatus+0x3a>
    2478:	2916                	lhu	a3,16(a0)
    247a:	bff1                	j	2456 <USART_GetITStatus+0x14>
    247c:	2956                	lhu	a3,20(a0)
    247e:	bfe1                	j	2456 <USART_GetITStatus+0x14>

00002480 <Lib_Calibration_LSI>:
    2480:	450d                	li	a0,3
    2482:	bacd                	j	1e74 <Calibration_LSI>

00002484 <Lib_Read_Flash>:
    2484:	543002ef          	jal	t0,31c6 <__riscv_save_0>
    2488:	87b2                	mv	a5,a2
    248a:	00259613          	slli	a2,a1,0x2
    248e:	85aa                	mv	a1,a0
    2490:	853e                	mv	a0,a5
    2492:	e21fd0ef          	jal	ra,2b2 <tmos_memcpy>
    2496:	4501                	li	a0,0
    2498:	5530006f          	j	31ea <__riscv_restore_0>

0000249c <Lib_Write_Flash>:
    249c:	52b002ef          	jal	t0,31c6 <__riscv_save_0>
    24a0:	1141                	addi	sp,sp,-16
    24a2:	c632                	sw	a2,12(sp)
    24a4:	842a                	mv	s0,a0
    24a6:	cdeff0ef          	jal	ra,1984 <FLASH_Unlock_Fast>
    24aa:	8522                	mv	a0,s0
    24ac:	d04ff0ef          	jal	ra,19b0 <FLASH_ErasePage_Fast>
    24b0:	45b2                	lw	a1,12(sp)
    24b2:	8522                	mv	a0,s0
    24b4:	d2aff0ef          	jal	ra,19de <FLASH_ProgramPage_Fast>
    24b8:	ceaff0ef          	jal	ra,19a2 <FLASH_Lock_Fast>
    24bc:	4505                	li	a0,1
    24be:	26c1                	jal	287e <Delay_Us>
    24c0:	4501                	li	a0,0
    24c2:	0141                	addi	sp,sp,16
    24c4:	5270006f          	j	31ea <__riscv_restore_0>

000024c8 <HAL_GetInterTempValue>:
    24c8:	4cf002ef          	jal	t0,3196 <__riscv_save_12>
    24cc:	7139                	addi	sp,sp,-64
    24ce:	02000613          	li	a2,32
    24d2:	4581                	li	a1,0
    24d4:	1008                	addi	a0,sp,32
    24d6:	537000ef          	jal	ra,320c <memset>
    24da:	40012437          	lui	s0,0x40012
    24de:	40040413          	addi	s0,s0,1024 # 40012400 <_eusrstack+0x20002400>
    24e2:	400217b7          	lui	a5,0x40021
    24e6:	0187ad83          	lw	s11,24(a5) # 40021018 <_eusrstack+0x20011018>
    24ea:	0047ad03          	lw	s10,4(a5)
    24ee:	00442c83          	lw	s9,4(s0)
    24f2:	00842c03          	lw	s8,8(s0)
    24f6:	02c42b83          	lw	s7,44(s0)
    24fa:	03042b03          	lw	s6,48(s0)
    24fe:	03442a83          	lw	s5,52(s0)
    2502:	00c42a03          	lw	s4,12(s0)
    2506:	01042983          	lw	s3,16(s0)
    250a:	01442903          	lw	s2,20(s0)
    250e:	4c1c                	lw	a5,24(s0)
    2510:	4585                	li	a1,1
    2512:	20000513          	li	a0,512
    2516:	c43e                	sw	a5,8(sp)
    2518:	4c5c                	lw	a5,28(s0)
    251a:	400124b7          	lui	s1,0x40012
    251e:	c63e                	sw	a5,12(sp)
    2520:	501c                	lw	a5,32(s0)
    2522:	c83e                	sw	a5,16(sp)
    2524:	505c                	lw	a5,36(s0)
    2526:	ca3e                	sw	a5,20(sp)
    2528:	541c                	lw	a5,40(s0)
    252a:	cc3e                	sw	a5,24(sp)
    252c:	5c1c                	lw	a5,56(s0)
    252e:	ce3e                	sw	a5,28(sp)
    2530:	fecff0ef          	jal	ra,1d1c <RCC_APB2PeriphClockCmd>
    2534:	6531                	lui	a0,0xc
    2536:	e70ff0ef          	jal	ra,1ba6 <RCC_ADCCLKConfig>
    253a:	8522                	mv	a0,s0
    253c:	a60ff0ef          	jal	ra,179c <ADC_DeInit>
    2540:	000e07b7          	lui	a5,0xe0
    2544:	d63e                	sw	a5,44(sp)
    2546:	100c                	addi	a1,sp,32
    2548:	4785                	li	a5,1
    254a:	8522                	mv	a0,s0
    254c:	02f10a23          	sb	a5,52(sp)
    2550:	d002                	sw	zero,32(sp)
    2552:	d202                	sw	zero,36(sp)
    2554:	d402                	sw	zero,40(sp)
    2556:	d802                	sw	zero,48(sp)
    2558:	a84ff0ef          	jal	ra,17dc <ADC_Init>
    255c:	4585                	li	a1,1
    255e:	8522                	mv	a0,s0
    2560:	ad2ff0ef          	jal	ra,1832 <ADC_Cmd>
    2564:	4585                	li	a1,1
    2566:	8522                	mv	a0,s0
    2568:	bdeff0ef          	jal	ra,1946 <ADC_BufferCmd>
    256c:	4505                	li	a0,1
    256e:	bacff0ef          	jal	ra,191a <ADC_TempSensorVrefintCmd>
    2572:	469d                	li	a3,7
    2574:	4605                	li	a2,1
    2576:	45c1                	li	a1,16
    2578:	8522                	mv	a0,s0
    257a:	ae0ff0ef          	jal	ra,185a <ADC_RegularChannelConfig>
    257e:	4585                	li	a1,1
    2580:	8522                	mv	a0,s0
    2582:	ac0ff0ef          	jal	ra,1842 <ADC_SoftwareStartConvCmd>
    2586:	4589                	li	a1,2
    2588:	8522                	mv	a0,s0
    258a:	bb0ff0ef          	jal	ra,193a <ADC_GetFlagStatus>
    258e:	dd65                	beqz	a0,2586 <HAL_GetInterTempValue+0xbe>
    2590:	40048513          	addi	a0,s1,1024 # 40012400 <_eusrstack+0x20002400>
    2594:	b7eff0ef          	jal	ra,1912 <ADC_GetConversionValue>
    2598:	842a                	mv	s0,a0
    259a:	40048513          	addi	a0,s1,1024
    259e:	9feff0ef          	jal	ra,179c <ADC_DeInit>
    25a2:	400217b7          	lui	a5,0x40021
    25a6:	01b7ac23          	sw	s11,24(a5) # 40021018 <_eusrstack+0x20011018>
    25aa:	01a7a223          	sw	s10,4(a5)
    25ae:	40048493          	addi	s1,s1,1024
    25b2:	0194a223          	sw	s9,4(s1)
    25b6:	0184a423          	sw	s8,8(s1)
    25ba:	0374a623          	sw	s7,44(s1)
    25be:	0364a823          	sw	s6,48(s1)
    25c2:	0354aa23          	sw	s5,52(s1)
    25c6:	47a2                	lw	a5,8(sp)
    25c8:	0144a623          	sw	s4,12(s1)
    25cc:	0134a823          	sw	s3,16(s1)
    25d0:	0124aa23          	sw	s2,20(s1)
    25d4:	cc9c                	sw	a5,24(s1)
    25d6:	47b2                	lw	a5,12(sp)
    25d8:	8522                	mv	a0,s0
    25da:	ccdc                	sw	a5,28(s1)
    25dc:	47c2                	lw	a5,16(sp)
    25de:	d09c                	sw	a5,32(s1)
    25e0:	47d2                	lw	a5,20(sp)
    25e2:	d0dc                	sw	a5,36(s1)
    25e4:	47e2                	lw	a5,24(sp)
    25e6:	d49c                	sw	a5,40(s1)
    25e8:	47f2                	lw	a5,28(sp)
    25ea:	dc9c                	sw	a5,56(s1)
    25ec:	6121                	addi	sp,sp,64
    25ee:	3e50006f          	j	31d2 <__riscv_restore_12>

000025f2 <HAL_ProcessEvent>:
    25f2:	3d5002ef          	jal	t0,31c6 <__riscv_save_0>
    25f6:	01059793          	slli	a5,a1,0x10
    25fa:	87c1                	srai	a5,a5,0x10
    25fc:	842e                	mv	s0,a1
    25fe:	0007db63          	bgez	a5,2614 <HAL_ProcessEvent+0x22>
    2602:	c0bfd0ef          	jal	ra,20c <tmos_msg_receive>
    2606:	c119                	beqz	a0,260c <HAL_ProcessEvent+0x1a>
    2608:	6e5010ef          	jal	ra,44ec <tmos_msg_deallocate>
    260c:	6521                	lui	a0,0x8
    260e:	8d21                	xor	a0,a0,s0
    2610:	3db0006f          	j	31ea <__riscv_restore_0>
    2614:	0015f793          	andi	a5,a1,1
    2618:	0015c513          	xori	a0,a1,1
    261c:	fbf5                	bnez	a5,2610 <HAL_ProcessEvent+0x1e>
    261e:	6489                	lui	s1,0x2
    2620:	0095f7b3          	and	a5,a1,s1
    2624:	c395                	beqz	a5,2648 <HAL_ProcessEvent+0x56>
    2626:	6d5020ef          	jal	ra,54fa <BLE_RegInit>
    262a:	3d99                	jal	2480 <Lib_Calibration_LSI>
    262c:	0002f637          	lui	a2,0x2f
    2630:	e0060613          	addi	a2,a2,-512 # 2ee00 <_data_lma+0x274fc>
    2634:	6589                	lui	a1,0x2
    2636:	8281c503          	lbu	a0,-2008(gp) # 200000b8 <halTaskID>
    263a:	8c25                	xor	s0,s0,s1
    263c:	12a020ef          	jal	ra,4766 <tmos_start_task>
    2640:	01041513          	slli	a0,s0,0x10
    2644:	8141                	srli	a0,a0,0x10
    2646:	b7e9                	j	2610 <HAL_ProcessEvent+0x1e>
    2648:	6491                	lui	s1,0x4
    264a:	0095f533          	and	a0,a1,s1
    264e:	d169                	beqz	a0,2610 <HAL_ProcessEvent+0x1e>
    2650:	651d                	lui	a0,0x7
    2652:	11c50513          	addi	a0,a0,284 # 711c <LL_InitiateSetRF+0x2b8>
    2656:	505000ef          	jal	ra,335a <puts>
    265a:	64000613          	li	a2,1600
    265e:	6591                	lui	a1,0x4
    2660:	bfd9                	j	2636 <HAL_ProcessEvent+0x44>

00002662 <WCHBLE_Init>:
    2662:	365002ef          	jal	t0,31c6 <__riscv_save_0>
    2666:	6785                	lui	a5,0x1
    2668:	659d                	lui	a1,0x7
    266a:	651d                	lui	a0,0x7
    266c:	715d                	addi	sp,sp,-80
    266e:	4b478793          	addi	a5,a5,1204 # 14b4 <LLE_IRQLibHandler>
    2672:	4655                	li	a2,21
    2674:	12058593          	addi	a1,a1,288 # 7120 <LL_InitiateSetRF+0x2bc>
    2678:	6f850513          	addi	a0,a0,1784 # 76f8 <VER_LIB>
    267c:	82f1a223          	sw	a5,-2012(gp) # 200000b4 <g_LLE_IRQLibHandlerLocation>
    2680:	d45fd0ef          	jal	ra,3c4 <tmos_memcmp>
    2684:	e519                	bnez	a0,2692 <WCHBLE_Init+0x30>
    2686:	651d                	lui	a0,0x7
    2688:	13850513          	addi	a0,a0,312 # 7138 <LL_InitiateSetRF+0x2d4>
    268c:	4cf000ef          	jal	ra,335a <puts>
    2690:	a001                	j	2690 <WCHBLE_Init+0x2e>
    2692:	400227b7          	lui	a5,0x40022
    2696:	57d8                	lw	a4,44(a5)
    2698:	900006b7          	lui	a3,0x90000
    269c:	16fd                	addi	a3,a3,-1 # 8fffffff <_eusrstack+0x6ffeffff>
    269e:	8f75                	and	a4,a4,a3
    26a0:	d7d8                	sw	a4,44(a5)
    26a2:	57d8                	lw	a4,44(a5)
    26a4:	300006b7          	lui	a3,0x30000
    26a8:	04000613          	li	a2,64
    26ac:	8f55                	or	a4,a4,a3
    26ae:	d7d8                	sw	a4,44(a5)
    26b0:	57d8                	lw	a4,44(a5)
    26b2:	030006b7          	lui	a3,0x3000
    26b6:	4581                	li	a1,0
    26b8:	8f55                	or	a4,a4,a3
    26ba:	d7d8                	sw	a4,44(a5)
    26bc:	0808                	addi	a0,sp,16
    26be:	c5ffd0ef          	jal	ra,31c <tmos_memset>
    26c2:	200007b7          	lui	a5,0x20000
    26c6:	1e478793          	addi	a5,a5,484 # 200001e4 <MEM_BUF>
    26ca:	c83e                	sw	a5,16(sp)
    26cc:	6789                	lui	a5,0x2
    26ce:	c0078793          	addi	a5,a5,-1024 # 1c00 <RCC_RTCCLKCmd>
    26d2:	82fc                	sh	a5,20(sp)
    26d4:	080787b7          	lui	a5,0x8078
    26d8:	c0078793          	addi	a5,a5,-1024 # 8077c00 <_data_lma+0x80702fc>
    26dc:	cc3e                	sw	a5,24(sp)
    26de:	50300793          	li	a5,1283
    26e2:	87fc                	sh	a5,30(sp)
    26e4:	47ed                	li	a5,27
    26e6:	02f11023          	sh	a5,32(sp)
    26ea:	6789                	lui	a5,0x2
    26ec:	48478793          	addi	a5,a5,1156 # 2484 <Lib_Read_Flash>
    26f0:	c4be                	sw	a5,72(sp)
    26f2:	6789                	lui	a5,0x2
    26f4:	49c78793          	addi	a5,a5,1180 # 249c <Lib_Write_Flash>
    26f8:	c6be                	sw	a5,76(sp)
    26fa:	6791                	lui	a5,0x4
    26fc:	e8078793          	addi	a5,a5,-384 # 3e80 <_vfiprintf_r+0x226>
    2700:	02f11723          	sh	a5,46(sp)
    2704:	6485                	lui	s1,0x1
    2706:	3e800793          	li	a5,1000
    270a:	02f11823          	sh	a5,48(sp)
    270e:	d0948793          	addi	a5,s1,-759 # d09 <BLE_CheckHoppingMap+0x65>
    2712:	02f11223          	sh	a5,36(sp)
    2716:	6789                	lui	a5,0x2
    2718:	4c878793          	addi	a5,a5,1224 # 24c8 <HAL_GetInterTempValue>
    271c:	de3e                	sw	a5,60(sp)
    271e:	6789                	lui	a5,0x2
    2720:	48078793          	addi	a5,a5,1152 # 2480 <Lib_Calibration_LSI>
    2724:	4405                	li	s0,1
    2726:	0028                	addi	a0,sp,8
    2728:	c0be                	sw	a5,64(sp)
    272a:	02810123          	sb	s0,34(sp)
    272e:	b14ff0ef          	jal	ra,1a42 <FLASH_GetMACAddress>
    2732:	47a2                	lw	a5,8(sp)
    2734:	d43e                	sw	a5,40(sp)
    2736:	863c                	lhu	a5,12(sp)
    2738:	02f11623          	sh	a5,44(sp)
    273c:	47c2                	lw	a5,16(sp)
    273e:	c781                	beqz	a5,2746 <WCHBLE_Init+0xe4>
    2740:	82bc                	lhu	a5,20(sp)
    2742:	0097f363          	bgeu	a5,s1,2748 <WCHBLE_Init+0xe6>
    2746:	a001                	j	2746 <WCHBLE_Init+0xe4>
    2748:	0808                	addi	a0,sp,16
    274a:	3d0020ef          	jal	ra,4b1a <BLE_LibInit>
    274e:	85aa                	mv	a1,a0
    2750:	c519                	beqz	a0,275e <WCHBLE_Init+0xfc>
    2752:	651d                	lui	a0,0x7
    2754:	14c50513          	addi	a0,a0,332 # 714c <LL_InitiateSetRF+0x2e8>
    2758:	2c5000ef          	jal	ra,321c <iprintf>
    275c:	a001                	j	275c <WCHBLE_Init+0xfa>
    275e:	4585                	li	a1,1
    2760:	04000513          	li	a0,64
    2764:	d9aff0ef          	jal	ra,1cfe <RCC_AHBPeriphClockCmd>
    2768:	e000e7b7          	lui	a5,0xe000e
    276c:	80000737          	lui	a4,0x80000
    2770:	10e7a223          	sw	a4,260(a5) # e000e104 <_eusrstack+0xbfffe104>
    2774:	1087a423          	sw	s0,264(a5)
    2778:	6161                	addi	sp,sp,80
    277a:	2710006f          	j	31ea <__riscv_restore_0>

0000277e <HAL_Init>:
    277e:	249002ef          	jal	t0,31c6 <__riscv_save_0>
    2782:	6509                	lui	a0,0x2
    2784:	5f250513          	addi	a0,a0,1522 # 25f2 <HAL_ProcessEvent>
    2788:	356020ef          	jal	ra,4ade <TMOS_ProcessEventRegister>
    278c:	82a18423          	sb	a0,-2008(gp) # 200000b8 <halTaskID>
    2790:	201d                	jal	27b6 <HAL_TimeInit>
    2792:	8281c503          	lbu	a0,-2008(gp) # 200000b8 <halTaskID>
    2796:	0002f637          	lui	a2,0x2f
    279a:	e0060613          	addi	a2,a2,-512 # 2ee00 <_data_lma+0x274fc>
    279e:	6589                	lui	a1,0x2
    27a0:	7c7010ef          	jal	ra,4766 <tmos_start_task>
    27a4:	8281c503          	lbu	a0,-2008(gp) # 200000b8 <halTaskID>
    27a8:	64000613          	li	a2,1600
    27ac:	6591                	lui	a1,0x4
    27ae:	7b9010ef          	jal	ra,4766 <tmos_start_task>
    27b2:	2390006f          	j	31ea <__riscv_restore_0>

000027b6 <HAL_TimeInit>:
    27b6:	211002ef          	jal	t0,31c6 <__riscv_save_0>
    27ba:	1141                	addi	sp,sp,-16
    27bc:	4585                	li	a1,1
    27be:	18000537          	lui	a0,0x18000
    27c2:	c002                	sw	zero,0(sp)
    27c4:	c202                	sw	zero,4(sp)
    27c6:	c402                	sw	zero,8(sp)
    27c8:	c602                	sw	zero,12(sp)
    27ca:	d70ff0ef          	jal	ra,1d3a <RCC_APB1PeriphClockCmd>
    27ce:	4505                	li	a0,1
    27d0:	bc0ff0ef          	jal	ra,1b90 <PWR_BackupAccessCmd>
    27d4:	4505                	li	a0,1
    27d6:	c0aff0ef          	jal	ra,1be0 <RCC_LSICmd>
    27da:	4501                	li	a0,0
    27dc:	bdcff0ef          	jal	ra,1bb8 <RCC_LSEConfig>
    27e0:	20000513          	li	a0,512
    27e4:	c10ff0ef          	jal	ra,1bf4 <RCC_RTCCLKConfig>
    27e8:	4505                	li	a0,1
    27ea:	c16ff0ef          	jal	ra,1c00 <RCC_RTCCLKCmd>
    27ee:	e5eff0ef          	jal	ra,1e4c <RTC_WaitForLastTask>
    27f2:	e5aff0ef          	jal	ra,1e4c <RTC_WaitForLastTask>
    27f6:	4505                	li	a0,1
    27f8:	e30ff0ef          	jal	ra,1e28 <RTC_SetPrescaler>
    27fc:	e50ff0ef          	jal	ra,1e4c <RTC_WaitForLastTask>
    2800:	4501                	li	a0,0
    2802:	e04ff0ef          	jal	ra,1e06 <RTC_SetCounter>
    2806:	e46ff0ef          	jal	ra,1e4c <RTC_WaitForLastTask>
    280a:	399d                	jal	2480 <Lib_Calibration_LSI>
    280c:	57fd                	li	a5,-1
    280e:	c23e                	sw	a5,4(sp)
    2810:	03e847b7          	lui	a5,0x3e84
    2814:	e8078793          	addi	a5,a5,-384 # 3e83e80 <_data_lma+0x3e7c57c>
    2818:	c43e                	sw	a5,8(sp)
    281a:	6789                	lui	a5,0x2
    281c:	da478793          	addi	a5,a5,-604 # 1da4 <RTC_GetCounter>
    2820:	850a                	mv	a0,sp
    2822:	c03e                	sw	a5,0(sp)
    2824:	4b6020ef          	jal	ra,4cda <TMOS_TimerInit>
    2828:	c519                	beqz	a0,2836 <HAL_TimeInit+0x80>
    282a:	85aa                	mv	a1,a0
    282c:	651d                	lui	a0,0x7
    282e:	16c50513          	addi	a0,a0,364 # 716c <LL_InitiateSetRF+0x308>
    2832:	1eb000ef          	jal	ra,321c <iprintf>
    2836:	0141                	addi	sp,sp,16
    2838:	1b30006f          	j	31ea <__riscv_restore_0>

0000283c <RTCAlarm_IRQHandler>:
    283c:	4705                	li	a4,1
    283e:	00020537          	lui	a0,0x20
    2842:	82e1a623          	sw	a4,-2004(gp) # 200000bc <RTCTigFlag>
    2846:	932ff0ef          	jal	ra,1978 <EXTI_ClearITPendingBit>
    284a:	4509                	li	a0,2
    284c:	e26ff0ef          	jal	ra,1e72 <RTC_ClearITPendingBit>
    2850:	dfcff0ef          	jal	ra,1e4c <RTC_WaitForLastTask>
    2854:	30200073          	mret

00002858 <Delay_Init>:
    2858:	8101a783          	lw	a5,-2032(gp) # 200000a0 <SystemCoreClock>
    285c:	007a1737          	lui	a4,0x7a1
    2860:	20070713          	addi	a4,a4,512 # 7a1200 <_data_lma+0x7998fc>
    2864:	02e7d7b3          	divu	a5,a5,a4
    2868:	0ff7f793          	zext.b	a5,a5
    286c:	82f18923          	sb	a5,-1998(gp) # 200000c2 <p_us>
    2870:	3e800713          	li	a4,1000
    2874:	02e787b3          	mul	a5,a5,a4
    2878:	82f19823          	sh	a5,-2000(gp) # 200000c0 <p_ms>
    287c:	8082                	ret

0000287e <Delay_Us>:
    287e:	e000f7b7          	lui	a5,0xe000f
    2882:	43d8                	lw	a4,4(a5)
    2884:	4681                	li	a3,0
    2886:	9b79                	andi	a4,a4,-2
    2888:	c3d8                	sw	a4,4(a5)
    288a:	8321c703          	lbu	a4,-1998(gp) # 200000c2 <p_us>
    288e:	02a70633          	mul	a2,a4,a0
    2892:	cb90                	sw	a2,16(a5)
    2894:	cbd4                	sw	a3,20(a5)
    2896:	4398                	lw	a4,0(a5)
    2898:	01076713          	ori	a4,a4,16
    289c:	c398                	sw	a4,0(a5)
    289e:	4398                	lw	a4,0(a5)
    28a0:	02176713          	ori	a4,a4,33
    28a4:	c398                	sw	a4,0(a5)
    28a6:	43d8                	lw	a4,4(a5)
    28a8:	8b05                	andi	a4,a4,1
    28aa:	df75                	beqz	a4,28a6 <Delay_Us+0x28>
    28ac:	4398                	lw	a4,0(a5)
    28ae:	9b79                	andi	a4,a4,-2
    28b0:	c398                	sw	a4,0(a5)
    28b2:	8082                	ret

000028b4 <USART_Printf_Init>:
    28b4:	113002ef          	jal	t0,31c6 <__riscv_save_0>
    28b8:	7179                	addi	sp,sp,-48
    28ba:	842a                	mv	s0,a0
    28bc:	4585                	li	a1,1
    28be:	00020537          	lui	a0,0x20
    28c2:	c602                	sw	zero,12(sp)
    28c4:	c802                	sw	zero,16(sp)
    28c6:	c74ff0ef          	jal	ra,1d3a <RCC_APB1PeriphClockCmd>
    28ca:	4585                	li	a1,1
    28cc:	4511                	li	a0,4
    28ce:	c4eff0ef          	jal	ra,1d1c <RCC_APB2PeriphClockCmd>
    28d2:	4791                	li	a5,4
    28d4:	82fc                	sh	a5,20(sp)
    28d6:	40011537          	lui	a0,0x40011
    28da:	478d                	li	a5,3
    28dc:	cc3e                	sw	a5,24(sp)
    28de:	084c                	addi	a1,sp,20
    28e0:	47e1                	li	a5,24
    28e2:	80050513          	addi	a0,a0,-2048 # 40010800 <_eusrstack+0x20000800>
    28e6:	ce3e                	sw	a5,28(sp)
    28e8:	980ff0ef          	jal	ra,1a68 <GPIO_Init>
    28ec:	d022                	sw	s0,32(sp)
    28ee:	40004437          	lui	s0,0x40004
    28f2:	000807b7          	lui	a5,0x80
    28f6:	100c                	addi	a1,sp,32
    28f8:	40040513          	addi	a0,s0,1024 # 40004400 <_eusrstack+0x1fff4400>
    28fc:	d43e                	sw	a5,40(sp)
    28fe:	d202                	sw	zero,36(sp)
    2900:	02011623          	sh	zero,44(sp)
    2904:	a39ff0ef          	jal	ra,233c <USART_Init>
    2908:	40040513          	addi	a0,s0,1024
    290c:	4605                	li	a2,1
    290e:	52500593          	li	a1,1317
    2912:	34d5                	jal	23f6 <USART_ITConfig>
    2914:	4605                	li	a2,1
    2916:	62600593          	li	a1,1574
    291a:	40040513          	addi	a0,s0,1024
    291e:	3ce1                	jal	23f6 <USART_ITConfig>
    2920:	23600793          	li	a5,566
    2924:	867c                	sh	a5,12(sp)
    2926:	4789                	li	a5,2
    2928:	875c                	sb	a5,14(sp)
    292a:	0068                	addi	a0,sp,12
    292c:	4785                	li	a5,1
    292e:	c83e                	sw	a5,16(sp)
    2930:	9feff0ef          	jal	ra,1b2e <NVIC_Init>
    2934:	4585                	li	a1,1
    2936:	40040513          	addi	a0,s0,1024
    293a:	3465                	jal	23e2 <USART_Cmd>
    293c:	6145                	addi	sp,sp,48
    293e:	0ad0006f          	j	31ea <__riscv_restore_0>

00002942 <_write>:
    2942:	06b002ef          	jal	t0,31ac <__riscv_save_4>
    2946:	40004437          	lui	s0,0x40004
    294a:	89ae                	mv	s3,a1
    294c:	84b2                	mv	s1,a2
    294e:	4901                	li	s2,0
    2950:	40040413          	addi	s0,s0,1024 # 40004400 <_eusrstack+0x1fff4400>
    2954:	00994563          	blt	s2,s1,295e <_write+0x1c>
    2958:	8526                	mv	a0,s1
    295a:	0870006f          	j	31e0 <__riscv_restore_4>
    295e:	80c1c783          	lbu	a5,-2036(gp) # 2000009c <uart_tx_complete>
    2962:	dff5                	beqz	a5,295e <_write+0x1c>
    2964:	4601                	li	a2,0
    2966:	62600593          	li	a1,1574
    296a:	8522                	mv	a0,s0
    296c:	a8bff0ef          	jal	ra,23f6 <USART_ITConfig>
    2970:	012987b3          	add	a5,s3,s2
    2974:	00078583          	lb	a1,0(a5) # 80000 <_data_lma+0x786fc>
    2978:	8522                	mv	a0,s0
    297a:	0905                	addi	s2,s2,1 # 4001 <_write_r+0x17>
    297c:	05c2                	slli	a1,a1,0x10
    297e:	81c1                	srli	a1,a1,0x10
    2980:	aafff0ef          	jal	ra,242e <USART_SendData>
    2984:	4605                	li	a2,1
    2986:	62600593          	li	a1,1574
    298a:	8522                	mv	a0,s0
    298c:	80018623          	sb	zero,-2036(gp) # 2000009c <uart_tx_complete>
    2990:	a67ff0ef          	jal	ra,23f6 <USART_ITConfig>
    2994:	b7c1                	j	2954 <_write+0x12>

00002996 <_sbrk>:
    2996:	87aa                	mv	a5,a0
    2998:	8081a503          	lw	a0,-2040(gp) # 20000098 <curbrk.0>
    299c:	20002737          	lui	a4,0x20002
    29a0:	0d470713          	addi	a4,a4,212 # 200020d4 <_ebss>
    29a4:	97aa                	add	a5,a5,a0
    29a6:	00e7eb63          	bltu	a5,a4,29bc <_sbrk+0x26>
    29aa:	20010737          	lui	a4,0x20010
    29ae:	80070713          	addi	a4,a4,-2048 # 2000f800 <_heap_end>
    29b2:	00f76563          	bltu	a4,a5,29bc <_sbrk+0x26>
    29b6:	80f1a423          	sw	a5,-2040(gp) # 20000098 <curbrk.0>
    29ba:	8082                	ret
    29bc:	557d                	li	a0,-1
    29be:	8082                	ret

000029c0 <USART2_IRQHandler>:
    29c0:	1141                	addi	sp,sp,-16
    29c2:	c622                	sw	s0,12(sp)
    29c4:	40004437          	lui	s0,0x40004
    29c8:	52500593          	li	a1,1317
    29cc:	40040513          	addi	a0,s0,1024 # 40004400 <_eusrstack+0x1fff4400>
    29d0:	a73ff0ef          	jal	ra,2442 <USART_GetITStatus>
    29d4:	c519                	beqz	a0,29e2 <USART2_IRQHandler+0x22>
    29d6:	52500593          	li	a1,1317
    29da:	40040513          	addi	a0,s0,1024
    29de:	a59ff0ef          	jal	ra,2436 <USART_ClearFlag>
    29e2:	40004437          	lui	s0,0x40004
    29e6:	62600593          	li	a1,1574
    29ea:	40040513          	addi	a0,s0,1024 # 40004400 <_eusrstack+0x1fff4400>
    29ee:	a55ff0ef          	jal	ra,2442 <USART_GetITStatus>
    29f2:	c911                	beqz	a0,2a06 <USART2_IRQHandler+0x46>
    29f4:	4705                	li	a4,1
    29f6:	04000593          	li	a1,64
    29fa:	40040513          	addi	a0,s0,1024
    29fe:	80e18623          	sb	a4,-2036(gp) # 2000009c <uart_tx_complete>
    2a02:	a35ff0ef          	jal	ra,2436 <USART_ClearFlag>
    2a06:	4432                	lw	s0,12(sp)
    2a08:	0141                	addi	sp,sp,16
    2a0a:	30200073          	mret

00002a0e <gpio_get_pin>:
    2a0e:	03f00793          	li	a5,63
    2a12:	00a7eb63          	bltu	a5,a0,2a28 <gpio_get_pin+0x1a>
    2a16:	679d                	lui	a5,0x7
    2a18:	0512                	slli	a0,a0,0x4
    2a1a:	2f878793          	addi	a5,a5,760 # 72f8 <gpio_pins>
    2a1e:	97aa                	add	a5,a5,a0
    2a20:	43c8                	lw	a0,4(a5)
    2a22:	c501                	beqz	a0,2a2a <gpio_get_pin+0x1c>
    2a24:	853e                	mv	a0,a5
    2a26:	8082                	ret
    2a28:	4501                	li	a0,0
    2a2a:	8082                	ret

00002a2c <gpio_irq_handler.part.0>:
    2a2c:	200007b7          	lui	a5,0x20000
    2a30:	0512                	slli	a0,a0,0x4
    2a32:	0e478793          	addi	a5,a5,228 # 200000e4 <gpio_irq_handlers>
    2a36:	97aa                	add	a5,a5,a0
    2a38:	43d8                	lw	a4,4(a5)
    2a3a:	c319                	beqz	a4,2a40 <gpio_irq_handler.part.0+0x14>
    2a3c:	4788                	lw	a0,8(a5)
    2a3e:	8702                	jr	a4
    2a40:	8082                	ret

00002a42 <gpio_init>:
    2a42:	784002ef          	jal	t0,31c6 <__riscv_save_0>
    2a46:	4585                	li	a1,1
    2a48:	4511                	li	a0,4
    2a4a:	ad2ff0ef          	jal	ra,1d1c <RCC_APB2PeriphClockCmd>
    2a4e:	4585                	li	a1,1
    2a50:	4521                	li	a0,8
    2a52:	acaff0ef          	jal	ra,1d1c <RCC_APB2PeriphClockCmd>
    2a56:	4585                	li	a1,1
    2a58:	4541                	li	a0,16
    2a5a:	ac2ff0ef          	jal	ra,1d1c <RCC_APB2PeriphClockCmd>
    2a5e:	4585                	li	a1,1
    2a60:	02000513          	li	a0,32
    2a64:	ab8ff0ef          	jal	ra,1d1c <RCC_APB2PeriphClockCmd>
    2a68:	4501                	li	a0,0
    2a6a:	7800006f          	j	31ea <__riscv_restore_0>

00002a6e <gpio_mode>:
    2a6e:	758002ef          	jal	t0,31c6 <__riscv_save_0>
    2a72:	1141                	addi	sp,sp,-16
    2a74:	842e                	mv	s0,a1
    2a76:	c202                	sw	zero,4(sp)
    2a78:	c402                	sw	zero,8(sp)
    2a7a:	c602                	sw	zero,12(sp)
    2a7c:	3f49                	jal	2a0e <gpio_get_pin>
    2a7e:	c905                	beqz	a0,2aae <gpio_mode+0x40>
    2a80:	251e                	lhu	a5,8(a0)
    2a82:	827c                	sh	a5,4(sp)
    2a84:	478d                	li	a5,3
    2a86:	c43e                	sw	a5,8(sp)
    2a88:	4791                	li	a5,4
    2a8a:	0287e263          	bltu	a5,s0,2aae <gpio_mode+0x40>
    2a8e:	679d                	lui	a5,0x7
    2a90:	18478793          	addi	a5,a5,388 # 7184 <LL_InitiateSetRF+0x320>
    2a94:	040a                	slli	s0,s0,0x2
    2a96:	943e                	add	s0,s0,a5
    2a98:	401c                	lw	a5,0(s0)
    2a9a:	8782                	jr	a5
    2a9c:	02800793          	li	a5,40
    2aa0:	4148                	lw	a0,4(a0)
    2aa2:	004c                	addi	a1,sp,4
    2aa4:	c63e                	sw	a5,12(sp)
    2aa6:	fc3fe0ef          	jal	ra,1a68 <GPIO_Init>
    2aaa:	4501                	li	a0,0
    2aac:	a011                	j	2ab0 <gpio_mode+0x42>
    2aae:	5579                	li	a0,-2
    2ab0:	0141                	addi	sp,sp,16
    2ab2:	7380006f          	j	31ea <__riscv_restore_0>
    2ab6:	04800793          	li	a5,72
    2aba:	b7dd                	j	2aa0 <gpio_mode+0x32>
    2abc:	47d1                	li	a5,20
    2abe:	b7cd                	j	2aa0 <gpio_mode+0x32>
    2ac0:	47c1                	li	a5,16
    2ac2:	bff9                	j	2aa0 <gpio_mode+0x32>

00002ac4 <gpio_write>:
    2ac4:	702002ef          	jal	t0,31c6 <__riscv_save_0>
    2ac8:	842e                	mv	s0,a1
    2aca:	3791                	jal	2a0e <gpio_get_pin>
    2acc:	c909                	beqz	a0,2ade <gpio_write+0x1a>
    2ace:	250e                	lhu	a1,8(a0)
    2ad0:	4148                	lw	a0,4(a0)
    2ad2:	fff40613          	addi	a2,s0,-1
    2ad6:	00163613          	seqz	a2,a2
    2ada:	84aff0ef          	jal	ra,1b24 <GPIO_WriteBit>
    2ade:	70c0006f          	j	31ea <__riscv_restore_0>

00002ae2 <EXTI0_IRQHandler>:
    2ae2:	6e4002ef          	jal	t0,31c6 <__riscv_save_0>
    2ae6:	34011173          	csrrw	sp,mscratch,sp
    2aea:	4505                	li	a0,1
    2aec:	e73fe0ef          	jal	ra,195e <EXTI_GetITStatus>
    2af0:	c511                	beqz	a0,2afc <EXTI0_IRQHandler+0x1a>
    2af2:	4501                	li	a0,0
    2af4:	3f25                	jal	2a2c <gpio_irq_handler.part.0>
    2af6:	4505                	li	a0,1
    2af8:	e81fe0ef          	jal	ra,1978 <EXTI_ClearITPendingBit>
    2afc:	34011173          	csrrw	sp,mscratch,sp
    2b00:	6ea0006f          	j	31ea <__riscv_restore_0>

00002b04 <EXTI1_IRQHandler>:
    2b04:	6c2002ef          	jal	t0,31c6 <__riscv_save_0>
    2b08:	34011173          	csrrw	sp,mscratch,sp
    2b0c:	4509                	li	a0,2
    2b0e:	e51fe0ef          	jal	ra,195e <EXTI_GetITStatus>
    2b12:	c511                	beqz	a0,2b1e <EXTI1_IRQHandler+0x1a>
    2b14:	4505                	li	a0,1
    2b16:	3f19                	jal	2a2c <gpio_irq_handler.part.0>
    2b18:	4509                	li	a0,2
    2b1a:	e5ffe0ef          	jal	ra,1978 <EXTI_ClearITPendingBit>
    2b1e:	34011173          	csrrw	sp,mscratch,sp
    2b22:	a5e1                	j	31ea <__riscv_restore_0>

00002b24 <EXTI2_IRQHandler>:
    2b24:	6a2002ef          	jal	t0,31c6 <__riscv_save_0>
    2b28:	34011173          	csrrw	sp,mscratch,sp
    2b2c:	4511                	li	a0,4
    2b2e:	e31fe0ef          	jal	ra,195e <EXTI_GetITStatus>
    2b32:	c511                	beqz	a0,2b3e <EXTI2_IRQHandler+0x1a>
    2b34:	4509                	li	a0,2
    2b36:	3ddd                	jal	2a2c <gpio_irq_handler.part.0>
    2b38:	4511                	li	a0,4
    2b3a:	e3ffe0ef          	jal	ra,1978 <EXTI_ClearITPendingBit>
    2b3e:	34011173          	csrrw	sp,mscratch,sp
    2b42:	a565                	j	31ea <__riscv_restore_0>

00002b44 <EXTI3_IRQHandler>:
    2b44:	682002ef          	jal	t0,31c6 <__riscv_save_0>
    2b48:	34011173          	csrrw	sp,mscratch,sp
    2b4c:	4521                	li	a0,8
    2b4e:	e11fe0ef          	jal	ra,195e <EXTI_GetITStatus>
    2b52:	c511                	beqz	a0,2b5e <EXTI3_IRQHandler+0x1a>
    2b54:	450d                	li	a0,3
    2b56:	3dd9                	jal	2a2c <gpio_irq_handler.part.0>
    2b58:	4521                	li	a0,8
    2b5a:	e1ffe0ef          	jal	ra,1978 <EXTI_ClearITPendingBit>
    2b5e:	34011173          	csrrw	sp,mscratch,sp
    2b62:	a561                	j	31ea <__riscv_restore_0>

00002b64 <EXTI4_IRQHandler>:
    2b64:	662002ef          	jal	t0,31c6 <__riscv_save_0>
    2b68:	34011173          	csrrw	sp,mscratch,sp
    2b6c:	4541                	li	a0,16
    2b6e:	df1fe0ef          	jal	ra,195e <EXTI_GetITStatus>
    2b72:	c511                	beqz	a0,2b7e <EXTI4_IRQHandler+0x1a>
    2b74:	4511                	li	a0,4
    2b76:	3d5d                	jal	2a2c <gpio_irq_handler.part.0>
    2b78:	4541                	li	a0,16
    2b7a:	dfffe0ef          	jal	ra,1978 <EXTI_ClearITPendingBit>
    2b7e:	34011173          	csrrw	sp,mscratch,sp
    2b82:	a5a5                	j	31ea <__riscv_restore_0>

00002b84 <EXTI9_5_IRQHandler>:
    2b84:	642002ef          	jal	t0,31c6 <__riscv_save_0>
    2b88:	34011173          	csrrw	sp,mscratch,sp
    2b8c:	02000513          	li	a0,32
    2b90:	dcffe0ef          	jal	ra,195e <EXTI_GetITStatus>
    2b94:	c519                	beqz	a0,2ba2 <EXTI9_5_IRQHandler+0x1e>
    2b96:	4515                	li	a0,5
    2b98:	3d51                	jal	2a2c <gpio_irq_handler.part.0>
    2b9a:	02000513          	li	a0,32
    2b9e:	ddbfe0ef          	jal	ra,1978 <EXTI_ClearITPendingBit>
    2ba2:	04000513          	li	a0,64
    2ba6:	db9fe0ef          	jal	ra,195e <EXTI_GetITStatus>
    2baa:	c519                	beqz	a0,2bb8 <EXTI9_5_IRQHandler+0x34>
    2bac:	4519                	li	a0,6
    2bae:	3dbd                	jal	2a2c <gpio_irq_handler.part.0>
    2bb0:	04000513          	li	a0,64
    2bb4:	dc5fe0ef          	jal	ra,1978 <EXTI_ClearITPendingBit>
    2bb8:	08000513          	li	a0,128
    2bbc:	da3fe0ef          	jal	ra,195e <EXTI_GetITStatus>
    2bc0:	c519                	beqz	a0,2bce <EXTI9_5_IRQHandler+0x4a>
    2bc2:	451d                	li	a0,7
    2bc4:	35a5                	jal	2a2c <gpio_irq_handler.part.0>
    2bc6:	08000513          	li	a0,128
    2bca:	daffe0ef          	jal	ra,1978 <EXTI_ClearITPendingBit>
    2bce:	10000513          	li	a0,256
    2bd2:	d8dfe0ef          	jal	ra,195e <EXTI_GetITStatus>
    2bd6:	c519                	beqz	a0,2be4 <EXTI9_5_IRQHandler+0x60>
    2bd8:	4521                	li	a0,8
    2bda:	3d89                	jal	2a2c <gpio_irq_handler.part.0>
    2bdc:	10000513          	li	a0,256
    2be0:	d99fe0ef          	jal	ra,1978 <EXTI_ClearITPendingBit>
    2be4:	20000513          	li	a0,512
    2be8:	d77fe0ef          	jal	ra,195e <EXTI_GetITStatus>
    2bec:	c519                	beqz	a0,2bfa <EXTI9_5_IRQHandler+0x76>
    2bee:	4525                	li	a0,9
    2bf0:	3d35                	jal	2a2c <gpio_irq_handler.part.0>
    2bf2:	20000513          	li	a0,512
    2bf6:	d83fe0ef          	jal	ra,1978 <EXTI_ClearITPendingBit>
    2bfa:	34011173          	csrrw	sp,mscratch,sp
    2bfe:	a3f5                	j	31ea <__riscv_restore_0>

00002c00 <NMI_Handler>:
    2c00:	30200073          	mret

00002c04 <HardFault_Handler>:
    2c04:	beef07b7          	lui	a5,0xbeef0
    2c08:	e000e737          	lui	a4,0xe000e
    2c0c:	08078793          	addi	a5,a5,128 # beef0080 <_eusrstack+0x9eee0080>
    2c10:	c73c                	sw	a5,72(a4)
    2c12:	a001                	j	2c12 <HardFault_Handler+0xe>

00002c14 <BB_IRQHandler>:
    2c14:	dc3fd0ef          	jal	ra,9d6 <BB_IRQLibHandler>
    2c18:	30200073          	mret

00002c1c <main>:
    2c1c:	5aa002ef          	jal	t0,31c6 <__riscv_save_0>
    2c20:	2a21                	jal	2d38 <SystemCoreClockUpdate>
    2c22:	391d                	jal	2858 <Delay_Init>
    2c24:	6571                	lui	a0,0x1c
    2c26:	20050513          	addi	a0,a0,512 # 1c200 <_data_lma+0x148fc>
    2c2a:	3169                	jal	28b4 <USART_Printf_Init>
    2c2c:	651d                	lui	a0,0x7
    2c2e:	6f850513          	addi	a0,a0,1784 # 76f8 <VER_LIB>
    2c32:	2725                	jal	335a <puts>
    2c34:	a2fff0ef          	jal	ra,2662 <WCHBLE_Init>
    2c38:	b47ff0ef          	jal	ra,277e <HAL_Init>
    2c3c:	3519                	jal	2a42 <gpio_init>
    2c3e:	4585                	li	a1,1
    2c40:	02900513          	li	a0,41
    2c44:	352d                	jal	2a6e <gpio_mode>
    2c46:	a77fe0ef          	jal	ra,16bc <led_task_init>
    2c4a:	d44fd0ef          	jal	ra,18e <Main_Circulation>

00002c4e <SystemInit>:
    2c4e:	400217b7          	lui	a5,0x40021
    2c52:	4398                	lw	a4,0(a5)
    2c54:	f0ff06b7          	lui	a3,0xf0ff0
    2c58:	1141                	addi	sp,sp,-16
    2c5a:	00176713          	ori	a4,a4,1
    2c5e:	c398                	sw	a4,0(a5)
    2c60:	43d8                	lw	a4,4(a5)
    2c62:	00020637          	lui	a2,0x20
    2c66:	8f75                	and	a4,a4,a3
    2c68:	c3d8                	sw	a4,4(a5)
    2c6a:	4398                	lw	a4,0(a5)
    2c6c:	fef706b7          	lui	a3,0xfef70
    2c70:	16fd                	addi	a3,a3,-1 # fef6ffff <_eusrstack+0xdef5ffff>
    2c72:	8f75                	and	a4,a4,a3
    2c74:	c398                	sw	a4,0(a5)
    2c76:	4398                	lw	a4,0(a5)
    2c78:	fffc06b7          	lui	a3,0xfffc0
    2c7c:	16fd                	addi	a3,a3,-1 # fffbffff <_eusrstack+0xdffaffff>
    2c7e:	8f75                	and	a4,a4,a3
    2c80:	c398                	sw	a4,0(a5)
    2c82:	43d8                	lw	a4,4(a5)
    2c84:	ff0106b7          	lui	a3,0xff010
    2c88:	16fd                	addi	a3,a3,-1 # ff00ffff <_eusrstack+0xdeffffff>
    2c8a:	8f75                	and	a4,a4,a3
    2c8c:	c3d8                	sw	a4,4(a5)
    2c8e:	009f0737          	lui	a4,0x9f0
    2c92:	c798                	sw	a4,8(a5)
    2c94:	c402                	sw	zero,8(sp)
    2c96:	c602                	sw	zero,12(sp)
    2c98:	4398                	lw	a4,0(a5)
    2c9a:	66c1                	lui	a3,0x10
    2c9c:	8f55                	or	a4,a4,a3
    2c9e:	c398                	sw	a4,0(a5)
    2ca0:	400216b7          	lui	a3,0x40021
    2ca4:	6705                	lui	a4,0x1
    2ca6:	429c                	lw	a5,0(a3)
    2ca8:	8ff1                	and	a5,a5,a2
    2caa:	c63e                	sw	a5,12(sp)
    2cac:	47a2                	lw	a5,8(sp)
    2cae:	0785                	addi	a5,a5,1 # 40021001 <_eusrstack+0x20011001>
    2cb0:	c43e                	sw	a5,8(sp)
    2cb2:	47b2                	lw	a5,12(sp)
    2cb4:	e781                	bnez	a5,2cbc <SystemInit+0x6e>
    2cb6:	47a2                	lw	a5,8(sp)
    2cb8:	fee797e3          	bne	a5,a4,2ca6 <SystemInit+0x58>
    2cbc:	400217b7          	lui	a5,0x40021
    2cc0:	439c                	lw	a5,0(a5)
    2cc2:	00020737          	lui	a4,0x20
    2cc6:	8ff9                	and	a5,a5,a4
    2cc8:	c7b5                	beqz	a5,2d34 <SystemInit+0xe6>
    2cca:	4785                	li	a5,1
    2ccc:	c63e                	sw	a5,12(sp)
    2cce:	4732                	lw	a4,12(sp)
    2cd0:	4785                	li	a5,1
    2cd2:	04f71f63          	bne	a4,a5,2d30 <SystemInit+0xe2>
    2cd6:	400217b7          	lui	a5,0x40021
    2cda:	43d8                	lw	a4,4(a5)
    2cdc:	ffc106b7          	lui	a3,0xffc10
    2ce0:	16fd                	addi	a3,a3,-1 # ffc0ffff <_eusrstack+0xdfbfffff>
    2ce2:	c3d8                	sw	a4,4(a5)
    2ce4:	43d8                	lw	a4,4(a5)
    2ce6:	c3d8                	sw	a4,4(a5)
    2ce8:	43d8                	lw	a4,4(a5)
    2cea:	40076713          	ori	a4,a4,1024
    2cee:	c3d8                	sw	a4,4(a5)
    2cf0:	43d8                	lw	a4,4(a5)
    2cf2:	8f75                	and	a4,a4,a3
    2cf4:	c3d8                	sw	a4,4(a5)
    2cf6:	43d8                	lw	a4,4(a5)
    2cf8:	003d06b7          	lui	a3,0x3d0
    2cfc:	8f55                	or	a4,a4,a3
    2cfe:	c3d8                	sw	a4,4(a5)
    2d00:	4398                	lw	a4,0(a5)
    2d02:	010006b7          	lui	a3,0x1000
    2d06:	8f55                	or	a4,a4,a3
    2d08:	c398                	sw	a4,0(a5)
    2d0a:	020006b7          	lui	a3,0x2000
    2d0e:	4398                	lw	a4,0(a5)
    2d10:	8f75                	and	a4,a4,a3
    2d12:	df75                	beqz	a4,2d0e <SystemInit+0xc0>
    2d14:	43d8                	lw	a4,4(a5)
    2d16:	400216b7          	lui	a3,0x40021
    2d1a:	9b71                	andi	a4,a4,-4
    2d1c:	c3d8                	sw	a4,4(a5)
    2d1e:	43d8                	lw	a4,4(a5)
    2d20:	00276713          	ori	a4,a4,2
    2d24:	c3d8                	sw	a4,4(a5)
    2d26:	4721                	li	a4,8
    2d28:	42dc                	lw	a5,4(a3)
    2d2a:	8bb1                	andi	a5,a5,12
    2d2c:	fee79ee3          	bne	a5,a4,2d28 <SystemInit+0xda>
    2d30:	0141                	addi	sp,sp,16
    2d32:	8082                	ret
    2d34:	c602                	sw	zero,12(sp)
    2d36:	bf61                	j	2cce <SystemInit+0x80>

00002d38 <SystemCoreClockUpdate>:
    2d38:	48e002ef          	jal	t0,31c6 <__riscv_save_0>
    2d3c:	40021737          	lui	a4,0x40021
    2d40:	435c                	lw	a5,4(a4)
    2d42:	4691                	li	a3,4
    2d44:	8bb1                	andi	a5,a5,12
    2d46:	08d78b63          	beq	a5,a3,2ddc <SystemCoreClockUpdate+0xa4>
    2d4a:	46a1                	li	a3,8
    2d4c:	08d79d63          	bne	a5,a3,2de6 <SystemCoreClockUpdate+0xae>
    2d50:	4340                	lw	s0,4(a4)
    2d52:	435c                	lw	a5,4(a4)
    2d54:	6741                	lui	a4,0x10
    2d56:	8049                	srli	s0,s0,0x12
    2d58:	883d                	andi	s0,s0,15
    2d5a:	8ff9                	and	a5,a5,a4
    2d5c:	0409                	addi	s0,s0,2
    2d5e:	4745                	li	a4,17
    2d60:	00e41363          	bne	s0,a4,2d66 <SystemCoreClockUpdate+0x2e>
    2d64:	4449                	li	s0,18
    2d66:	ef81                	bnez	a5,2d7e <SystemCoreClockUpdate+0x46>
    2d68:	400247b7          	lui	a5,0x40024
    2d6c:	8007a783          	lw	a5,-2048(a5) # 40023800 <_eusrstack+0x20013800>
    2d70:	8bc1                	andi	a5,a5,16
    2d72:	c3a5                	beqz	a5,2dd2 <SystemCoreClockUpdate+0x9a>
    2d74:	007a17b7          	lui	a5,0x7a1
    2d78:	20078793          	addi	a5,a5,512 # 7a1200 <_data_lma+0x7998fc>
    2d7c:	a015                	j	2da0 <SystemCoreClockUpdate+0x68>
    2d7e:	400217b7          	lui	a5,0x40021
    2d82:	43dc                	lw	a5,4(a5)
    2d84:	00c00737          	lui	a4,0xc00
    2d88:	8ff9                	and	a5,a5,a4
    2d8a:	02e79d63          	bne	a5,a4,2dc4 <SystemCoreClockUpdate+0x8c>
    2d8e:	fe9fe0ef          	jal	ra,1d76 <RCC_USB5PRE_JUDGE>
    2d92:	4785                	li	a5,1
    2d94:	02f51863          	bne	a0,a5,2dc4 <SystemCoreClockUpdate+0x8c>
    2d98:	00f427b7          	lui	a5,0xf42
    2d9c:	40078793          	addi	a5,a5,1024 # f42400 <_data_lma+0xf3aafc>
    2da0:	02f40433          	mul	s0,s0,a5
    2da4:	400217b7          	lui	a5,0x40021
    2da8:	43d8                	lw	a4,4(a5)
    2daa:	200007b7          	lui	a5,0x20000
    2dae:	01c78793          	addi	a5,a5,28 # 2000001c <AHBPrescTable>
    2db2:	8311                	srli	a4,a4,0x4
    2db4:	8b3d                	andi	a4,a4,15
    2db6:	97ba                	add	a5,a5,a4
    2db8:	239c                	lbu	a5,0(a5)
    2dba:	00f45433          	srl	s0,s0,a5
    2dbe:	8081a823          	sw	s0,-2032(gp) # 200000a0 <SystemCoreClock>
    2dc2:	a125                	j	31ea <__riscv_restore_0>
    2dc4:	400217b7          	lui	a5,0x40021
    2dc8:	43dc                	lw	a5,4(a5)
    2dca:	00020737          	lui	a4,0x20
    2dce:	8ff9                	and	a5,a5,a4
    2dd0:	d3d5                	beqz	a5,2d74 <SystemCoreClockUpdate+0x3c>
    2dd2:	003d17b7          	lui	a5,0x3d1
    2dd6:	90078793          	addi	a5,a5,-1792 # 3d0900 <_data_lma+0x3c8ffc>
    2dda:	b7d9                	j	2da0 <SystemCoreClockUpdate+0x68>
    2ddc:	01e85437          	lui	s0,0x1e85
    2de0:	80040413          	addi	s0,s0,-2048 # 1e84800 <_data_lma+0x1e7cefc>
    2de4:	b7c1                	j	2da4 <SystemCoreClockUpdate+0x6c>
    2de6:	007a1437          	lui	s0,0x7a1
    2dea:	20040413          	addi	s0,s0,512 # 7a1200 <_data_lma+0x7998fc>
    2dee:	bf5d                	j	2da4 <SystemCoreClockUpdate+0x6c>

00002df0 <__udivdi3>:
    2df0:	8832                	mv	a6,a2
    2df2:	88aa                	mv	a7,a0
    2df4:	872e                	mv	a4,a1
    2df6:	eadd                	bnez	a3,2eac <__udivdi3+0xbc>
    2df8:	10c5f163          	bgeu	a1,a2,2efa <__udivdi3+0x10a>
    2dfc:	67c1                	lui	a5,0x10
    2dfe:	18f66d63          	bltu	a2,a5,2f98 <__udivdi3+0x1a8>
    2e02:	010007b7          	lui	a5,0x1000
    2e06:	00f637b3          	sltu	a5,a2,a5
    2e0a:	40f007b3          	neg	a5,a5
    2e0e:	9be1                	andi	a5,a5,-8
    2e10:	07e1                	addi	a5,a5,24 # 1000018 <_data_lma+0xff8714>
    2e12:	00f65333          	srl	t1,a2,a5
    2e16:	00005697          	auipc	a3,0x5
    2e1a:	8fa68693          	addi	a3,a3,-1798 # 7710 <__clz_tab>
    2e1e:	969a                	add	a3,a3,t1
    2e20:	2294                	lbu	a3,0(a3)
    2e22:	02000313          	li	t1,32
    2e26:	97b6                	add	a5,a5,a3
    2e28:	40f306b3          	sub	a3,t1,a5
    2e2c:	00f30b63          	beq	t1,a5,2e42 <__udivdi3+0x52>
    2e30:	00d59733          	sll	a4,a1,a3
    2e34:	00f557b3          	srl	a5,a0,a5
    2e38:	00d61833          	sll	a6,a2,a3
    2e3c:	8f5d                	or	a4,a4,a5
    2e3e:	00d518b3          	sll	a7,a0,a3
    2e42:	01085613          	srli	a2,a6,0x10
    2e46:	02c75533          	divu	a0,a4,a2
    2e4a:	01081693          	slli	a3,a6,0x10
    2e4e:	82c1                	srli	a3,a3,0x10
    2e50:	0108d793          	srli	a5,a7,0x10
    2e54:	02c77733          	remu	a4,a4,a2
    2e58:	02a685b3          	mul	a1,a3,a0
    2e5c:	0742                	slli	a4,a4,0x10
    2e5e:	8fd9                	or	a5,a5,a4
    2e60:	00b7fa63          	bgeu	a5,a1,2e74 <__udivdi3+0x84>
    2e64:	97c2                	add	a5,a5,a6
    2e66:	fff50713          	addi	a4,a0,-1
    2e6a:	0107e463          	bltu	a5,a6,2e72 <__udivdi3+0x82>
    2e6e:	30b7ed63          	bltu	a5,a1,3188 <__udivdi3+0x398>
    2e72:	853a                	mv	a0,a4
    2e74:	8f8d                	sub	a5,a5,a1
    2e76:	02c7d733          	divu	a4,a5,a2
    2e7a:	08c2                	slli	a7,a7,0x10
    2e7c:	0108d893          	srli	a7,a7,0x10
    2e80:	02c7f7b3          	remu	a5,a5,a2
    2e84:	02e686b3          	mul	a3,a3,a4
    2e88:	07c2                	slli	a5,a5,0x10
    2e8a:	00f8e8b3          	or	a7,a7,a5
    2e8e:	00d8fb63          	bgeu	a7,a3,2ea4 <__udivdi3+0xb4>
    2e92:	98c2                	add	a7,a7,a6
    2e94:	fff70793          	addi	a5,a4,-1 # 1ffff <_data_lma+0x186fb>
    2e98:	0108e563          	bltu	a7,a6,2ea2 <__udivdi3+0xb2>
    2e9c:	1779                	addi	a4,a4,-2
    2e9e:	00d8e363          	bltu	a7,a3,2ea4 <__udivdi3+0xb4>
    2ea2:	873e                	mv	a4,a5
    2ea4:	0542                	slli	a0,a0,0x10
    2ea6:	8d59                	or	a0,a0,a4
    2ea8:	4581                	li	a1,0
    2eaa:	8082                	ret
    2eac:	00d5f563          	bgeu	a1,a3,2eb6 <__udivdi3+0xc6>
    2eb0:	4581                	li	a1,0
    2eb2:	4501                	li	a0,0
    2eb4:	8082                	ret
    2eb6:	67c1                	lui	a5,0x10
    2eb8:	18f6e763          	bltu	a3,a5,3046 <__udivdi3+0x256>
    2ebc:	010007b7          	lui	a5,0x1000
    2ec0:	00f6b7b3          	sltu	a5,a3,a5
    2ec4:	40f007b3          	neg	a5,a5
    2ec8:	9be1                	andi	a5,a5,-8
    2eca:	07e1                	addi	a5,a5,24 # 1000018 <_data_lma+0xff8714>
    2ecc:	00f6d833          	srl	a6,a3,a5
    2ed0:	00005717          	auipc	a4,0x5
    2ed4:	84070713          	addi	a4,a4,-1984 # 7710 <__clz_tab>
    2ed8:	9742                	add	a4,a4,a6
    2eda:	2318                	lbu	a4,0(a4)
    2edc:	02000893          	li	a7,32
    2ee0:	973e                	add	a4,a4,a5
    2ee2:	40e88833          	sub	a6,a7,a4
    2ee6:	18e89463          	bne	a7,a4,306e <__udivdi3+0x27e>
    2eea:	28b6e163          	bltu	a3,a1,316c <__udivdi3+0x37c>
    2eee:	00c53533          	sltu	a0,a0,a2
    2ef2:	00154513          	xori	a0,a0,1
    2ef6:	4581                	li	a1,0
    2ef8:	8082                	ret
    2efa:	c64d                	beqz	a2,2fa4 <__udivdi3+0x1b4>
    2efc:	67c1                	lui	a5,0x10
    2efe:	24f67f63          	bgeu	a2,a5,315c <__udivdi3+0x36c>
    2f02:	10063713          	sltiu	a4,a2,256
    2f06:	00174713          	xori	a4,a4,1
    2f0a:	070e                	slli	a4,a4,0x3
    2f0c:	00e656b3          	srl	a3,a2,a4
    2f10:	00005797          	auipc	a5,0x5
    2f14:	80078793          	addi	a5,a5,-2048 # 7710 <__clz_tab>
    2f18:	97b6                	add	a5,a5,a3
    2f1a:	239c                	lbu	a5,0(a5)
    2f1c:	02000693          	li	a3,32
    2f20:	97ba                	add	a5,a5,a4
    2f22:	40f68eb3          	sub	t4,a3,a5
    2f26:	08f69e63          	bne	a3,a5,2fc2 <__udivdi3+0x1d2>
    2f2a:	40c587b3          	sub	a5,a1,a2
    2f2e:	01065693          	srli	a3,a2,0x10
    2f32:	0642                	slli	a2,a2,0x10
    2f34:	8241                	srli	a2,a2,0x10
    2f36:	4585                	li	a1,1
    2f38:	02d7d533          	divu	a0,a5,a3
    2f3c:	0108d713          	srli	a4,a7,0x10
    2f40:	02d7f7b3          	remu	a5,a5,a3
    2f44:	02c50333          	mul	t1,a0,a2
    2f48:	07c2                	slli	a5,a5,0x10
    2f4a:	8fd9                	or	a5,a5,a4
    2f4c:	0067fa63          	bgeu	a5,t1,2f60 <__udivdi3+0x170>
    2f50:	97c2                	add	a5,a5,a6
    2f52:	fff50713          	addi	a4,a0,-1
    2f56:	0107e463          	bltu	a5,a6,2f5e <__udivdi3+0x16e>
    2f5a:	2267e463          	bltu	a5,t1,3182 <__udivdi3+0x392>
    2f5e:	853a                	mv	a0,a4
    2f60:	406787b3          	sub	a5,a5,t1
    2f64:	02d7d733          	divu	a4,a5,a3
    2f68:	08c2                	slli	a7,a7,0x10
    2f6a:	0108d893          	srli	a7,a7,0x10
    2f6e:	02d7f7b3          	remu	a5,a5,a3
    2f72:	02c70633          	mul	a2,a4,a2
    2f76:	07c2                	slli	a5,a5,0x10
    2f78:	00f8e8b3          	or	a7,a7,a5
    2f7c:	00c8fb63          	bgeu	a7,a2,2f92 <__udivdi3+0x1a2>
    2f80:	98c2                	add	a7,a7,a6
    2f82:	fff70793          	addi	a5,a4,-1
    2f86:	0108e563          	bltu	a7,a6,2f90 <__udivdi3+0x1a0>
    2f8a:	1779                	addi	a4,a4,-2
    2f8c:	00c8e363          	bltu	a7,a2,2f92 <__udivdi3+0x1a2>
    2f90:	873e                	mv	a4,a5
    2f92:	0542                	slli	a0,a0,0x10
    2f94:	8d59                	or	a0,a0,a4
    2f96:	8082                	ret
    2f98:	10063793          	sltiu	a5,a2,256
    2f9c:	0017c793          	xori	a5,a5,1
    2fa0:	078e                	slli	a5,a5,0x3
    2fa2:	bd85                	j	2e12 <__udivdi3+0x22>
    2fa4:	4681                	li	a3,0
    2fa6:	00004797          	auipc	a5,0x4
    2faa:	76a78793          	addi	a5,a5,1898 # 7710 <__clz_tab>
    2fae:	97b6                	add	a5,a5,a3
    2fb0:	239c                	lbu	a5,0(a5)
    2fb2:	4701                	li	a4,0
    2fb4:	02000693          	li	a3,32
    2fb8:	97ba                	add	a5,a5,a4
    2fba:	40f68eb3          	sub	t4,a3,a5
    2fbe:	f6f686e3          	beq	a3,a5,2f2a <__udivdi3+0x13a>
    2fc2:	01d61833          	sll	a6,a2,t4
    2fc6:	00f5d333          	srl	t1,a1,a5
    2fca:	01085693          	srli	a3,a6,0x10
    2fce:	02d35e33          	divu	t3,t1,a3
    2fd2:	01081613          	slli	a2,a6,0x10
    2fd6:	01d595b3          	sll	a1,a1,t4
    2fda:	8241                	srli	a2,a2,0x10
    2fdc:	00f557b3          	srl	a5,a0,a5
    2fe0:	8fcd                	or	a5,a5,a1
    2fe2:	0107d713          	srli	a4,a5,0x10
    2fe6:	01d518b3          	sll	a7,a0,t4
    2fea:	02d37333          	remu	t1,t1,a3
    2fee:	03c605b3          	mul	a1,a2,t3
    2ff2:	0342                	slli	t1,t1,0x10
    2ff4:	00676733          	or	a4,a4,t1
    2ff8:	00b77b63          	bgeu	a4,a1,300e <__udivdi3+0x21e>
    2ffc:	9742                	add	a4,a4,a6
    2ffe:	fffe0513          	addi	a0,t3,-1
    3002:	17076c63          	bltu	a4,a6,317a <__udivdi3+0x38a>
    3006:	16b77a63          	bgeu	a4,a1,317a <__udivdi3+0x38a>
    300a:	1e79                	addi	t3,t3,-2
    300c:	9742                	add	a4,a4,a6
    300e:	8f0d                	sub	a4,a4,a1
    3010:	02d75533          	divu	a0,a4,a3
    3014:	07c2                	slli	a5,a5,0x10
    3016:	83c1                	srli	a5,a5,0x10
    3018:	02d77733          	remu	a4,a4,a3
    301c:	02a60333          	mul	t1,a2,a0
    3020:	0742                	slli	a4,a4,0x10
    3022:	8fd9                	or	a5,a5,a4
    3024:	0067fb63          	bgeu	a5,t1,303a <__udivdi3+0x24a>
    3028:	97c2                	add	a5,a5,a6
    302a:	fff50713          	addi	a4,a0,-1
    302e:	1507e263          	bltu	a5,a6,3172 <__udivdi3+0x382>
    3032:	1467f063          	bgeu	a5,t1,3172 <__udivdi3+0x382>
    3036:	1579                	addi	a0,a0,-2
    3038:	97c2                	add	a5,a5,a6
    303a:	010e1593          	slli	a1,t3,0x10
    303e:	406787b3          	sub	a5,a5,t1
    3042:	8dc9                	or	a1,a1,a0
    3044:	bdd5                	j	2f38 <__udivdi3+0x148>
    3046:	1006b793          	sltiu	a5,a3,256
    304a:	0017c793          	xori	a5,a5,1
    304e:	078e                	slli	a5,a5,0x3
    3050:	00f6d833          	srl	a6,a3,a5
    3054:	00004717          	auipc	a4,0x4
    3058:	6bc70713          	addi	a4,a4,1724 # 7710 <__clz_tab>
    305c:	9742                	add	a4,a4,a6
    305e:	2318                	lbu	a4,0(a4)
    3060:	02000893          	li	a7,32
    3064:	973e                	add	a4,a4,a5
    3066:	40e88833          	sub	a6,a7,a4
    306a:	e8e880e3          	beq	a7,a4,2eea <__udivdi3+0xfa>
    306e:	00e65e33          	srl	t3,a2,a4
    3072:	010696b3          	sll	a3,a3,a6
    3076:	00de6e33          	or	t3,t3,a3
    307a:	00e5d8b3          	srl	a7,a1,a4
    307e:	010e5e93          	srli	t4,t3,0x10
    3082:	03d8d7b3          	divu	a5,a7,t4
    3086:	010e1313          	slli	t1,t3,0x10
    308a:	010595b3          	sll	a1,a1,a6
    308e:	01035313          	srli	t1,t1,0x10
    3092:	00e55733          	srl	a4,a0,a4
    3096:	8f4d                	or	a4,a4,a1
    3098:	01075693          	srli	a3,a4,0x10
    309c:	01061633          	sll	a2,a2,a6
    30a0:	03d8f8b3          	remu	a7,a7,t4
    30a4:	02f305b3          	mul	a1,t1,a5
    30a8:	08c2                	slli	a7,a7,0x10
    30aa:	0116e6b3          	or	a3,a3,a7
    30ae:	00b6fb63          	bgeu	a3,a1,30c4 <__udivdi3+0x2d4>
    30b2:	96f2                	add	a3,a3,t3
    30b4:	fff78893          	addi	a7,a5,-1
    30b8:	0dc6e363          	bltu	a3,t3,317e <__udivdi3+0x38e>
    30bc:	0cb6f163          	bgeu	a3,a1,317e <__udivdi3+0x38e>
    30c0:	17f9                	addi	a5,a5,-2
    30c2:	96f2                	add	a3,a3,t3
    30c4:	8e8d                	sub	a3,a3,a1
    30c6:	03d6d5b3          	divu	a1,a3,t4
    30ca:	0742                	slli	a4,a4,0x10
    30cc:	8341                	srli	a4,a4,0x10
    30ce:	03d6f6b3          	remu	a3,a3,t4
    30d2:	02b308b3          	mul	a7,t1,a1
    30d6:	06c2                	slli	a3,a3,0x10
    30d8:	8f55                	or	a4,a4,a3
    30da:	01177b63          	bgeu	a4,a7,30f0 <__udivdi3+0x300>
    30de:	9772                	add	a4,a4,t3
    30e0:	fff58693          	addi	a3,a1,-1 # 3fff <_write_r+0x15>
    30e4:	09c76963          	bltu	a4,t3,3176 <__udivdi3+0x386>
    30e8:	09177763          	bgeu	a4,a7,3176 <__udivdi3+0x386>
    30ec:	15f9                	addi	a1,a1,-2
    30ee:	9772                	add	a4,a4,t3
    30f0:	07c2                	slli	a5,a5,0x10
    30f2:	6ec1                	lui	t4,0x10
    30f4:	8fcd                	or	a5,a5,a1
    30f6:	fffe8693          	addi	a3,t4,-1 # ffff <_data_lma+0x86fb>
    30fa:	00d7f5b3          	and	a1,a5,a3
    30fe:	0107d313          	srli	t1,a5,0x10
    3102:	8ef1                	and	a3,a3,a2
    3104:	8241                	srli	a2,a2,0x10
    3106:	02d58e33          	mul	t3,a1,a3
    310a:	41170733          	sub	a4,a4,a7
    310e:	02d306b3          	mul	a3,t1,a3
    3112:	010e5893          	srli	a7,t3,0x10
    3116:	02c585b3          	mul	a1,a1,a2
    311a:	95b6                	add	a1,a1,a3
    311c:	95c6                	add	a1,a1,a7
    311e:	02c30333          	mul	t1,t1,a2
    3122:	00d5f363          	bgeu	a1,a3,3128 <__udivdi3+0x338>
    3126:	9376                	add	t1,t1,t4
    3128:	0105d693          	srli	a3,a1,0x10
    312c:	969a                	add	a3,a3,t1
    312e:	02d76363          	bltu	a4,a3,3154 <__udivdi3+0x364>
    3132:	00d70563          	beq	a4,a3,313c <__udivdi3+0x34c>
    3136:	853e                	mv	a0,a5
    3138:	4581                	li	a1,0
    313a:	8082                	ret
    313c:	66c1                	lui	a3,0x10
    313e:	16fd                	addi	a3,a3,-1 # ffff <_data_lma+0x86fb>
    3140:	00d5f733          	and	a4,a1,a3
    3144:	0742                	slli	a4,a4,0x10
    3146:	00de7e33          	and	t3,t3,a3
    314a:	01051533          	sll	a0,a0,a6
    314e:	9772                	add	a4,a4,t3
    3150:	fee573e3          	bgeu	a0,a4,3136 <__udivdi3+0x346>
    3154:	fff78513          	addi	a0,a5,-1
    3158:	4581                	li	a1,0
    315a:	8082                	ret
    315c:	010007b7          	lui	a5,0x1000
    3160:	02f67763          	bgeu	a2,a5,318e <__udivdi3+0x39e>
    3164:	01065693          	srli	a3,a2,0x10
    3168:	4741                	li	a4,16
    316a:	b35d                	j	2f10 <__udivdi3+0x120>
    316c:	4581                	li	a1,0
    316e:	4505                	li	a0,1
    3170:	8082                	ret
    3172:	853a                	mv	a0,a4
    3174:	b5d9                	j	303a <__udivdi3+0x24a>
    3176:	85b6                	mv	a1,a3
    3178:	bfa5                	j	30f0 <__udivdi3+0x300>
    317a:	8e2a                	mv	t3,a0
    317c:	bd49                	j	300e <__udivdi3+0x21e>
    317e:	87c6                	mv	a5,a7
    3180:	b791                	j	30c4 <__udivdi3+0x2d4>
    3182:	1579                	addi	a0,a0,-2
    3184:	97c2                	add	a5,a5,a6
    3186:	bbe9                	j	2f60 <__udivdi3+0x170>
    3188:	1579                	addi	a0,a0,-2
    318a:	97c2                	add	a5,a5,a6
    318c:	b1e5                	j	2e74 <__udivdi3+0x84>
    318e:	01865693          	srli	a3,a2,0x18
    3192:	4761                	li	a4,24
    3194:	bbb5                	j	2f10 <__udivdi3+0x120>

00003196 <__riscv_save_12>:
    3196:	7139                	addi	sp,sp,-64
    3198:	4301                	li	t1,0
    319a:	c66e                	sw	s11,12(sp)
    319c:	a019                	j	31a2 <__riscv_save_10+0x4>

0000319e <__riscv_save_10>:
    319e:	7139                	addi	sp,sp,-64
    31a0:	5341                	li	t1,-16
    31a2:	c86a                	sw	s10,16(sp)
    31a4:	ca66                	sw	s9,20(sp)
    31a6:	cc62                	sw	s8,24(sp)
    31a8:	ce5e                	sw	s7,28(sp)
    31aa:	a019                	j	31b0 <__riscv_save_4+0x4>

000031ac <__riscv_save_4>:
    31ac:	7139                	addi	sp,sp,-64
    31ae:	5301                	li	t1,-32
    31b0:	d05a                	sw	s6,32(sp)
    31b2:	d256                	sw	s5,36(sp)
    31b4:	d452                	sw	s4,40(sp)
    31b6:	d64e                	sw	s3,44(sp)
    31b8:	d84a                	sw	s2,48(sp)
    31ba:	da26                	sw	s1,52(sp)
    31bc:	dc22                	sw	s0,56(sp)
    31be:	de06                	sw	ra,60(sp)
    31c0:	40610133          	sub	sp,sp,t1
    31c4:	8282                	jr	t0

000031c6 <__riscv_save_0>:
    31c6:	1141                	addi	sp,sp,-16
    31c8:	c04a                	sw	s2,0(sp)
    31ca:	c226                	sw	s1,4(sp)
    31cc:	c422                	sw	s0,8(sp)
    31ce:	c606                	sw	ra,12(sp)
    31d0:	8282                	jr	t0

000031d2 <__riscv_restore_12>:
    31d2:	4db2                	lw	s11,12(sp)
    31d4:	0141                	addi	sp,sp,16

000031d6 <__riscv_restore_10>:
    31d6:	4d02                	lw	s10,0(sp)
    31d8:	4c92                	lw	s9,4(sp)
    31da:	4c22                	lw	s8,8(sp)
    31dc:	4bb2                	lw	s7,12(sp)
    31de:	0141                	addi	sp,sp,16

000031e0 <__riscv_restore_4>:
    31e0:	4b02                	lw	s6,0(sp)
    31e2:	4a92                	lw	s5,4(sp)
    31e4:	4a22                	lw	s4,8(sp)
    31e6:	49b2                	lw	s3,12(sp)
    31e8:	0141                	addi	sp,sp,16

000031ea <__riscv_restore_0>:
    31ea:	4902                	lw	s2,0(sp)
    31ec:	4492                	lw	s1,4(sp)
    31ee:	4422                	lw	s0,8(sp)
    31f0:	40b2                	lw	ra,12(sp)
    31f2:	0141                	addi	sp,sp,16
    31f4:	8082                	ret

000031f6 <memcpy>:
    31f6:	832a                	mv	t1,a0
    31f8:	ca09                	beqz	a2,320a <memcpy+0x14>
    31fa:	00058383          	lb	t2,0(a1)
    31fe:	00730023          	sb	t2,0(t1)
    3202:	167d                	addi	a2,a2,-1 # 1ffff <_data_lma+0x186fb>
    3204:	0305                	addi	t1,t1,1
    3206:	0585                	addi	a1,a1,1
    3208:	fa6d                	bnez	a2,31fa <memcpy+0x4>
    320a:	8082                	ret

0000320c <memset>:
    320c:	832a                	mv	t1,a0
    320e:	c611                	beqz	a2,321a <memset+0xe>
    3210:	00b30023          	sb	a1,0(t1)
    3214:	167d                	addi	a2,a2,-1
    3216:	0305                	addi	t1,t1,1
    3218:	fe65                	bnez	a2,3210 <memset+0x4>
    321a:	8082                	ret

0000321c <iprintf>:
    321c:	715d                	addi	sp,sp,-80
    321e:	d422                	sw	s0,40(sp)
    3220:	d606                	sw	ra,44(sp)
    3222:	842a                	mv	s0,a0
    3224:	da2e                	sw	a1,52(sp)
    3226:	dc32                	sw	a2,56(sp)
    3228:	de36                	sw	a3,60(sp)
    322a:	c0ba                	sw	a4,64(sp)
    322c:	c2be                	sw	a5,68(sp)
    322e:	c4c2                	sw	a6,72(sp)
    3230:	c6c6                	sw	a7,76(sp)
    3232:	8141a503          	lw	a0,-2028(gp) # 200000a4 <_impure_ptr>
    3236:	c511                	beqz	a0,3242 <iprintf+0x26>
    3238:	4d1c                	lw	a5,24(a0)
    323a:	e781                	bnez	a5,3242 <iprintf+0x26>
    323c:	c62a                	sw	a0,12(sp)
    323e:	2b91                	jal	3792 <__sinit>
    3240:	4532                	lw	a0,12(sp)
    3242:	450c                	lw	a1,8(a0)
    3244:	1854                	addi	a3,sp,52
    3246:	8622                	mv	a2,s0
    3248:	ce36                	sw	a3,28(sp)
    324a:	211000ef          	jal	ra,3c5a <_vfiprintf_r>
    324e:	50b2                	lw	ra,44(sp)
    3250:	5422                	lw	s0,40(sp)
    3252:	6161                	addi	sp,sp,80
    3254:	8082                	ret

00003256 <_puts_r>:
    3256:	1101                	addi	sp,sp,-32
    3258:	ca26                	sw	s1,20(sp)
    325a:	ce06                	sw	ra,28(sp)
    325c:	cc22                	sw	s0,24(sp)
    325e:	c84a                	sw	s2,16(sp)
    3260:	c64e                	sw	s3,12(sp)
    3262:	c452                	sw	s4,8(sp)
    3264:	84aa                	mv	s1,a0
    3266:	e119                	bnez	a0,326c <_puts_r+0x16>
    3268:	451c                	lw	a5,8(a0)
    326a:	9002                	ebreak
    326c:	4d1c                	lw	a5,24(a0)
    326e:	892e                	mv	s2,a1
    3270:	e3ad                	bnez	a5,32d2 <_puts_r+0x7c>
    3272:	2305                	jal	3792 <__sinit>
    3274:	4c9c                	lw	a5,24(s1)
    3276:	4480                	lw	s0,8(s1)
    3278:	cfb9                	beqz	a5,32d6 <_puts_r+0x80>
    327a:	00004797          	auipc	a5,0x4
    327e:	5d678793          	addi	a5,a5,1494 # 7850 <__sf_fake_stdin>
    3282:	04f41d63          	bne	s0,a5,32dc <_puts_r+0x86>
    3286:	40c0                	lw	s0,4(s1)
    3288:	507c                	lw	a5,100(s0)
    328a:	8b85                	andi	a5,a5,1
    328c:	e799                	bnez	a5,329a <_puts_r+0x44>
    328e:	245e                	lhu	a5,12(s0)
    3290:	2007f793          	andi	a5,a5,512
    3294:	e399                	bnez	a5,329a <_puts_r+0x44>
    3296:	4c28                	lw	a0,88(s0)
    3298:	2d8d                	jal	390a <__retarget_lock_acquire_recursive>
    329a:	245e                	lhu	a5,12(s0)
    329c:	8ba1                	andi	a5,a5,8
    329e:	c399                	beqz	a5,32a4 <_puts_r+0x4e>
    32a0:	481c                	lw	a5,16(s0)
    32a2:	e3d5                	bnez	a5,3346 <_puts_r+0xf0>
    32a4:	85a2                	mv	a1,s0
    32a6:	8526                	mv	a0,s1
    32a8:	2a9d                	jal	341e <__swsetup_r>
    32aa:	cd51                	beqz	a0,3346 <_puts_r+0xf0>
    32ac:	54fd                	li	s1,-1
    32ae:	507c                	lw	a5,100(s0)
    32b0:	8b85                	andi	a5,a5,1
    32b2:	e799                	bnez	a5,32c0 <_puts_r+0x6a>
    32b4:	245e                	lhu	a5,12(s0)
    32b6:	2007f793          	andi	a5,a5,512
    32ba:	e399                	bnez	a5,32c0 <_puts_r+0x6a>
    32bc:	4c28                	lw	a0,88(s0)
    32be:	25b9                	jal	390c <__retarget_lock_release_recursive>
    32c0:	40f2                	lw	ra,28(sp)
    32c2:	4462                	lw	s0,24(sp)
    32c4:	4942                	lw	s2,16(sp)
    32c6:	49b2                	lw	s3,12(sp)
    32c8:	4a22                	lw	s4,8(sp)
    32ca:	8526                	mv	a0,s1
    32cc:	44d2                	lw	s1,20(sp)
    32ce:	6105                	addi	sp,sp,32
    32d0:	8082                	ret
    32d2:	4500                	lw	s0,8(a0)
    32d4:	b75d                	j	327a <_puts_r+0x24>
    32d6:	8526                	mv	a0,s1
    32d8:	296d                	jal	3792 <__sinit>
    32da:	b745                	j	327a <_puts_r+0x24>
    32dc:	00004797          	auipc	a5,0x4
    32e0:	55478793          	addi	a5,a5,1364 # 7830 <__sf_fake_stdout>
    32e4:	00f41463          	bne	s0,a5,32ec <_puts_r+0x96>
    32e8:	4480                	lw	s0,8(s1)
    32ea:	bf79                	j	3288 <_puts_r+0x32>
    32ec:	00004797          	auipc	a5,0x4
    32f0:	52478793          	addi	a5,a5,1316 # 7810 <__sf_fake_stderr>
    32f4:	f8f41ae3          	bne	s0,a5,3288 <_puts_r+0x32>
    32f8:	44c0                	lw	s0,12(s1)
    32fa:	b779                	j	3288 <_puts_r+0x32>
    32fc:	c41c                	sw	a5,8(s0)
    32fe:	0905                	addi	s2,s2,1
    3300:	0207c863          	bltz	a5,3330 <_puts_r+0xda>
    3304:	401c                	lw	a5,0(s0)
    3306:	00178713          	addi	a4,a5,1
    330a:	c018                	sw	a4,0(s0)
    330c:	a38c                	sb	a1,0(a5)
    330e:	441c                	lw	a5,8(s0)
    3310:	00094583          	lbu	a1,0(s2)
    3314:	17fd                	addi	a5,a5,-1
    3316:	f1fd                	bnez	a1,32fc <_puts_r+0xa6>
    3318:	c41c                	sw	a5,8(s0)
    331a:	0207d963          	bgez	a5,334c <_puts_r+0xf6>
    331e:	8622                	mv	a2,s0
    3320:	45a9                	li	a1,10
    3322:	8526                	mv	a0,s1
    3324:	283d                	jal	3362 <__swbuf_r>
    3326:	57fd                	li	a5,-1
    3328:	f8f502e3          	beq	a0,a5,32ac <_puts_r+0x56>
    332c:	44a9                	li	s1,10
    332e:	b741                	j	32ae <_puts_r+0x58>
    3330:	4c18                	lw	a4,24(s0)
    3332:	00e7c463          	blt	a5,a4,333a <_puts_r+0xe4>
    3336:	fd4597e3          	bne	a1,s4,3304 <_puts_r+0xae>
    333a:	8622                	mv	a2,s0
    333c:	8526                	mv	a0,s1
    333e:	2015                	jal	3362 <__swbuf_r>
    3340:	fd3517e3          	bne	a0,s3,330e <_puts_r+0xb8>
    3344:	b7a5                	j	32ac <_puts_r+0x56>
    3346:	59fd                	li	s3,-1
    3348:	4a29                	li	s4,10
    334a:	b7d1                	j	330e <_puts_r+0xb8>
    334c:	401c                	lw	a5,0(s0)
    334e:	00178713          	addi	a4,a5,1
    3352:	c018                	sw	a4,0(s0)
    3354:	4729                	li	a4,10
    3356:	a398                	sb	a4,0(a5)
    3358:	bfd1                	j	332c <_puts_r+0xd6>

0000335a <puts>:
    335a:	85aa                	mv	a1,a0
    335c:	8141a503          	lw	a0,-2028(gp) # 200000a4 <_impure_ptr>
    3360:	bddd                	j	3256 <_puts_r>

00003362 <__swbuf_r>:
    3362:	1101                	addi	sp,sp,-32
    3364:	cc22                	sw	s0,24(sp)
    3366:	ca26                	sw	s1,20(sp)
    3368:	c84a                	sw	s2,16(sp)
    336a:	ce06                	sw	ra,28(sp)
    336c:	c64e                	sw	s3,12(sp)
    336e:	84aa                	mv	s1,a0
    3370:	892e                	mv	s2,a1
    3372:	8432                	mv	s0,a2
    3374:	c501                	beqz	a0,337c <__swbuf_r+0x1a>
    3376:	4d1c                	lw	a5,24(a0)
    3378:	e391                	bnez	a5,337c <__swbuf_r+0x1a>
    337a:	2921                	jal	3792 <__sinit>
    337c:	00004797          	auipc	a5,0x4
    3380:	4d478793          	addi	a5,a5,1236 # 7850 <__sf_fake_stdin>
    3384:	02f41763          	bne	s0,a5,33b2 <__swbuf_r+0x50>
    3388:	40c0                	lw	s0,4(s1)
    338a:	4c1c                	lw	a5,24(s0)
    338c:	c41c                	sw	a5,8(s0)
    338e:	245e                	lhu	a5,12(s0)
    3390:	8ba1                	andi	a5,a5,8
    3392:	c399                	beqz	a5,3398 <__swbuf_r+0x36>
    3394:	481c                	lw	a5,16(s0)
    3396:	ef95                	bnez	a5,33d2 <__swbuf_r+0x70>
    3398:	85a2                	mv	a1,s0
    339a:	8526                	mv	a0,s1
    339c:	2049                	jal	341e <__swsetup_r>
    339e:	c915                	beqz	a0,33d2 <__swbuf_r+0x70>
    33a0:	597d                	li	s2,-1
    33a2:	40f2                	lw	ra,28(sp)
    33a4:	4462                	lw	s0,24(sp)
    33a6:	44d2                	lw	s1,20(sp)
    33a8:	49b2                	lw	s3,12(sp)
    33aa:	854a                	mv	a0,s2
    33ac:	4942                	lw	s2,16(sp)
    33ae:	6105                	addi	sp,sp,32
    33b0:	8082                	ret
    33b2:	00004797          	auipc	a5,0x4
    33b6:	47e78793          	addi	a5,a5,1150 # 7830 <__sf_fake_stdout>
    33ba:	00f41463          	bne	s0,a5,33c2 <__swbuf_r+0x60>
    33be:	4480                	lw	s0,8(s1)
    33c0:	b7e9                	j	338a <__swbuf_r+0x28>
    33c2:	00004797          	auipc	a5,0x4
    33c6:	44e78793          	addi	a5,a5,1102 # 7810 <__sf_fake_stderr>
    33ca:	fcf410e3          	bne	s0,a5,338a <__swbuf_r+0x28>
    33ce:	44c0                	lw	s0,12(s1)
    33d0:	bf6d                	j	338a <__swbuf_r+0x28>
    33d2:	481c                	lw	a5,16(s0)
    33d4:	4008                	lw	a0,0(s0)
    33d6:	0ff97993          	zext.b	s3,s2
    33da:	0ff97913          	zext.b	s2,s2
    33de:	8d1d                	sub	a0,a0,a5
    33e0:	485c                	lw	a5,20(s0)
    33e2:	00f54663          	blt	a0,a5,33ee <__swbuf_r+0x8c>
    33e6:	85a2                	mv	a1,s0
    33e8:	8526                	mv	a0,s1
    33ea:	2c91                	jal	363e <_fflush_r>
    33ec:	f955                	bnez	a0,33a0 <__swbuf_r+0x3e>
    33ee:	441c                	lw	a5,8(s0)
    33f0:	0505                	addi	a0,a0,1
    33f2:	17fd                	addi	a5,a5,-1
    33f4:	c41c                	sw	a5,8(s0)
    33f6:	401c                	lw	a5,0(s0)
    33f8:	00178713          	addi	a4,a5,1
    33fc:	c018                	sw	a4,0(s0)
    33fe:	01378023          	sb	s3,0(a5)
    3402:	485c                	lw	a5,20(s0)
    3404:	00a78863          	beq	a5,a0,3414 <__swbuf_r+0xb2>
    3408:	245e                	lhu	a5,12(s0)
    340a:	8b85                	andi	a5,a5,1
    340c:	dbd9                	beqz	a5,33a2 <__swbuf_r+0x40>
    340e:	47a9                	li	a5,10
    3410:	f8f919e3          	bne	s2,a5,33a2 <__swbuf_r+0x40>
    3414:	85a2                	mv	a1,s0
    3416:	8526                	mv	a0,s1
    3418:	241d                	jal	363e <_fflush_r>
    341a:	d541                	beqz	a0,33a2 <__swbuf_r+0x40>
    341c:	b751                	j	33a0 <__swbuf_r+0x3e>

0000341e <__swsetup_r>:
    341e:	1141                	addi	sp,sp,-16
    3420:	c422                	sw	s0,8(sp)
    3422:	c226                	sw	s1,4(sp)
    3424:	c04a                	sw	s2,0(sp)
    3426:	c606                	sw	ra,12(sp)
    3428:	8141a483          	lw	s1,-2028(gp) # 200000a4 <_impure_ptr>
    342c:	892a                	mv	s2,a0
    342e:	842e                	mv	s0,a1
    3430:	c489                	beqz	s1,343a <__swsetup_r+0x1c>
    3432:	4c9c                	lw	a5,24(s1)
    3434:	e399                	bnez	a5,343a <__swsetup_r+0x1c>
    3436:	8526                	mv	a0,s1
    3438:	2ea9                	jal	3792 <__sinit>
    343a:	00004797          	auipc	a5,0x4
    343e:	41678793          	addi	a5,a5,1046 # 7850 <__sf_fake_stdin>
    3442:	02f41363          	bne	s0,a5,3468 <__swsetup_r+0x4a>
    3446:	40c0                	lw	s0,4(s1)
    3448:	00c41783          	lh	a5,12(s0)
    344c:	0087f713          	andi	a4,a5,8
    3450:	e725                	bnez	a4,34b8 <__swsetup_r+0x9a>
    3452:	0107f713          	andi	a4,a5,16
    3456:	eb0d                	bnez	a4,3488 <__swsetup_r+0x6a>
    3458:	4725                	li	a4,9
    345a:	00e92023          	sw	a4,0(s2)
    345e:	0407e793          	ori	a5,a5,64
    3462:	a45e                	sh	a5,12(s0)
    3464:	557d                	li	a0,-1
    3466:	a071                	j	34f2 <__swsetup_r+0xd4>
    3468:	00004797          	auipc	a5,0x4
    346c:	3c878793          	addi	a5,a5,968 # 7830 <__sf_fake_stdout>
    3470:	00f41463          	bne	s0,a5,3478 <__swsetup_r+0x5a>
    3474:	4480                	lw	s0,8(s1)
    3476:	bfc9                	j	3448 <__swsetup_r+0x2a>
    3478:	00004797          	auipc	a5,0x4
    347c:	39878793          	addi	a5,a5,920 # 7810 <__sf_fake_stderr>
    3480:	fcf414e3          	bne	s0,a5,3448 <__swsetup_r+0x2a>
    3484:	44c0                	lw	s0,12(s1)
    3486:	b7c9                	j	3448 <__swsetup_r+0x2a>
    3488:	8b91                	andi	a5,a5,4
    348a:	c39d                	beqz	a5,34b0 <__swsetup_r+0x92>
    348c:	584c                	lw	a1,52(s0)
    348e:	c989                	beqz	a1,34a0 <__swsetup_r+0x82>
    3490:	04440793          	addi	a5,s0,68
    3494:	00f58463          	beq	a1,a5,349c <__swsetup_r+0x7e>
    3498:	854a                	mv	a0,s2
    349a:	2bb9                	jal	39f8 <_free_r>
    349c:	02042a23          	sw	zero,52(s0)
    34a0:	245e                	lhu	a5,12(s0)
    34a2:	00042223          	sw	zero,4(s0)
    34a6:	fdb7f793          	andi	a5,a5,-37
    34aa:	a45e                	sh	a5,12(s0)
    34ac:	481c                	lw	a5,16(s0)
    34ae:	c01c                	sw	a5,0(s0)
    34b0:	245e                	lhu	a5,12(s0)
    34b2:	0087e793          	ori	a5,a5,8
    34b6:	a45e                	sh	a5,12(s0)
    34b8:	481c                	lw	a5,16(s0)
    34ba:	eb99                	bnez	a5,34d0 <__swsetup_r+0xb2>
    34bc:	245e                	lhu	a5,12(s0)
    34be:	20000713          	li	a4,512
    34c2:	2807f793          	andi	a5,a5,640
    34c6:	00e78563          	beq	a5,a4,34d0 <__swsetup_r+0xb2>
    34ca:	85a2                	mv	a1,s0
    34cc:	854a                	mv	a0,s2
    34ce:	2961                	jal	3966 <__smakebuf_r>
    34d0:	00c41783          	lh	a5,12(s0)
    34d4:	0017f713          	andi	a4,a5,1
    34d8:	c31d                	beqz	a4,34fe <__swsetup_r+0xe0>
    34da:	4858                	lw	a4,20(s0)
    34dc:	00042423          	sw	zero,8(s0)
    34e0:	40e00733          	neg	a4,a4
    34e4:	cc18                	sw	a4,24(s0)
    34e6:	4818                	lw	a4,16(s0)
    34e8:	4501                	li	a0,0
    34ea:	e701                	bnez	a4,34f2 <__swsetup_r+0xd4>
    34ec:	0807f713          	andi	a4,a5,128
    34f0:	f73d                	bnez	a4,345e <__swsetup_r+0x40>
    34f2:	40b2                	lw	ra,12(sp)
    34f4:	4422                	lw	s0,8(sp)
    34f6:	4492                	lw	s1,4(sp)
    34f8:	4902                	lw	s2,0(sp)
    34fa:	0141                	addi	sp,sp,16
    34fc:	8082                	ret
    34fe:	0027f713          	andi	a4,a5,2
    3502:	4681                	li	a3,0
    3504:	e311                	bnez	a4,3508 <__swsetup_r+0xea>
    3506:	4854                	lw	a3,20(s0)
    3508:	c414                	sw	a3,8(s0)
    350a:	bff1                	j	34e6 <__swsetup_r+0xc8>

0000350c <__sflush_r>:
    350c:	00c59783          	lh	a5,12(a1)
    3510:	1101                	addi	sp,sp,-32
    3512:	cc22                	sw	s0,24(sp)
    3514:	ca26                	sw	s1,20(sp)
    3516:	ce06                	sw	ra,28(sp)
    3518:	c84a                	sw	s2,16(sp)
    351a:	c64e                	sw	s3,12(sp)
    351c:	0087f713          	andi	a4,a5,8
    3520:	84aa                	mv	s1,a0
    3522:	842e                	mv	s0,a1
    3524:	e379                	bnez	a4,35ea <__sflush_r+0xde>
    3526:	41d8                	lw	a4,4(a1)
    3528:	00e04563          	bgtz	a4,3532 <__sflush_r+0x26>
    352c:	41b8                	lw	a4,64(a1)
    352e:	08e05663          	blez	a4,35ba <__sflush_r+0xae>
    3532:	5458                	lw	a4,44(s0)
    3534:	c359                	beqz	a4,35ba <__sflush_r+0xae>
    3536:	83b1                	srli	a5,a5,0xc
    3538:	0004a903          	lw	s2,0(s1)
    353c:	8b85                	andi	a5,a5,1
    353e:	0004a023          	sw	zero,0(s1)
    3542:	500c                	lw	a1,32(s0)
    3544:	cba9                	beqz	a5,3596 <__sflush_r+0x8a>
    3546:	4870                	lw	a2,84(s0)
    3548:	245e                	lhu	a5,12(s0)
    354a:	8b91                	andi	a5,a5,4
    354c:	c799                	beqz	a5,355a <__sflush_r+0x4e>
    354e:	405c                	lw	a5,4(s0)
    3550:	8e1d                	sub	a2,a2,a5
    3552:	585c                	lw	a5,52(s0)
    3554:	c399                	beqz	a5,355a <__sflush_r+0x4e>
    3556:	403c                	lw	a5,64(s0)
    3558:	8e1d                	sub	a2,a2,a5
    355a:	545c                	lw	a5,44(s0)
    355c:	500c                	lw	a1,32(s0)
    355e:	4681                	li	a3,0
    3560:	8526                	mv	a0,s1
    3562:	9782                	jalr	a5
    3564:	57fd                	li	a5,-1
    3566:	04f50c63          	beq	a0,a5,35be <__sflush_r+0xb2>
    356a:	481c                	lw	a5,16(s0)
    356c:	6705                	lui	a4,0x1
    356e:	00042223          	sw	zero,4(s0)
    3572:	c01c                	sw	a5,0(s0)
    3574:	245e                	lhu	a5,12(s0)
    3576:	8ff9                	and	a5,a5,a4
    3578:	c391                	beqz	a5,357c <__sflush_r+0x70>
    357a:	c868                	sw	a0,84(s0)
    357c:	584c                	lw	a1,52(s0)
    357e:	0124a023          	sw	s2,0(s1)
    3582:	cd85                	beqz	a1,35ba <__sflush_r+0xae>
    3584:	04440793          	addi	a5,s0,68
    3588:	00f58463          	beq	a1,a5,3590 <__sflush_r+0x84>
    358c:	8526                	mv	a0,s1
    358e:	21ad                	jal	39f8 <_free_r>
    3590:	02042a23          	sw	zero,52(s0)
    3594:	a01d                	j	35ba <__sflush_r+0xae>
    3596:	4601                	li	a2,0
    3598:	4685                	li	a3,1
    359a:	8526                	mv	a0,s1
    359c:	9702                	jalr	a4
    359e:	57fd                	li	a5,-1
    35a0:	862a                	mv	a2,a0
    35a2:	faf513e3          	bne	a0,a5,3548 <__sflush_r+0x3c>
    35a6:	409c                	lw	a5,0(s1)
    35a8:	d3c5                	beqz	a5,3548 <__sflush_r+0x3c>
    35aa:	4775                	li	a4,29
    35ac:	00e78563          	beq	a5,a4,35b6 <__sflush_r+0xaa>
    35b0:	4759                	li	a4,22
    35b2:	06e79563          	bne	a5,a4,361c <__sflush_r+0x110>
    35b6:	0124a023          	sw	s2,0(s1)
    35ba:	4501                	li	a0,0
    35bc:	a0b5                	j	3628 <__sflush_r+0x11c>
    35be:	4098                	lw	a4,0(s1)
    35c0:	00c41783          	lh	a5,12(s0)
    35c4:	cf01                	beqz	a4,35dc <__sflush_r+0xd0>
    35c6:	46f5                	li	a3,29
    35c8:	00d70563          	beq	a4,a3,35d2 <__sflush_r+0xc6>
    35cc:	46d9                	li	a3,22
    35ce:	04d71963          	bne	a4,a3,3620 <__sflush_r+0x114>
    35d2:	481c                	lw	a5,16(s0)
    35d4:	00042223          	sw	zero,4(s0)
    35d8:	c01c                	sw	a5,0(s0)
    35da:	b74d                	j	357c <__sflush_r+0x70>
    35dc:	4818                	lw	a4,16(s0)
    35de:	83b1                	srli	a5,a5,0xc
    35e0:	00042223          	sw	zero,4(s0)
    35e4:	c018                	sw	a4,0(s0)
    35e6:	8b85                	andi	a5,a5,1
    35e8:	bf41                	j	3578 <__sflush_r+0x6c>
    35ea:	0105a983          	lw	s3,16(a1)
    35ee:	fc0986e3          	beqz	s3,35ba <__sflush_r+0xae>
    35f2:	0005a903          	lw	s2,0(a1)
    35f6:	8b8d                	andi	a5,a5,3
    35f8:	0135a023          	sw	s3,0(a1)
    35fc:	41390933          	sub	s2,s2,s3
    3600:	4701                	li	a4,0
    3602:	e391                	bnez	a5,3606 <__sflush_r+0xfa>
    3604:	49d8                	lw	a4,20(a1)
    3606:	c418                	sw	a4,8(s0)
    3608:	fb2059e3          	blez	s2,35ba <__sflush_r+0xae>
    360c:	541c                	lw	a5,40(s0)
    360e:	500c                	lw	a1,32(s0)
    3610:	86ca                	mv	a3,s2
    3612:	864e                	mv	a2,s3
    3614:	8526                	mv	a0,s1
    3616:	9782                	jalr	a5
    3618:	00a04f63          	bgtz	a0,3636 <__sflush_r+0x12a>
    361c:	00c41783          	lh	a5,12(s0)
    3620:	0407e793          	ori	a5,a5,64
    3624:	a45e                	sh	a5,12(s0)
    3626:	557d                	li	a0,-1
    3628:	40f2                	lw	ra,28(sp)
    362a:	4462                	lw	s0,24(sp)
    362c:	44d2                	lw	s1,20(sp)
    362e:	4942                	lw	s2,16(sp)
    3630:	49b2                	lw	s3,12(sp)
    3632:	6105                	addi	sp,sp,32
    3634:	8082                	ret
    3636:	99aa                	add	s3,s3,a0
    3638:	40a90933          	sub	s2,s2,a0
    363c:	b7f1                	j	3608 <__sflush_r+0xfc>

0000363e <_fflush_r>:
    363e:	499c                	lw	a5,16(a1)
    3640:	1141                	addi	sp,sp,-16
    3642:	c606                	sw	ra,12(sp)
    3644:	c422                	sw	s0,8(sp)
    3646:	c226                	sw	s1,4(sp)
    3648:	eb81                	bnez	a5,3658 <_fflush_r+0x1a>
    364a:	4481                	li	s1,0
    364c:	40b2                	lw	ra,12(sp)
    364e:	4422                	lw	s0,8(sp)
    3650:	8526                	mv	a0,s1
    3652:	4492                	lw	s1,4(sp)
    3654:	0141                	addi	sp,sp,16
    3656:	8082                	ret
    3658:	84aa                	mv	s1,a0
    365a:	842e                	mv	s0,a1
    365c:	c501                	beqz	a0,3664 <_fflush_r+0x26>
    365e:	4d1c                	lw	a5,24(a0)
    3660:	e391                	bnez	a5,3664 <_fflush_r+0x26>
    3662:	2a05                	jal	3792 <__sinit>
    3664:	00004797          	auipc	a5,0x4
    3668:	1ec78793          	addi	a5,a5,492 # 7850 <__sf_fake_stdin>
    366c:	02f41c63          	bne	s0,a5,36a4 <_fflush_r+0x66>
    3670:	40c0                	lw	s0,4(s1)
    3672:	00c41783          	lh	a5,12(s0)
    3676:	dbf1                	beqz	a5,364a <_fflush_r+0xc>
    3678:	5078                	lw	a4,100(s0)
    367a:	8b05                	andi	a4,a4,1
    367c:	e711                	bnez	a4,3688 <_fflush_r+0x4a>
    367e:	2007f793          	andi	a5,a5,512
    3682:	e399                	bnez	a5,3688 <_fflush_r+0x4a>
    3684:	4c28                	lw	a0,88(s0)
    3686:	2451                	jal	390a <__retarget_lock_acquire_recursive>
    3688:	8526                	mv	a0,s1
    368a:	85a2                	mv	a1,s0
    368c:	3541                	jal	350c <__sflush_r>
    368e:	507c                	lw	a5,100(s0)
    3690:	84aa                	mv	s1,a0
    3692:	8b85                	andi	a5,a5,1
    3694:	ffc5                	bnez	a5,364c <_fflush_r+0xe>
    3696:	245e                	lhu	a5,12(s0)
    3698:	2007f793          	andi	a5,a5,512
    369c:	fbc5                	bnez	a5,364c <_fflush_r+0xe>
    369e:	4c28                	lw	a0,88(s0)
    36a0:	24b5                	jal	390c <__retarget_lock_release_recursive>
    36a2:	b76d                	j	364c <_fflush_r+0xe>
    36a4:	00004797          	auipc	a5,0x4
    36a8:	18c78793          	addi	a5,a5,396 # 7830 <__sf_fake_stdout>
    36ac:	00f41463          	bne	s0,a5,36b4 <_fflush_r+0x76>
    36b0:	4480                	lw	s0,8(s1)
    36b2:	b7c1                	j	3672 <_fflush_r+0x34>
    36b4:	00004797          	auipc	a5,0x4
    36b8:	15c78793          	addi	a5,a5,348 # 7810 <__sf_fake_stderr>
    36bc:	faf41be3          	bne	s0,a5,3672 <_fflush_r+0x34>
    36c0:	44c0                	lw	s0,12(s1)
    36c2:	bf45                	j	3672 <_fflush_r+0x34>

000036c4 <std>:
    36c4:	1141                	addi	sp,sp,-16
    36c6:	c422                	sw	s0,8(sp)
    36c8:	c606                	sw	ra,12(sp)
    36ca:	842a                	mv	s0,a0
    36cc:	a54e                	sh	a1,12(a0)
    36ce:	a572                	sh	a2,14(a0)
    36d0:	00052023          	sw	zero,0(a0)
    36d4:	00052223          	sw	zero,4(a0)
    36d8:	00052423          	sw	zero,8(a0)
    36dc:	06052223          	sw	zero,100(a0)
    36e0:	00052823          	sw	zero,16(a0)
    36e4:	00052a23          	sw	zero,20(a0)
    36e8:	00052c23          	sw	zero,24(a0)
    36ec:	4621                	li	a2,8
    36ee:	4581                	li	a1,0
    36f0:	05c50513          	addi	a0,a0,92
    36f4:	b19ff0ef          	jal	ra,320c <memset>
    36f8:	00001797          	auipc	a5,0x1
    36fc:	84878793          	addi	a5,a5,-1976 # 3f40 <__sread>
    3700:	d05c                	sw	a5,36(s0)
    3702:	00001797          	auipc	a5,0x1
    3706:	86a78793          	addi	a5,a5,-1942 # 3f6c <__swrite>
    370a:	d41c                	sw	a5,40(s0)
    370c:	00001797          	auipc	a5,0x1
    3710:	8a878793          	addi	a5,a5,-1880 # 3fb4 <__sseek>
    3714:	d45c                	sw	a5,44(s0)
    3716:	00001797          	auipc	a5,0x1
    371a:	8ce78793          	addi	a5,a5,-1842 # 3fe4 <__sclose>
    371e:	40b2                	lw	ra,12(sp)
    3720:	d000                	sw	s0,32(s0)
    3722:	d81c                	sw	a5,48(s0)
    3724:	4422                	lw	s0,8(sp)
    3726:	0141                	addi	sp,sp,16
    3728:	8082                	ret

0000372a <_cleanup_r>:
    372a:	00000597          	auipc	a1,0x0
    372e:	f1458593          	addi	a1,a1,-236 # 363e <_fflush_r>
    3732:	a2bd                	j	38a0 <_fwalk_reent>

00003734 <__sfmoreglue>:
    3734:	1141                	addi	sp,sp,-16
    3736:	c226                	sw	s1,4(sp)
    3738:	06800793          	li	a5,104
    373c:	fff58493          	addi	s1,a1,-1
    3740:	02f484b3          	mul	s1,s1,a5
    3744:	c04a                	sw	s2,0(sp)
    3746:	892e                	mv	s2,a1
    3748:	c422                	sw	s0,8(sp)
    374a:	c606                	sw	ra,12(sp)
    374c:	07448593          	addi	a1,s1,116
    3750:	2e69                	jal	3aea <_malloc_r>
    3752:	842a                	mv	s0,a0
    3754:	cd01                	beqz	a0,376c <__sfmoreglue+0x38>
    3756:	00052023          	sw	zero,0(a0)
    375a:	01252223          	sw	s2,4(a0)
    375e:	0531                	addi	a0,a0,12
    3760:	c408                	sw	a0,8(s0)
    3762:	06848613          	addi	a2,s1,104
    3766:	4581                	li	a1,0
    3768:	aa5ff0ef          	jal	ra,320c <memset>
    376c:	40b2                	lw	ra,12(sp)
    376e:	8522                	mv	a0,s0
    3770:	4422                	lw	s0,8(sp)
    3772:	4492                	lw	s1,4(sp)
    3774:	4902                	lw	s2,0(sp)
    3776:	0141                	addi	sp,sp,16
    3778:	8082                	ret

0000377a <__sfp_lock_acquire>:
    377a:	84018513          	addi	a0,gp,-1984 # 200000d0 <__lock___sfp_recursive_mutex>
    377e:	a271                	j	390a <__retarget_lock_acquire_recursive>

00003780 <__sfp_lock_release>:
    3780:	84018513          	addi	a0,gp,-1984 # 200000d0 <__lock___sfp_recursive_mutex>
    3784:	a261                	j	390c <__retarget_lock_release_recursive>

00003786 <__sinit_lock_acquire>:
    3786:	84418513          	addi	a0,gp,-1980 # 200000d4 <__lock___sinit_recursive_mutex>
    378a:	a241                	j	390a <__retarget_lock_acquire_recursive>

0000378c <__sinit_lock_release>:
    378c:	84418513          	addi	a0,gp,-1980 # 200000d4 <__lock___sinit_recursive_mutex>
    3790:	aab5                	j	390c <__retarget_lock_release_recursive>

00003792 <__sinit>:
    3792:	1141                	addi	sp,sp,-16
    3794:	c422                	sw	s0,8(sp)
    3796:	c606                	sw	ra,12(sp)
    3798:	842a                	mv	s0,a0
    379a:	37f5                	jal	3786 <__sinit_lock_acquire>
    379c:	4c1c                	lw	a5,24(s0)
    379e:	c789                	beqz	a5,37a8 <__sinit+0x16>
    37a0:	4422                	lw	s0,8(sp)
    37a2:	40b2                	lw	ra,12(sp)
    37a4:	0141                	addi	sp,sp,16
    37a6:	b7dd                	j	378c <__sinit_lock_release>
    37a8:	00000797          	auipc	a5,0x0
    37ac:	f8278793          	addi	a5,a5,-126 # 372a <_cleanup_r>
    37b0:	d41c                	sw	a5,40(s0)
    37b2:	04042423          	sw	zero,72(s0)
    37b6:	04042623          	sw	zero,76(s0)
    37ba:	04042823          	sw	zero,80(s0)
    37be:	8181a783          	lw	a5,-2024(gp) # 200000a8 <_global_impure_ptr>
    37c2:	00879463          	bne	a5,s0,37ca <__sinit+0x38>
    37c6:	4785                	li	a5,1
    37c8:	cc1c                	sw	a5,24(s0)
    37ca:	8522                	mv	a0,s0
    37cc:	203d                	jal	37fa <__sfp>
    37ce:	c048                	sw	a0,4(s0)
    37d0:	8522                	mv	a0,s0
    37d2:	2025                	jal	37fa <__sfp>
    37d4:	c408                	sw	a0,8(s0)
    37d6:	8522                	mv	a0,s0
    37d8:	200d                	jal	37fa <__sfp>
    37da:	c448                	sw	a0,12(s0)
    37dc:	4048                	lw	a0,4(s0)
    37de:	4601                	li	a2,0
    37e0:	4591                	li	a1,4
    37e2:	35cd                	jal	36c4 <std>
    37e4:	4408                	lw	a0,8(s0)
    37e6:	4605                	li	a2,1
    37e8:	45a5                	li	a1,9
    37ea:	3de9                	jal	36c4 <std>
    37ec:	4448                	lw	a0,12(s0)
    37ee:	4609                	li	a2,2
    37f0:	45c9                	li	a1,18
    37f2:	3dc9                	jal	36c4 <std>
    37f4:	4785                	li	a5,1
    37f6:	cc1c                	sw	a5,24(s0)
    37f8:	b765                	j	37a0 <__sinit+0xe>

000037fa <__sfp>:
    37fa:	1141                	addi	sp,sp,-16
    37fc:	c226                	sw	s1,4(sp)
    37fe:	c04a                	sw	s2,0(sp)
    3800:	c606                	sw	ra,12(sp)
    3802:	c422                	sw	s0,8(sp)
    3804:	892a                	mv	s2,a0
    3806:	3f95                	jal	377a <__sfp_lock_acquire>
    3808:	8181a483          	lw	s1,-2024(gp) # 200000a8 <_global_impure_ptr>
    380c:	4c9c                	lw	a5,24(s1)
    380e:	e399                	bnez	a5,3814 <__sfp+0x1a>
    3810:	8526                	mv	a0,s1
    3812:	3741                	jal	3792 <__sinit>
    3814:	04848493          	addi	s1,s1,72
    3818:	4480                	lw	s0,8(s1)
    381a:	40dc                	lw	a5,4(s1)
    381c:	17fd                	addi	a5,a5,-1
    381e:	0007d663          	bgez	a5,382a <__sfp+0x30>
    3822:	409c                	lw	a5,0(s1)
    3824:	c3bd                	beqz	a5,388a <__sfp+0x90>
    3826:	4084                	lw	s1,0(s1)
    3828:	bfc5                	j	3818 <__sfp+0x1e>
    382a:	00c41703          	lh	a4,12(s0)
    382e:	eb39                	bnez	a4,3884 <__sfp+0x8a>
    3830:	77c1                	lui	a5,0xffff0
    3832:	0785                	addi	a5,a5,1 # ffff0001 <_eusrstack+0xdffe0001>
    3834:	c45c                	sw	a5,12(s0)
    3836:	05840513          	addi	a0,s0,88
    383a:	06042223          	sw	zero,100(s0)
    383e:	20e9                	jal	3908 <__retarget_lock_init_recursive>
    3840:	3781                	jal	3780 <__sfp_lock_release>
    3842:	4621                	li	a2,8
    3844:	00042023          	sw	zero,0(s0)
    3848:	00042423          	sw	zero,8(s0)
    384c:	00042223          	sw	zero,4(s0)
    3850:	00042823          	sw	zero,16(s0)
    3854:	00042a23          	sw	zero,20(s0)
    3858:	00042c23          	sw	zero,24(s0)
    385c:	4581                	li	a1,0
    385e:	05c40513          	addi	a0,s0,92
    3862:	9abff0ef          	jal	ra,320c <memset>
    3866:	02042a23          	sw	zero,52(s0)
    386a:	02042c23          	sw	zero,56(s0)
    386e:	04042423          	sw	zero,72(s0)
    3872:	04042623          	sw	zero,76(s0)
    3876:	40b2                	lw	ra,12(sp)
    3878:	8522                	mv	a0,s0
    387a:	4422                	lw	s0,8(sp)
    387c:	4492                	lw	s1,4(sp)
    387e:	4902                	lw	s2,0(sp)
    3880:	0141                	addi	sp,sp,16
    3882:	8082                	ret
    3884:	06840413          	addi	s0,s0,104
    3888:	bf51                	j	381c <__sfp+0x22>
    388a:	4591                	li	a1,4
    388c:	854a                	mv	a0,s2
    388e:	355d                	jal	3734 <__sfmoreglue>
    3890:	c088                	sw	a0,0(s1)
    3892:	842a                	mv	s0,a0
    3894:	f949                	bnez	a0,3826 <__sfp+0x2c>
    3896:	35ed                	jal	3780 <__sfp_lock_release>
    3898:	47b1                	li	a5,12
    389a:	00f92023          	sw	a5,0(s2)
    389e:	bfe1                	j	3876 <__sfp+0x7c>

000038a0 <_fwalk_reent>:
    38a0:	7179                	addi	sp,sp,-48
    38a2:	d422                	sw	s0,40(sp)
    38a4:	d04a                	sw	s2,32(sp)
    38a6:	ce4e                	sw	s3,28(sp)
    38a8:	cc52                	sw	s4,24(sp)
    38aa:	c85a                	sw	s6,16(sp)
    38ac:	c65e                	sw	s7,12(sp)
    38ae:	d606                	sw	ra,44(sp)
    38b0:	d226                	sw	s1,36(sp)
    38b2:	ca56                	sw	s5,20(sp)
    38b4:	892a                	mv	s2,a0
    38b6:	8a2e                	mv	s4,a1
    38b8:	04850413          	addi	s0,a0,72
    38bc:	4981                	li	s3,0
    38be:	4b05                	li	s6,1
    38c0:	5bfd                	li	s7,-1
    38c2:	4404                	lw	s1,8(s0)
    38c4:	00442a83          	lw	s5,4(s0)
    38c8:	1afd                	addi	s5,s5,-1
    38ca:	020ad063          	bgez	s5,38ea <_fwalk_reent+0x4a>
    38ce:	4000                	lw	s0,0(s0)
    38d0:	f86d                	bnez	s0,38c2 <_fwalk_reent+0x22>
    38d2:	50b2                	lw	ra,44(sp)
    38d4:	5422                	lw	s0,40(sp)
    38d6:	5492                	lw	s1,36(sp)
    38d8:	5902                	lw	s2,32(sp)
    38da:	4a62                	lw	s4,24(sp)
    38dc:	4ad2                	lw	s5,20(sp)
    38de:	4b42                	lw	s6,16(sp)
    38e0:	4bb2                	lw	s7,12(sp)
    38e2:	854e                	mv	a0,s3
    38e4:	49f2                	lw	s3,28(sp)
    38e6:	6145                	addi	sp,sp,48
    38e8:	8082                	ret
    38ea:	24de                	lhu	a5,12(s1)
    38ec:	00fb7b63          	bgeu	s6,a5,3902 <_fwalk_reent+0x62>
    38f0:	00e49783          	lh	a5,14(s1)
    38f4:	01778763          	beq	a5,s7,3902 <_fwalk_reent+0x62>
    38f8:	85a6                	mv	a1,s1
    38fa:	854a                	mv	a0,s2
    38fc:	9a02                	jalr	s4
    38fe:	00a9e9b3          	or	s3,s3,a0
    3902:	06848493          	addi	s1,s1,104
    3906:	b7c9                	j	38c8 <_fwalk_reent+0x28>

00003908 <__retarget_lock_init_recursive>:
    3908:	8082                	ret

0000390a <__retarget_lock_acquire_recursive>:
    390a:	8082                	ret

0000390c <__retarget_lock_release_recursive>:
    390c:	8082                	ret

0000390e <__swhatbuf_r>:
    390e:	7159                	addi	sp,sp,-112
    3910:	d4a2                	sw	s0,104(sp)
    3912:	842e                	mv	s0,a1
    3914:	00e59583          	lh	a1,14(a1)
    3918:	d2a6                	sw	s1,100(sp)
    391a:	d0ca                	sw	s2,96(sp)
    391c:	d686                	sw	ra,108(sp)
    391e:	84b2                	mv	s1,a2
    3920:	8936                	mv	s2,a3
    3922:	0205d263          	bgez	a1,3946 <__swhatbuf_r+0x38>
    3926:	245e                	lhu	a5,12(s0)
    3928:	0807f793          	andi	a5,a5,128
    392c:	eb8d                	bnez	a5,395e <__swhatbuf_r+0x50>
    392e:	40000713          	li	a4,1024
    3932:	50b6                	lw	ra,108(sp)
    3934:	5426                	lw	s0,104(sp)
    3936:	00f92023          	sw	a5,0(s2)
    393a:	c098                	sw	a4,0(s1)
    393c:	5906                	lw	s2,96(sp)
    393e:	5496                	lw	s1,100(sp)
    3940:	4501                	li	a0,0
    3942:	6165                	addi	sp,sp,112
    3944:	8082                	ret
    3946:	0030                	addi	a2,sp,8
    3948:	2dd5                	jal	403c <_fstat_r>
    394a:	fc054ee3          	bltz	a0,3926 <__swhatbuf_r+0x18>
    394e:	4732                	lw	a4,12(sp)
    3950:	67bd                	lui	a5,0xf
    3952:	8ff9                	and	a5,a5,a4
    3954:	7779                	lui	a4,0xffffe
    3956:	97ba                	add	a5,a5,a4
    3958:	0017b793          	seqz	a5,a5
    395c:	bfc9                	j	392e <__swhatbuf_r+0x20>
    395e:	4781                	li	a5,0
    3960:	04000713          	li	a4,64
    3964:	b7f9                	j	3932 <__swhatbuf_r+0x24>

00003966 <__smakebuf_r>:
    3966:	25de                	lhu	a5,12(a1)
    3968:	7179                	addi	sp,sp,-48
    396a:	d422                	sw	s0,40(sp)
    396c:	d606                	sw	ra,44(sp)
    396e:	d226                	sw	s1,36(sp)
    3970:	d04a                	sw	s2,32(sp)
    3972:	ce4e                	sw	s3,28(sp)
    3974:	8b89                	andi	a5,a5,2
    3976:	842e                	mv	s0,a1
    3978:	cf91                	beqz	a5,3994 <__smakebuf_r+0x2e>
    397a:	04740793          	addi	a5,s0,71
    397e:	c01c                	sw	a5,0(s0)
    3980:	c81c                	sw	a5,16(s0)
    3982:	4785                	li	a5,1
    3984:	c85c                	sw	a5,20(s0)
    3986:	50b2                	lw	ra,44(sp)
    3988:	5422                	lw	s0,40(sp)
    398a:	5492                	lw	s1,36(sp)
    398c:	5902                	lw	s2,32(sp)
    398e:	49f2                	lw	s3,28(sp)
    3990:	6145                	addi	sp,sp,48
    3992:	8082                	ret
    3994:	0074                	addi	a3,sp,12
    3996:	0030                	addi	a2,sp,8
    3998:	84aa                	mv	s1,a0
    399a:	3f95                	jal	390e <__swhatbuf_r>
    399c:	49a2                	lw	s3,8(sp)
    399e:	892a                	mv	s2,a0
    39a0:	8526                	mv	a0,s1
    39a2:	85ce                	mv	a1,s3
    39a4:	2299                	jal	3aea <_malloc_r>
    39a6:	e919                	bnez	a0,39bc <__smakebuf_r+0x56>
    39a8:	00c41783          	lh	a5,12(s0)
    39ac:	2007f713          	andi	a4,a5,512
    39b0:	fb79                	bnez	a4,3986 <__smakebuf_r+0x20>
    39b2:	9bf1                	andi	a5,a5,-4
    39b4:	0027e793          	ori	a5,a5,2
    39b8:	a45e                	sh	a5,12(s0)
    39ba:	b7c1                	j	397a <__smakebuf_r+0x14>
    39bc:	00000797          	auipc	a5,0x0
    39c0:	d6e78793          	addi	a5,a5,-658 # 372a <_cleanup_r>
    39c4:	d49c                	sw	a5,40(s1)
    39c6:	245e                	lhu	a5,12(s0)
    39c8:	c008                	sw	a0,0(s0)
    39ca:	c808                	sw	a0,16(s0)
    39cc:	0807e793          	ori	a5,a5,128
    39d0:	a45e                	sh	a5,12(s0)
    39d2:	47b2                	lw	a5,12(sp)
    39d4:	01342a23          	sw	s3,20(s0)
    39d8:	cb99                	beqz	a5,39ee <__smakebuf_r+0x88>
    39da:	00e41583          	lh	a1,14(s0)
    39de:	8526                	mv	a0,s1
    39e0:	2551                	jal	4064 <_isatty_r>
    39e2:	c511                	beqz	a0,39ee <__smakebuf_r+0x88>
    39e4:	245e                	lhu	a5,12(s0)
    39e6:	9bf1                	andi	a5,a5,-4
    39e8:	0017e793          	ori	a5,a5,1
    39ec:	a45e                	sh	a5,12(s0)
    39ee:	245e                	lhu	a5,12(s0)
    39f0:	0127e533          	or	a0,a5,s2
    39f4:	a44a                	sh	a0,12(s0)
    39f6:	bf41                	j	3986 <__smakebuf_r+0x20>

000039f8 <_free_r>:
    39f8:	cdd1                	beqz	a1,3a94 <_free_r+0x9c>
    39fa:	ffc5a783          	lw	a5,-4(a1)
    39fe:	1101                	addi	sp,sp,-32
    3a00:	cc22                	sw	s0,24(sp)
    3a02:	ce06                	sw	ra,28(sp)
    3a04:	ffc58413          	addi	s0,a1,-4
    3a08:	0007d363          	bgez	a5,3a0e <_free_r+0x16>
    3a0c:	943e                	add	s0,s0,a5
    3a0e:	c62a                	sw	a0,12(sp)
    3a10:	2d75                	jal	40cc <__malloc_lock>
    3a12:	84c18713          	addi	a4,gp,-1972 # 200000dc <__malloc_free_list>
    3a16:	431c                	lw	a5,0(a4)
    3a18:	4532                	lw	a0,12(sp)
    3a1a:	eb81                	bnez	a5,3a2a <_free_r+0x32>
    3a1c:	00042223          	sw	zero,4(s0)
    3a20:	c300                	sw	s0,0(a4)
    3a22:	4462                	lw	s0,24(sp)
    3a24:	40f2                	lw	ra,28(sp)
    3a26:	6105                	addi	sp,sp,32
    3a28:	a575                	j	40d4 <__malloc_unlock>
    3a2a:	00f47d63          	bgeu	s0,a5,3a44 <_free_r+0x4c>
    3a2e:	4010                	lw	a2,0(s0)
    3a30:	00c406b3          	add	a3,s0,a2
    3a34:	00d79663          	bne	a5,a3,3a40 <_free_r+0x48>
    3a38:	4394                	lw	a3,0(a5)
    3a3a:	43dc                	lw	a5,4(a5)
    3a3c:	96b2                	add	a3,a3,a2
    3a3e:	c014                	sw	a3,0(s0)
    3a40:	c05c                	sw	a5,4(s0)
    3a42:	bff9                	j	3a20 <_free_r+0x28>
    3a44:	873e                	mv	a4,a5
    3a46:	43dc                	lw	a5,4(a5)
    3a48:	c399                	beqz	a5,3a4e <_free_r+0x56>
    3a4a:	fef47de3          	bgeu	s0,a5,3a44 <_free_r+0x4c>
    3a4e:	4314                	lw	a3,0(a4)
    3a50:	00d70633          	add	a2,a4,a3
    3a54:	00861f63          	bne	a2,s0,3a72 <_free_r+0x7a>
    3a58:	4010                	lw	a2,0(s0)
    3a5a:	96b2                	add	a3,a3,a2
    3a5c:	c314                	sw	a3,0(a4)
    3a5e:	00d70633          	add	a2,a4,a3
    3a62:	fcc790e3          	bne	a5,a2,3a22 <_free_r+0x2a>
    3a66:	4390                	lw	a2,0(a5)
    3a68:	43dc                	lw	a5,4(a5)
    3a6a:	96b2                	add	a3,a3,a2
    3a6c:	c314                	sw	a3,0(a4)
    3a6e:	c35c                	sw	a5,4(a4)
    3a70:	bf4d                	j	3a22 <_free_r+0x2a>
    3a72:	00c47563          	bgeu	s0,a2,3a7c <_free_r+0x84>
    3a76:	47b1                	li	a5,12
    3a78:	c11c                	sw	a5,0(a0)
    3a7a:	b765                	j	3a22 <_free_r+0x2a>
    3a7c:	4010                	lw	a2,0(s0)
    3a7e:	00c406b3          	add	a3,s0,a2
    3a82:	00d79663          	bne	a5,a3,3a8e <_free_r+0x96>
    3a86:	4394                	lw	a3,0(a5)
    3a88:	43dc                	lw	a5,4(a5)
    3a8a:	96b2                	add	a3,a3,a2
    3a8c:	c014                	sw	a3,0(s0)
    3a8e:	c05c                	sw	a5,4(s0)
    3a90:	c340                	sw	s0,4(a4)
    3a92:	bf41                	j	3a22 <_free_r+0x2a>
    3a94:	8082                	ret

00003a96 <sbrk_aligned>:
    3a96:	1141                	addi	sp,sp,-16
    3a98:	c04a                	sw	s2,0(sp)
    3a9a:	84818913          	addi	s2,gp,-1976 # 200000d8 <__malloc_sbrk_start>
    3a9e:	00092783          	lw	a5,0(s2)
    3aa2:	c422                	sw	s0,8(sp)
    3aa4:	c226                	sw	s1,4(sp)
    3aa6:	c606                	sw	ra,12(sp)
    3aa8:	84aa                	mv	s1,a0
    3aaa:	842e                	mv	s0,a1
    3aac:	e789                	bnez	a5,3ab6 <sbrk_aligned+0x20>
    3aae:	4581                	li	a1,0
    3ab0:	21a5                	jal	3f18 <_sbrk_r>
    3ab2:	00a92023          	sw	a0,0(s2)
    3ab6:	85a2                	mv	a1,s0
    3ab8:	8526                	mv	a0,s1
    3aba:	29b9                	jal	3f18 <_sbrk_r>
    3abc:	597d                	li	s2,-1
    3abe:	01251a63          	bne	a0,s2,3ad2 <sbrk_aligned+0x3c>
    3ac2:	547d                	li	s0,-1
    3ac4:	40b2                	lw	ra,12(sp)
    3ac6:	8522                	mv	a0,s0
    3ac8:	4422                	lw	s0,8(sp)
    3aca:	4492                	lw	s1,4(sp)
    3acc:	4902                	lw	s2,0(sp)
    3ace:	0141                	addi	sp,sp,16
    3ad0:	8082                	ret
    3ad2:	00350413          	addi	s0,a0,3
    3ad6:	9871                	andi	s0,s0,-4
    3ad8:	fe8506e3          	beq	a0,s0,3ac4 <sbrk_aligned+0x2e>
    3adc:	40a405b3          	sub	a1,s0,a0
    3ae0:	8526                	mv	a0,s1
    3ae2:	291d                	jal	3f18 <_sbrk_r>
    3ae4:	ff2510e3          	bne	a0,s2,3ac4 <sbrk_aligned+0x2e>
    3ae8:	bfe9                	j	3ac2 <sbrk_aligned+0x2c>

00003aea <_malloc_r>:
    3aea:	1101                	addi	sp,sp,-32
    3aec:	ca26                	sw	s1,20(sp)
    3aee:	00358493          	addi	s1,a1,3
    3af2:	98f1                	andi	s1,s1,-4
    3af4:	c84a                	sw	s2,16(sp)
    3af6:	ce06                	sw	ra,28(sp)
    3af8:	cc22                	sw	s0,24(sp)
    3afa:	c64e                	sw	s3,12(sp)
    3afc:	04a1                	addi	s1,s1,8
    3afe:	47b1                	li	a5,12
    3b00:	892a                	mv	s2,a0
    3b02:	06f4f363          	bgeu	s1,a5,3b68 <_malloc_r+0x7e>
    3b06:	44b1                	li	s1,12
    3b08:	06b4e263          	bltu	s1,a1,3b6c <_malloc_r+0x82>
    3b0c:	854a                	mv	a0,s2
    3b0e:	2b7d                	jal	40cc <__malloc_lock>
    3b10:	84c18993          	addi	s3,gp,-1972 # 200000dc <__malloc_free_list>
    3b14:	0009a783          	lw	a5,0(s3)
    3b18:	843e                	mv	s0,a5
    3b1a:	e425                	bnez	s0,3b82 <_malloc_r+0x98>
    3b1c:	85a6                	mv	a1,s1
    3b1e:	854a                	mv	a0,s2
    3b20:	3f9d                	jal	3a96 <sbrk_aligned>
    3b22:	57fd                	li	a5,-1
    3b24:	842a                	mv	s0,a0
    3b26:	0cf51463          	bne	a0,a5,3bee <_malloc_r+0x104>
    3b2a:	0009a403          	lw	s0,0(s3)
    3b2e:	87a2                	mv	a5,s0
    3b30:	e7d5                	bnez	a5,3bdc <_malloc_r+0xf2>
    3b32:	00042983          	lw	s3,0(s0)
    3b36:	4581                	li	a1,0
    3b38:	854a                	mv	a0,s2
    3b3a:	99a2                	add	s3,s3,s0
    3b3c:	2ef1                	jal	3f18 <_sbrk_r>
    3b3e:	0aa99263          	bne	s3,a0,3be2 <_malloc_r+0xf8>
    3b42:	401c                	lw	a5,0(s0)
    3b44:	048d                	addi	s1,s1,3
    3b46:	8c9d                	sub	s1,s1,a5
    3b48:	98f1                	andi	s1,s1,-4
    3b4a:	04a1                	addi	s1,s1,8
    3b4c:	47b1                	li	a5,12
    3b4e:	00f4f363          	bgeu	s1,a5,3b54 <_malloc_r+0x6a>
    3b52:	44b1                	li	s1,12
    3b54:	85a6                	mv	a1,s1
    3b56:	854a                	mv	a0,s2
    3b58:	3f3d                	jal	3a96 <sbrk_aligned>
    3b5a:	57fd                	li	a5,-1
    3b5c:	08f50363          	beq	a0,a5,3be2 <_malloc_r+0xf8>
    3b60:	401c                	lw	a5,0(s0)
    3b62:	97a6                	add	a5,a5,s1
    3b64:	c01c                	sw	a5,0(s0)
    3b66:	a83d                	j	3ba4 <_malloc_r+0xba>
    3b68:	fa04d0e3          	bgez	s1,3b08 <_malloc_r+0x1e>
    3b6c:	47b1                	li	a5,12
    3b6e:	00f92023          	sw	a5,0(s2)
    3b72:	4501                	li	a0,0
    3b74:	40f2                	lw	ra,28(sp)
    3b76:	4462                	lw	s0,24(sp)
    3b78:	44d2                	lw	s1,20(sp)
    3b7a:	4942                	lw	s2,16(sp)
    3b7c:	49b2                	lw	s3,12(sp)
    3b7e:	6105                	addi	sp,sp,32
    3b80:	8082                	ret
    3b82:	4014                	lw	a3,0(s0)
    3b84:	8e85                	sub	a3,a3,s1
    3b86:	0406c863          	bltz	a3,3bd6 <_malloc_r+0xec>
    3b8a:	472d                	li	a4,11
    3b8c:	02d77d63          	bgeu	a4,a3,3bc6 <_malloc_r+0xdc>
    3b90:	c004                	sw	s1,0(s0)
    3b92:	00940733          	add	a4,s0,s1
    3b96:	02879663          	bne	a5,s0,3bc2 <_malloc_r+0xd8>
    3b9a:	00e9a023          	sw	a4,0(s3)
    3b9e:	405c                	lw	a5,4(s0)
    3ba0:	c314                	sw	a3,0(a4)
    3ba2:	c35c                	sw	a5,4(a4)
    3ba4:	854a                	mv	a0,s2
    3ba6:	233d                	jal	40d4 <__malloc_unlock>
    3ba8:	00b40513          	addi	a0,s0,11
    3bac:	00440793          	addi	a5,s0,4
    3bb0:	9961                	andi	a0,a0,-8
    3bb2:	40f50733          	sub	a4,a0,a5
    3bb6:	faf50fe3          	beq	a0,a5,3b74 <_malloc_r+0x8a>
    3bba:	943a                	add	s0,s0,a4
    3bbc:	8f89                	sub	a5,a5,a0
    3bbe:	c01c                	sw	a5,0(s0)
    3bc0:	bf55                	j	3b74 <_malloc_r+0x8a>
    3bc2:	c3d8                	sw	a4,4(a5)
    3bc4:	bfe9                	j	3b9e <_malloc_r+0xb4>
    3bc6:	4058                	lw	a4,4(s0)
    3bc8:	00879563          	bne	a5,s0,3bd2 <_malloc_r+0xe8>
    3bcc:	00e9a023          	sw	a4,0(s3)
    3bd0:	bfd1                	j	3ba4 <_malloc_r+0xba>
    3bd2:	c3d8                	sw	a4,4(a5)
    3bd4:	bfc1                	j	3ba4 <_malloc_r+0xba>
    3bd6:	87a2                	mv	a5,s0
    3bd8:	4040                	lw	s0,4(s0)
    3bda:	b781                	j	3b1a <_malloc_r+0x30>
    3bdc:	843e                	mv	s0,a5
    3bde:	43dc                	lw	a5,4(a5)
    3be0:	bf81                	j	3b30 <_malloc_r+0x46>
    3be2:	47b1                	li	a5,12
    3be4:	00f92023          	sw	a5,0(s2)
    3be8:	854a                	mv	a0,s2
    3bea:	21ed                	jal	40d4 <__malloc_unlock>
    3bec:	b759                	j	3b72 <_malloc_r+0x88>
    3bee:	c104                	sw	s1,0(a0)
    3bf0:	bf55                	j	3ba4 <_malloc_r+0xba>

00003bf2 <__sfputc_r>:
    3bf2:	461c                	lw	a5,8(a2)
    3bf4:	17fd                	addi	a5,a5,-1
    3bf6:	c61c                	sw	a5,8(a2)
    3bf8:	0007da63          	bgez	a5,3c0c <__sfputc_r+0x1a>
    3bfc:	4e18                	lw	a4,24(a2)
    3bfe:	00e7c563          	blt	a5,a4,3c08 <__sfputc_r+0x16>
    3c02:	47a9                	li	a5,10
    3c04:	00f59463          	bne	a1,a5,3c0c <__sfputc_r+0x1a>
    3c08:	f5aff06f          	j	3362 <__swbuf_r>
    3c0c:	421c                	lw	a5,0(a2)
    3c0e:	852e                	mv	a0,a1
    3c10:	00178713          	addi	a4,a5,1
    3c14:	c218                	sw	a4,0(a2)
    3c16:	a38c                	sb	a1,0(a5)
    3c18:	8082                	ret

00003c1a <__sfputs_r>:
    3c1a:	1101                	addi	sp,sp,-32
    3c1c:	cc22                	sw	s0,24(sp)
    3c1e:	ca26                	sw	s1,20(sp)
    3c20:	c84a                	sw	s2,16(sp)
    3c22:	c64e                	sw	s3,12(sp)
    3c24:	c452                	sw	s4,8(sp)
    3c26:	ce06                	sw	ra,28(sp)
    3c28:	892a                	mv	s2,a0
    3c2a:	89ae                	mv	s3,a1
    3c2c:	8432                	mv	s0,a2
    3c2e:	00d604b3          	add	s1,a2,a3
    3c32:	5a7d                	li	s4,-1
    3c34:	00941463          	bne	s0,s1,3c3c <__sfputs_r+0x22>
    3c38:	4501                	li	a0,0
    3c3a:	a801                	j	3c4a <__sfputs_r+0x30>
    3c3c:	200c                	lbu	a1,0(s0)
    3c3e:	864e                	mv	a2,s3
    3c40:	854a                	mv	a0,s2
    3c42:	3f45                	jal	3bf2 <__sfputc_r>
    3c44:	0405                	addi	s0,s0,1
    3c46:	ff4517e3          	bne	a0,s4,3c34 <__sfputs_r+0x1a>
    3c4a:	40f2                	lw	ra,28(sp)
    3c4c:	4462                	lw	s0,24(sp)
    3c4e:	44d2                	lw	s1,20(sp)
    3c50:	4942                	lw	s2,16(sp)
    3c52:	49b2                	lw	s3,12(sp)
    3c54:	4a22                	lw	s4,8(sp)
    3c56:	6105                	addi	sp,sp,32
    3c58:	8082                	ret

00003c5a <_vfiprintf_r>:
    3c5a:	7135                	addi	sp,sp,-160
    3c5c:	cd22                	sw	s0,152(sp)
    3c5e:	cb26                	sw	s1,148(sp)
    3c60:	c94a                	sw	s2,144(sp)
    3c62:	c74e                	sw	s3,140(sp)
    3c64:	cf06                	sw	ra,156(sp)
    3c66:	c552                	sw	s4,136(sp)
    3c68:	c356                	sw	s5,132(sp)
    3c6a:	c15a                	sw	s6,128(sp)
    3c6c:	dede                	sw	s7,124(sp)
    3c6e:	dce2                	sw	s8,120(sp)
    3c70:	dae6                	sw	s9,116(sp)
    3c72:	89aa                	mv	s3,a0
    3c74:	842e                	mv	s0,a1
    3c76:	8932                	mv	s2,a2
    3c78:	84b6                	mv	s1,a3
    3c7a:	c509                	beqz	a0,3c84 <_vfiprintf_r+0x2a>
    3c7c:	4d1c                	lw	a5,24(a0)
    3c7e:	e399                	bnez	a5,3c84 <_vfiprintf_r+0x2a>
    3c80:	b13ff0ef          	jal	ra,3792 <__sinit>
    3c84:	00004797          	auipc	a5,0x4
    3c88:	bcc78793          	addi	a5,a5,-1076 # 7850 <__sf_fake_stdin>
    3c8c:	04f41963          	bne	s0,a5,3cde <_vfiprintf_r+0x84>
    3c90:	0049a403          	lw	s0,4(s3)
    3c94:	507c                	lw	a5,100(s0)
    3c96:	8b85                	andi	a5,a5,1
    3c98:	eb81                	bnez	a5,3ca8 <_vfiprintf_r+0x4e>
    3c9a:	245e                	lhu	a5,12(s0)
    3c9c:	2007f793          	andi	a5,a5,512
    3ca0:	e781                	bnez	a5,3ca8 <_vfiprintf_r+0x4e>
    3ca2:	4c28                	lw	a0,88(s0)
    3ca4:	c67ff0ef          	jal	ra,390a <__retarget_lock_acquire_recursive>
    3ca8:	245e                	lhu	a5,12(s0)
    3caa:	8ba1                	andi	a5,a5,8
    3cac:	c399                	beqz	a5,3cb2 <_vfiprintf_r+0x58>
    3cae:	481c                	lw	a5,16(s0)
    3cb0:	e3ad                	bnez	a5,3d12 <_vfiprintf_r+0xb8>
    3cb2:	85a2                	mv	a1,s0
    3cb4:	854e                	mv	a0,s3
    3cb6:	f68ff0ef          	jal	ra,341e <__swsetup_r>
    3cba:	cd21                	beqz	a0,3d12 <_vfiprintf_r+0xb8>
    3cbc:	507c                	lw	a5,100(s0)
    3cbe:	8b85                	andi	a5,a5,1
    3cc0:	c3a9                	beqz	a5,3d02 <_vfiprintf_r+0xa8>
    3cc2:	557d                	li	a0,-1
    3cc4:	40fa                	lw	ra,156(sp)
    3cc6:	446a                	lw	s0,152(sp)
    3cc8:	44da                	lw	s1,148(sp)
    3cca:	494a                	lw	s2,144(sp)
    3ccc:	49ba                	lw	s3,140(sp)
    3cce:	4a2a                	lw	s4,136(sp)
    3cd0:	4a9a                	lw	s5,132(sp)
    3cd2:	4b0a                	lw	s6,128(sp)
    3cd4:	5bf6                	lw	s7,124(sp)
    3cd6:	5c66                	lw	s8,120(sp)
    3cd8:	5cd6                	lw	s9,116(sp)
    3cda:	610d                	addi	sp,sp,160
    3cdc:	8082                	ret
    3cde:	00004797          	auipc	a5,0x4
    3ce2:	b5278793          	addi	a5,a5,-1198 # 7830 <__sf_fake_stdout>
    3ce6:	00f41563          	bne	s0,a5,3cf0 <_vfiprintf_r+0x96>
    3cea:	0089a403          	lw	s0,8(s3)
    3cee:	b75d                	j	3c94 <_vfiprintf_r+0x3a>
    3cf0:	00004797          	auipc	a5,0x4
    3cf4:	b2078793          	addi	a5,a5,-1248 # 7810 <__sf_fake_stderr>
    3cf8:	f8f41ee3          	bne	s0,a5,3c94 <_vfiprintf_r+0x3a>
    3cfc:	00c9a403          	lw	s0,12(s3)
    3d00:	bf51                	j	3c94 <_vfiprintf_r+0x3a>
    3d02:	245e                	lhu	a5,12(s0)
    3d04:	2007f793          	andi	a5,a5,512
    3d08:	ffcd                	bnez	a5,3cc2 <_vfiprintf_r+0x68>
    3d0a:	4c28                	lw	a0,88(s0)
    3d0c:	c01ff0ef          	jal	ra,390c <__retarget_lock_release_recursive>
    3d10:	bf4d                	j	3cc2 <_vfiprintf_r+0x68>
    3d12:	02000793          	li	a5,32
    3d16:	02f104a3          	sb	a5,41(sp)
    3d1a:	03000793          	li	a5,48
    3d1e:	d202                	sw	zero,36(sp)
    3d20:	02f10523          	sb	a5,42(sp)
    3d24:	c626                	sw	s1,12(sp)
    3d26:	02500b93          	li	s7,37
    3d2a:	00004a97          	auipc	s5,0x4
    3d2e:	b46a8a93          	addi	s5,s5,-1210 # 7870 <__sf_fake_stdin+0x20>
    3d32:	4c05                	li	s8,1
    3d34:	4b29                	li	s6,10
    3d36:	84ca                	mv	s1,s2
    3d38:	209c                	lbu	a5,0(s1)
    3d3a:	c399                	beqz	a5,3d40 <_vfiprintf_r+0xe6>
    3d3c:	09779963          	bne	a5,s7,3dce <_vfiprintf_r+0x174>
    3d40:	41248cb3          	sub	s9,s1,s2
    3d44:	01248d63          	beq	s1,s2,3d5e <_vfiprintf_r+0x104>
    3d48:	86e6                	mv	a3,s9
    3d4a:	864a                	mv	a2,s2
    3d4c:	85a2                	mv	a1,s0
    3d4e:	854e                	mv	a0,s3
    3d50:	35e9                	jal	3c1a <__sfputs_r>
    3d52:	57fd                	li	a5,-1
    3d54:	18f50763          	beq	a0,a5,3ee2 <_vfiprintf_r+0x288>
    3d58:	5792                	lw	a5,36(sp)
    3d5a:	97e6                	add	a5,a5,s9
    3d5c:	d23e                	sw	a5,36(sp)
    3d5e:	209c                	lbu	a5,0(s1)
    3d60:	18078163          	beqz	a5,3ee2 <_vfiprintf_r+0x288>
    3d64:	57fd                	li	a5,-1
    3d66:	00148913          	addi	s2,s1,1
    3d6a:	c802                	sw	zero,16(sp)
    3d6c:	ce02                	sw	zero,28(sp)
    3d6e:	ca3e                	sw	a5,20(sp)
    3d70:	cc02                	sw	zero,24(sp)
    3d72:	040109a3          	sb	zero,83(sp)
    3d76:	d482                	sw	zero,104(sp)
    3d78:	00094583          	lbu	a1,0(s2)
    3d7c:	4615                	li	a2,5
    3d7e:	8556                	mv	a0,s5
    3d80:	2e15                	jal	40b4 <memchr>
    3d82:	47c2                	lw	a5,16(sp)
    3d84:	00190493          	addi	s1,s2,1
    3d88:	e529                	bnez	a0,3dd2 <_vfiprintf_r+0x178>
    3d8a:	0107f713          	andi	a4,a5,16
    3d8e:	c709                	beqz	a4,3d98 <_vfiprintf_r+0x13e>
    3d90:	02000713          	li	a4,32
    3d94:	04e109a3          	sb	a4,83(sp)
    3d98:	0087f713          	andi	a4,a5,8
    3d9c:	c709                	beqz	a4,3da6 <_vfiprintf_r+0x14c>
    3d9e:	02b00713          	li	a4,43
    3da2:	04e109a3          	sb	a4,83(sp)
    3da6:	00094683          	lbu	a3,0(s2)
    3daa:	02a00713          	li	a4,42
    3dae:	02e68a63          	beq	a3,a4,3de2 <_vfiprintf_r+0x188>
    3db2:	47f2                	lw	a5,28(sp)
    3db4:	84ca                	mv	s1,s2
    3db6:	4681                	li	a3,0
    3db8:	4625                	li	a2,9
    3dba:	2098                	lbu	a4,0(s1)
    3dbc:	00148593          	addi	a1,s1,1
    3dc0:	fd070713          	addi	a4,a4,-48 # ffffdfd0 <_eusrstack+0xdffedfd0>
    3dc4:	06e67363          	bgeu	a2,a4,3e2a <_vfiprintf_r+0x1d0>
    3dc8:	c68d                	beqz	a3,3df2 <_vfiprintf_r+0x198>
    3dca:	ce3e                	sw	a5,28(sp)
    3dcc:	a01d                	j	3df2 <_vfiprintf_r+0x198>
    3dce:	0485                	addi	s1,s1,1
    3dd0:	b7a5                	j	3d38 <_vfiprintf_r+0xde>
    3dd2:	41550533          	sub	a0,a0,s5
    3dd6:	00ac1533          	sll	a0,s8,a0
    3dda:	8fc9                	or	a5,a5,a0
    3ddc:	c83e                	sw	a5,16(sp)
    3dde:	8926                	mv	s2,s1
    3de0:	bf61                	j	3d78 <_vfiprintf_r+0x11e>
    3de2:	4732                	lw	a4,12(sp)
    3de4:	00470693          	addi	a3,a4,4
    3de8:	4318                	lw	a4,0(a4)
    3dea:	c636                	sw	a3,12(sp)
    3dec:	02074863          	bltz	a4,3e1c <_vfiprintf_r+0x1c2>
    3df0:	ce3a                	sw	a4,28(sp)
    3df2:	2098                	lbu	a4,0(s1)
    3df4:	02e00793          	li	a5,46
    3df8:	04f71c63          	bne	a4,a5,3e50 <_vfiprintf_r+0x1f6>
    3dfc:	3098                	lbu	a4,1(s1)
    3dfe:	02a00793          	li	a5,42
    3e02:	02f71a63          	bne	a4,a5,3e36 <_vfiprintf_r+0x1dc>
    3e06:	47b2                	lw	a5,12(sp)
    3e08:	0489                	addi	s1,s1,2
    3e0a:	00478713          	addi	a4,a5,4
    3e0e:	439c                	lw	a5,0(a5)
    3e10:	c63a                	sw	a4,12(sp)
    3e12:	0007d363          	bgez	a5,3e18 <_vfiprintf_r+0x1be>
    3e16:	57fd                	li	a5,-1
    3e18:	ca3e                	sw	a5,20(sp)
    3e1a:	a81d                	j	3e50 <_vfiprintf_r+0x1f6>
    3e1c:	40e00733          	neg	a4,a4
    3e20:	0027e793          	ori	a5,a5,2
    3e24:	ce3a                	sw	a4,28(sp)
    3e26:	c83e                	sw	a5,16(sp)
    3e28:	b7e9                	j	3df2 <_vfiprintf_r+0x198>
    3e2a:	036787b3          	mul	a5,a5,s6
    3e2e:	84ae                	mv	s1,a1
    3e30:	4685                	li	a3,1
    3e32:	97ba                	add	a5,a5,a4
    3e34:	b759                	j	3dba <_vfiprintf_r+0x160>
    3e36:	0485                	addi	s1,s1,1
    3e38:	ca02                	sw	zero,20(sp)
    3e3a:	4681                	li	a3,0
    3e3c:	4781                	li	a5,0
    3e3e:	4625                	li	a2,9
    3e40:	2098                	lbu	a4,0(s1)
    3e42:	00148593          	addi	a1,s1,1
    3e46:	fd070713          	addi	a4,a4,-48
    3e4a:	06e67263          	bgeu	a2,a4,3eae <_vfiprintf_r+0x254>
    3e4e:	f6e9                	bnez	a3,3e18 <_vfiprintf_r+0x1be>
    3e50:	208c                	lbu	a1,0(s1)
    3e52:	460d                	li	a2,3
    3e54:	00004517          	auipc	a0,0x4
    3e58:	a2450513          	addi	a0,a0,-1500 # 7878 <__sf_fake_stdin+0x28>
    3e5c:	2ca1                	jal	40b4 <memchr>
    3e5e:	cd11                	beqz	a0,3e7a <_vfiprintf_r+0x220>
    3e60:	00004797          	auipc	a5,0x4
    3e64:	a1878793          	addi	a5,a5,-1512 # 7878 <__sf_fake_stdin+0x28>
    3e68:	8d1d                	sub	a0,a0,a5
    3e6a:	47c2                	lw	a5,16(sp)
    3e6c:	04000713          	li	a4,64
    3e70:	00a71733          	sll	a4,a4,a0
    3e74:	8fd9                	or	a5,a5,a4
    3e76:	0485                	addi	s1,s1,1
    3e78:	c83e                	sw	a5,16(sp)
    3e7a:	208c                	lbu	a1,0(s1)
    3e7c:	4619                	li	a2,6
    3e7e:	00004517          	auipc	a0,0x4
    3e82:	9fe50513          	addi	a0,a0,-1538 # 787c <__sf_fake_stdin+0x2c>
    3e86:	00148913          	addi	s2,s1,1
    3e8a:	02b10423          	sb	a1,40(sp)
    3e8e:	241d                	jal	40b4 <memchr>
    3e90:	c935                	beqz	a0,3f04 <_vfiprintf_r+0x2aa>
    3e92:	00000793          	li	a5,0
    3e96:	e795                	bnez	a5,3ec2 <_vfiprintf_r+0x268>
    3e98:	4742                	lw	a4,16(sp)
    3e9a:	47b2                	lw	a5,12(sp)
    3e9c:	10077713          	andi	a4,a4,256
    3ea0:	cf09                	beqz	a4,3eba <_vfiprintf_r+0x260>
    3ea2:	0791                	addi	a5,a5,4
    3ea4:	c63e                	sw	a5,12(sp)
    3ea6:	5792                	lw	a5,36(sp)
    3ea8:	97d2                	add	a5,a5,s4
    3eaa:	d23e                	sw	a5,36(sp)
    3eac:	b569                	j	3d36 <_vfiprintf_r+0xdc>
    3eae:	036787b3          	mul	a5,a5,s6
    3eb2:	84ae                	mv	s1,a1
    3eb4:	4685                	li	a3,1
    3eb6:	97ba                	add	a5,a5,a4
    3eb8:	b761                	j	3e40 <_vfiprintf_r+0x1e6>
    3eba:	079d                	addi	a5,a5,7
    3ebc:	9be1                	andi	a5,a5,-8
    3ebe:	07a1                	addi	a5,a5,8
    3ec0:	b7d5                	j	3ea4 <_vfiprintf_r+0x24a>
    3ec2:	0078                	addi	a4,sp,12
    3ec4:	00000697          	auipc	a3,0x0
    3ec8:	d5668693          	addi	a3,a3,-682 # 3c1a <__sfputs_r>
    3ecc:	8622                	mv	a2,s0
    3ece:	080c                	addi	a1,sp,16
    3ed0:	854e                	mv	a0,s3
    3ed2:	00000097          	auipc	ra,0x0
    3ed6:	000000e7          	jalr	zero # 0 <_sinit>
    3eda:	57fd                	li	a5,-1
    3edc:	8a2a                	mv	s4,a0
    3ede:	fcf514e3          	bne	a0,a5,3ea6 <_vfiprintf_r+0x24c>
    3ee2:	507c                	lw	a5,100(s0)
    3ee4:	8b85                	andi	a5,a5,1
    3ee6:	eb81                	bnez	a5,3ef6 <_vfiprintf_r+0x29c>
    3ee8:	245e                	lhu	a5,12(s0)
    3eea:	2007f793          	andi	a5,a5,512
    3eee:	e781                	bnez	a5,3ef6 <_vfiprintf_r+0x29c>
    3ef0:	4c28                	lw	a0,88(s0)
    3ef2:	a1bff0ef          	jal	ra,390c <__retarget_lock_release_recursive>
    3ef6:	245e                	lhu	a5,12(s0)
    3ef8:	0407f793          	andi	a5,a5,64
    3efc:	dc0793e3          	bnez	a5,3cc2 <_vfiprintf_r+0x68>
    3f00:	5512                	lw	a0,36(sp)
    3f02:	b3c9                	j	3cc4 <_vfiprintf_r+0x6a>
    3f04:	0078                	addi	a4,sp,12
    3f06:	00000697          	auipc	a3,0x0
    3f0a:	d1468693          	addi	a3,a3,-748 # 3c1a <__sfputs_r>
    3f0e:	8622                	mv	a2,s0
    3f10:	080c                	addi	a1,sp,16
    3f12:	854e                	mv	a0,s3
    3f14:	2ce1                	jal	41ec <_printf_i>
    3f16:	b7d1                	j	3eda <_vfiprintf_r+0x280>

00003f18 <_sbrk_r>:
    3f18:	1141                	addi	sp,sp,-16
    3f1a:	c422                	sw	s0,8(sp)
    3f1c:	842a                	mv	s0,a0
    3f1e:	852e                	mv	a0,a1
    3f20:	8401a823          	sw	zero,-1968(gp) # 200000e0 <errno>
    3f24:	c606                	sw	ra,12(sp)
    3f26:	a71fe0ef          	jal	ra,2996 <_sbrk>
    3f2a:	57fd                	li	a5,-1
    3f2c:	00f51663          	bne	a0,a5,3f38 <_sbrk_r+0x20>
    3f30:	8501a783          	lw	a5,-1968(gp) # 200000e0 <errno>
    3f34:	c391                	beqz	a5,3f38 <_sbrk_r+0x20>
    3f36:	c01c                	sw	a5,0(s0)
    3f38:	40b2                	lw	ra,12(sp)
    3f3a:	4422                	lw	s0,8(sp)
    3f3c:	0141                	addi	sp,sp,16
    3f3e:	8082                	ret

00003f40 <__sread>:
    3f40:	1141                	addi	sp,sp,-16
    3f42:	c422                	sw	s0,8(sp)
    3f44:	842e                	mv	s0,a1
    3f46:	00e59583          	lh	a1,14(a1)
    3f4a:	c606                	sw	ra,12(sp)
    3f4c:	2b31                	jal	4468 <_read_r>
    3f4e:	00054963          	bltz	a0,3f60 <__sread+0x20>
    3f52:	487c                	lw	a5,84(s0)
    3f54:	97aa                	add	a5,a5,a0
    3f56:	c87c                	sw	a5,84(s0)
    3f58:	40b2                	lw	ra,12(sp)
    3f5a:	4422                	lw	s0,8(sp)
    3f5c:	0141                	addi	sp,sp,16
    3f5e:	8082                	ret
    3f60:	245e                	lhu	a5,12(s0)
    3f62:	777d                	lui	a4,0xfffff
    3f64:	177d                	addi	a4,a4,-1 # ffffefff <_eusrstack+0xdffeefff>
    3f66:	8ff9                	and	a5,a5,a4
    3f68:	a45e                	sh	a5,12(s0)
    3f6a:	b7fd                	j	3f58 <__sread+0x18>

00003f6c <__swrite>:
    3f6c:	25de                	lhu	a5,12(a1)
    3f6e:	1101                	addi	sp,sp,-32
    3f70:	cc22                	sw	s0,24(sp)
    3f72:	ca26                	sw	s1,20(sp)
    3f74:	c84a                	sw	s2,16(sp)
    3f76:	c64e                	sw	s3,12(sp)
    3f78:	ce06                	sw	ra,28(sp)
    3f7a:	1007f793          	andi	a5,a5,256
    3f7e:	84aa                	mv	s1,a0
    3f80:	842e                	mv	s0,a1
    3f82:	8932                	mv	s2,a2
    3f84:	89b6                	mv	s3,a3
    3f86:	c791                	beqz	a5,3f92 <__swrite+0x26>
    3f88:	00e59583          	lh	a1,14(a1)
    3f8c:	4689                	li	a3,2
    3f8e:	4601                	li	a2,0
    3f90:	28ed                	jal	408a <_lseek_r>
    3f92:	245e                	lhu	a5,12(s0)
    3f94:	777d                	lui	a4,0xfffff
    3f96:	177d                	addi	a4,a4,-1 # ffffefff <_eusrstack+0xdffeefff>
    3f98:	8ff9                	and	a5,a5,a4
    3f9a:	00e41583          	lh	a1,14(s0)
    3f9e:	a45e                	sh	a5,12(s0)
    3fa0:	4462                	lw	s0,24(sp)
    3fa2:	40f2                	lw	ra,28(sp)
    3fa4:	86ce                	mv	a3,s3
    3fa6:	864a                	mv	a2,s2
    3fa8:	49b2                	lw	s3,12(sp)
    3faa:	4942                	lw	s2,16(sp)
    3fac:	8526                	mv	a0,s1
    3fae:	44d2                	lw	s1,20(sp)
    3fb0:	6105                	addi	sp,sp,32
    3fb2:	a825                	j	3fea <_write_r>

00003fb4 <__sseek>:
    3fb4:	1141                	addi	sp,sp,-16
    3fb6:	c422                	sw	s0,8(sp)
    3fb8:	842e                	mv	s0,a1
    3fba:	00e59583          	lh	a1,14(a1)
    3fbe:	c606                	sw	ra,12(sp)
    3fc0:	20e9                	jal	408a <_lseek_r>
    3fc2:	577d                	li	a4,-1
    3fc4:	245e                	lhu	a5,12(s0)
    3fc6:	00e51a63          	bne	a0,a4,3fda <__sseek+0x26>
    3fca:	777d                	lui	a4,0xfffff
    3fcc:	177d                	addi	a4,a4,-1 # ffffefff <_eusrstack+0xdffeefff>
    3fce:	8ff9                	and	a5,a5,a4
    3fd0:	a45e                	sh	a5,12(s0)
    3fd2:	40b2                	lw	ra,12(sp)
    3fd4:	4422                	lw	s0,8(sp)
    3fd6:	0141                	addi	sp,sp,16
    3fd8:	8082                	ret
    3fda:	6705                	lui	a4,0x1
    3fdc:	8fd9                	or	a5,a5,a4
    3fde:	a45e                	sh	a5,12(s0)
    3fe0:	c868                	sw	a0,84(s0)
    3fe2:	bfc5                	j	3fd2 <__sseek+0x1e>

00003fe4 <__sclose>:
    3fe4:	00e59583          	lh	a1,14(a1)
    3fe8:	a03d                	j	4016 <_close_r>

00003fea <_write_r>:
    3fea:	1141                	addi	sp,sp,-16
    3fec:	c422                	sw	s0,8(sp)
    3fee:	842a                	mv	s0,a0
    3ff0:	852e                	mv	a0,a1
    3ff2:	85b2                	mv	a1,a2
    3ff4:	8636                	mv	a2,a3
    3ff6:	8401a823          	sw	zero,-1968(gp) # 200000e0 <errno>
    3ffa:	c606                	sw	ra,12(sp)
    3ffc:	947fe0ef          	jal	ra,2942 <_write>
    4000:	57fd                	li	a5,-1
    4002:	00f51663          	bne	a0,a5,400e <_write_r+0x24>
    4006:	8501a783          	lw	a5,-1968(gp) # 200000e0 <errno>
    400a:	c391                	beqz	a5,400e <_write_r+0x24>
    400c:	c01c                	sw	a5,0(s0)
    400e:	40b2                	lw	ra,12(sp)
    4010:	4422                	lw	s0,8(sp)
    4012:	0141                	addi	sp,sp,16
    4014:	8082                	ret

00004016 <_close_r>:
    4016:	1141                	addi	sp,sp,-16
    4018:	c422                	sw	s0,8(sp)
    401a:	842a                	mv	s0,a0
    401c:	852e                	mv	a0,a1
    401e:	8401a823          	sw	zero,-1968(gp) # 200000e0 <errno>
    4022:	c606                	sw	ra,12(sp)
    4024:	21bd                	jal	4492 <_close>
    4026:	57fd                	li	a5,-1
    4028:	00f51663          	bne	a0,a5,4034 <_close_r+0x1e>
    402c:	8501a783          	lw	a5,-1968(gp) # 200000e0 <errno>
    4030:	c391                	beqz	a5,4034 <_close_r+0x1e>
    4032:	c01c                	sw	a5,0(s0)
    4034:	40b2                	lw	ra,12(sp)
    4036:	4422                	lw	s0,8(sp)
    4038:	0141                	addi	sp,sp,16
    403a:	8082                	ret

0000403c <_fstat_r>:
    403c:	1141                	addi	sp,sp,-16
    403e:	c422                	sw	s0,8(sp)
    4040:	842a                	mv	s0,a0
    4042:	852e                	mv	a0,a1
    4044:	85b2                	mv	a1,a2
    4046:	8401a823          	sw	zero,-1968(gp) # 200000e0 <errno>
    404a:	c606                	sw	ra,12(sp)
    404c:	2989                	jal	449e <_fstat>
    404e:	57fd                	li	a5,-1
    4050:	00f51663          	bne	a0,a5,405c <_fstat_r+0x20>
    4054:	8501a783          	lw	a5,-1968(gp) # 200000e0 <errno>
    4058:	c391                	beqz	a5,405c <_fstat_r+0x20>
    405a:	c01c                	sw	a5,0(s0)
    405c:	40b2                	lw	ra,12(sp)
    405e:	4422                	lw	s0,8(sp)
    4060:	0141                	addi	sp,sp,16
    4062:	8082                	ret

00004064 <_isatty_r>:
    4064:	1141                	addi	sp,sp,-16
    4066:	c422                	sw	s0,8(sp)
    4068:	842a                	mv	s0,a0
    406a:	852e                	mv	a0,a1
    406c:	8401a823          	sw	zero,-1968(gp) # 200000e0 <errno>
    4070:	c606                	sw	ra,12(sp)
    4072:	2925                	jal	44aa <_isatty>
    4074:	57fd                	li	a5,-1
    4076:	00f51663          	bne	a0,a5,4082 <_isatty_r+0x1e>
    407a:	8501a783          	lw	a5,-1968(gp) # 200000e0 <errno>
    407e:	c391                	beqz	a5,4082 <_isatty_r+0x1e>
    4080:	c01c                	sw	a5,0(s0)
    4082:	40b2                	lw	ra,12(sp)
    4084:	4422                	lw	s0,8(sp)
    4086:	0141                	addi	sp,sp,16
    4088:	8082                	ret

0000408a <_lseek_r>:
    408a:	1141                	addi	sp,sp,-16
    408c:	c422                	sw	s0,8(sp)
    408e:	842a                	mv	s0,a0
    4090:	852e                	mv	a0,a1
    4092:	85b2                	mv	a1,a2
    4094:	8636                	mv	a2,a3
    4096:	8401a823          	sw	zero,-1968(gp) # 200000e0 <errno>
    409a:	c606                	sw	ra,12(sp)
    409c:	2929                	jal	44b6 <_lseek>
    409e:	57fd                	li	a5,-1
    40a0:	00f51663          	bne	a0,a5,40ac <_lseek_r+0x22>
    40a4:	8501a783          	lw	a5,-1968(gp) # 200000e0 <errno>
    40a8:	c391                	beqz	a5,40ac <_lseek_r+0x22>
    40aa:	c01c                	sw	a5,0(s0)
    40ac:	40b2                	lw	ra,12(sp)
    40ae:	4422                	lw	s0,8(sp)
    40b0:	0141                	addi	sp,sp,16
    40b2:	8082                	ret

000040b4 <memchr>:
    40b4:	0ff5f593          	zext.b	a1,a1
    40b8:	962a                	add	a2,a2,a0
    40ba:	00c51463          	bne	a0,a2,40c2 <memchr+0xe>
    40be:	4501                	li	a0,0
    40c0:	8082                	ret
    40c2:	211c                	lbu	a5,0(a0)
    40c4:	feb78ee3          	beq	a5,a1,40c0 <memchr+0xc>
    40c8:	0505                	addi	a0,a0,1
    40ca:	bfc5                	j	40ba <memchr+0x6>

000040cc <__malloc_lock>:
    40cc:	83c18513          	addi	a0,gp,-1988 # 200000cc <__lock___malloc_recursive_mutex>
    40d0:	83bff06f          	j	390a <__retarget_lock_acquire_recursive>

000040d4 <__malloc_unlock>:
    40d4:	83c18513          	addi	a0,gp,-1988 # 200000cc <__lock___malloc_recursive_mutex>
    40d8:	835ff06f          	j	390c <__retarget_lock_release_recursive>

000040dc <_printf_common>:
    40dc:	7179                	addi	sp,sp,-48
    40de:	ca56                	sw	s5,20(sp)
    40e0:	499c                	lw	a5,16(a1)
    40e2:	8aba                	mv	s5,a4
    40e4:	4598                	lw	a4,8(a1)
    40e6:	d422                	sw	s0,40(sp)
    40e8:	d04a                	sw	s2,32(sp)
    40ea:	ce4e                	sw	s3,28(sp)
    40ec:	cc52                	sw	s4,24(sp)
    40ee:	d606                	sw	ra,44(sp)
    40f0:	d226                	sw	s1,36(sp)
    40f2:	c85a                	sw	s6,16(sp)
    40f4:	c65e                	sw	s7,12(sp)
    40f6:	89aa                	mv	s3,a0
    40f8:	842e                	mv	s0,a1
    40fa:	8932                	mv	s2,a2
    40fc:	8a36                	mv	s4,a3
    40fe:	00e7d363          	bge	a5,a4,4104 <_printf_common+0x28>
    4102:	87ba                	mv	a5,a4
    4104:	00f92023          	sw	a5,0(s2)
    4108:	04344703          	lbu	a4,67(s0)
    410c:	c701                	beqz	a4,4114 <_printf_common+0x38>
    410e:	0785                	addi	a5,a5,1
    4110:	00f92023          	sw	a5,0(s2)
    4114:	401c                	lw	a5,0(s0)
    4116:	0207f793          	andi	a5,a5,32
    411a:	c791                	beqz	a5,4126 <_printf_common+0x4a>
    411c:	00092783          	lw	a5,0(s2)
    4120:	0789                	addi	a5,a5,2
    4122:	00f92023          	sw	a5,0(s2)
    4126:	4004                	lw	s1,0(s0)
    4128:	8899                	andi	s1,s1,6
    412a:	e891                	bnez	s1,413e <_printf_common+0x62>
    412c:	01940b13          	addi	s6,s0,25
    4130:	5bfd                	li	s7,-1
    4132:	445c                	lw	a5,12(s0)
    4134:	00092703          	lw	a4,0(s2)
    4138:	8f99                	sub	a5,a5,a4
    413a:	04f4cc63          	blt	s1,a5,4192 <_printf_common+0xb6>
    413e:	04344783          	lbu	a5,67(s0)
    4142:	00f036b3          	snez	a3,a5
    4146:	401c                	lw	a5,0(s0)
    4148:	0207f793          	andi	a5,a5,32
    414c:	eba5                	bnez	a5,41bc <_printf_common+0xe0>
    414e:	04340613          	addi	a2,s0,67
    4152:	85d2                	mv	a1,s4
    4154:	854e                	mv	a0,s3
    4156:	9a82                	jalr	s5
    4158:	57fd                	li	a5,-1
    415a:	04f50363          	beq	a0,a5,41a0 <_printf_common+0xc4>
    415e:	401c                	lw	a5,0(s0)
    4160:	4711                	li	a4,4
    4162:	4481                	li	s1,0
    4164:	8b99                	andi	a5,a5,6
    4166:	00e79963          	bne	a5,a4,4178 <_printf_common+0x9c>
    416a:	4444                	lw	s1,12(s0)
    416c:	00092783          	lw	a5,0(s2)
    4170:	8c9d                	sub	s1,s1,a5
    4172:	0004d363          	bgez	s1,4178 <_printf_common+0x9c>
    4176:	4481                	li	s1,0
    4178:	441c                	lw	a5,8(s0)
    417a:	4818                	lw	a4,16(s0)
    417c:	00f75463          	bge	a4,a5,4184 <_printf_common+0xa8>
    4180:	8f99                	sub	a5,a5,a4
    4182:	94be                	add	s1,s1,a5
    4184:	4901                	li	s2,0
    4186:	0469                	addi	s0,s0,26
    4188:	5b7d                	li	s6,-1
    418a:	05249863          	bne	s1,s2,41da <_printf_common+0xfe>
    418e:	4501                	li	a0,0
    4190:	a809                	j	41a2 <_printf_common+0xc6>
    4192:	4685                	li	a3,1
    4194:	865a                	mv	a2,s6
    4196:	85d2                	mv	a1,s4
    4198:	854e                	mv	a0,s3
    419a:	9a82                	jalr	s5
    419c:	01751e63          	bne	a0,s7,41b8 <_printf_common+0xdc>
    41a0:	557d                	li	a0,-1
    41a2:	50b2                	lw	ra,44(sp)
    41a4:	5422                	lw	s0,40(sp)
    41a6:	5492                	lw	s1,36(sp)
    41a8:	5902                	lw	s2,32(sp)
    41aa:	49f2                	lw	s3,28(sp)
    41ac:	4a62                	lw	s4,24(sp)
    41ae:	4ad2                	lw	s5,20(sp)
    41b0:	4b42                	lw	s6,16(sp)
    41b2:	4bb2                	lw	s7,12(sp)
    41b4:	6145                	addi	sp,sp,48
    41b6:	8082                	ret
    41b8:	0485                	addi	s1,s1,1
    41ba:	bfa5                	j	4132 <_printf_common+0x56>
    41bc:	00d40733          	add	a4,s0,a3
    41c0:	03000613          	li	a2,48
    41c4:	04c701a3          	sb	a2,67(a4) # 1043 <LLE_IRQSubHandler+0x1bf>
    41c8:	04544703          	lbu	a4,69(s0)
    41cc:	00168793          	addi	a5,a3,1
    41d0:	97a2                	add	a5,a5,s0
    41d2:	0689                	addi	a3,a3,2
    41d4:	04e781a3          	sb	a4,67(a5)
    41d8:	bf9d                	j	414e <_printf_common+0x72>
    41da:	4685                	li	a3,1
    41dc:	8622                	mv	a2,s0
    41de:	85d2                	mv	a1,s4
    41e0:	854e                	mv	a0,s3
    41e2:	9a82                	jalr	s5
    41e4:	fb650ee3          	beq	a0,s6,41a0 <_printf_common+0xc4>
    41e8:	0905                	addi	s2,s2,1
    41ea:	b745                	j	418a <_printf_common+0xae>

000041ec <_printf_i>:
    41ec:	7179                	addi	sp,sp,-48
    41ee:	d422                	sw	s0,40(sp)
    41f0:	d04a                	sw	s2,32(sp)
    41f2:	ce4e                	sw	s3,28(sp)
    41f4:	cc52                	sw	s4,24(sp)
    41f6:	d606                	sw	ra,44(sp)
    41f8:	d226                	sw	s1,36(sp)
    41fa:	ca56                	sw	s5,20(sp)
    41fc:	c85a                	sw	s6,16(sp)
    41fe:	0185c803          	lbu	a6,24(a1)
    4202:	07800793          	li	a5,120
    4206:	892a                	mv	s2,a0
    4208:	842e                	mv	s0,a1
    420a:	89b2                	mv	s3,a2
    420c:	8a36                	mv	s4,a3
    420e:	0307e263          	bltu	a5,a6,4232 <_printf_i+0x46>
    4212:	06200793          	li	a5,98
    4216:	04358693          	addi	a3,a1,67
    421a:	0307e163          	bltu	a5,a6,423c <_printf_i+0x50>
    421e:	1c080c63          	beqz	a6,43f6 <_printf_i+0x20a>
    4222:	05800793          	li	a5,88
    4226:	00003617          	auipc	a2,0x3
    422a:	65e60613          	addi	a2,a2,1630 # 7884 <__sf_fake_stdin+0x34>
    422e:	14f80863          	beq	a6,a5,437e <_printf_i+0x192>
    4232:	04240493          	addi	s1,s0,66
    4236:	05040123          	sb	a6,66(s0)
    423a:	a815                	j	426e <_printf_i+0x82>
    423c:	f9d80793          	addi	a5,a6,-99
    4240:	0ff7f793          	zext.b	a5,a5
    4244:	4655                	li	a2,21
    4246:	fef666e3          	bltu	a2,a5,4232 <_printf_i+0x46>
    424a:	00003617          	auipc	a2,0x3
    424e:	66260613          	addi	a2,a2,1634 # 78ac <__sf_fake_stdin+0x5c>
    4252:	078a                	slli	a5,a5,0x2
    4254:	97b2                	add	a5,a5,a2
    4256:	439c                	lw	a5,0(a5)
    4258:	97b2                	add	a5,a5,a2
    425a:	8782                	jr	a5
    425c:	431c                	lw	a5,0(a4)
    425e:	04258493          	addi	s1,a1,66
    4262:	00478693          	addi	a3,a5,4
    4266:	439c                	lw	a5,0(a5)
    4268:	c314                	sw	a3,0(a4)
    426a:	04f58123          	sb	a5,66(a1)
    426e:	4785                	li	a5,1
    4270:	a26d                	j	441a <_printf_i+0x22e>
    4272:	4190                	lw	a2,0(a1)
    4274:	431c                	lw	a5,0(a4)
    4276:	08067513          	andi	a0,a2,128
    427a:	00478593          	addi	a1,a5,4
    427e:	c129                	beqz	a0,42c0 <_printf_i+0xd4>
    4280:	439c                	lw	a5,0(a5)
    4282:	c30c                	sw	a1,0(a4)
    4284:	4058                	lw	a4,4(s0)
    4286:	1207df63          	bgez	a5,43c4 <_printf_i+0x1d8>
    428a:	02d00593          	li	a1,45
    428e:	04b401a3          	sb	a1,67(s0)
    4292:	c418                	sw	a4,8(s0)
    4294:	02075e63          	bgez	a4,42d0 <_printf_i+0xe4>
    4298:	40f007b3          	neg	a5,a5
    429c:	00003617          	auipc	a2,0x3
    42a0:	5e860613          	addi	a2,a2,1512 # 7884 <__sf_fake_stdin+0x34>
    42a4:	4829                	li	a6,10
    42a6:	84b6                	mv	s1,a3
    42a8:	0307f733          	remu	a4,a5,a6
    42ac:	14fd                	addi	s1,s1,-1
    42ae:	9732                	add	a4,a4,a2
    42b0:	2318                	lbu	a4,0(a4)
    42b2:	a098                	sb	a4,0(s1)
    42b4:	873e                	mv	a4,a5
    42b6:	0307d7b3          	divu	a5,a5,a6
    42ba:	ff0777e3          	bgeu	a4,a6,42a8 <_printf_i+0xbc>
    42be:	a085                	j	431e <_printf_i+0x132>
    42c0:	439c                	lw	a5,0(a5)
    42c2:	04067513          	andi	a0,a2,64
    42c6:	c30c                	sw	a1,0(a4)
    42c8:	dd55                	beqz	a0,4284 <_printf_i+0x98>
    42ca:	07c2                	slli	a5,a5,0x10
    42cc:	87c1                	srai	a5,a5,0x10
    42ce:	bf5d                	j	4284 <_printf_i+0x98>
    42d0:	9a6d                	andi	a2,a2,-5
    42d2:	c010                	sw	a2,0(s0)
    42d4:	b7d1                	j	4298 <_printf_i+0xac>
    42d6:	4190                	lw	a2,0(a1)
    42d8:	431c                	lw	a5,0(a4)
    42da:	08067513          	andi	a0,a2,128
    42de:	00478593          	addi	a1,a5,4
    42e2:	c501                	beqz	a0,42ea <_printf_i+0xfe>
    42e4:	c30c                	sw	a1,0(a4)
    42e6:	439c                	lw	a5,0(a5)
    42e8:	a031                	j	42f4 <_printf_i+0x108>
    42ea:	04067613          	andi	a2,a2,64
    42ee:	c30c                	sw	a1,0(a4)
    42f0:	da7d                	beqz	a2,42e6 <_printf_i+0xfa>
    42f2:	239e                	lhu	a5,0(a5)
    42f4:	06f00713          	li	a4,111
    42f8:	00003617          	auipc	a2,0x3
    42fc:	58c60613          	addi	a2,a2,1420 # 7884 <__sf_fake_stdin+0x34>
    4300:	0ce81063          	bne	a6,a4,43c0 <_printf_i+0x1d4>
    4304:	4821                	li	a6,8
    4306:	040401a3          	sb	zero,67(s0)
    430a:	4058                	lw	a4,4(s0)
    430c:	c418                	sw	a4,8(s0)
    430e:	f8074ce3          	bltz	a4,42a6 <_printf_i+0xba>
    4312:	400c                	lw	a1,0(s0)
    4314:	99ed                	andi	a1,a1,-5
    4316:	c00c                	sw	a1,0(s0)
    4318:	f7d9                	bnez	a5,42a6 <_printf_i+0xba>
    431a:	84b6                	mv	s1,a3
    431c:	f749                	bnez	a4,42a6 <_printf_i+0xba>
    431e:	47a1                	li	a5,8
    4320:	00f81e63          	bne	a6,a5,433c <_printf_i+0x150>
    4324:	401c                	lw	a5,0(s0)
    4326:	8b85                	andi	a5,a5,1
    4328:	cb91                	beqz	a5,433c <_printf_i+0x150>
    432a:	4058                	lw	a4,4(s0)
    432c:	481c                	lw	a5,16(s0)
    432e:	00e7c763          	blt	a5,a4,433c <_printf_i+0x150>
    4332:	03000793          	li	a5,48
    4336:	fef48fa3          	sb	a5,-1(s1)
    433a:	14fd                	addi	s1,s1,-1
    433c:	8e85                	sub	a3,a3,s1
    433e:	c814                	sw	a3,16(s0)
    4340:	8752                	mv	a4,s4
    4342:	86ce                	mv	a3,s3
    4344:	0070                	addi	a2,sp,12
    4346:	85a2                	mv	a1,s0
    4348:	854a                	mv	a0,s2
    434a:	d93ff0ef          	jal	ra,40dc <_printf_common>
    434e:	5afd                	li	s5,-1
    4350:	0d551963          	bne	a0,s5,4422 <_printf_i+0x236>
    4354:	557d                	li	a0,-1
    4356:	50b2                	lw	ra,44(sp)
    4358:	5422                	lw	s0,40(sp)
    435a:	5492                	lw	s1,36(sp)
    435c:	5902                	lw	s2,32(sp)
    435e:	49f2                	lw	s3,28(sp)
    4360:	4a62                	lw	s4,24(sp)
    4362:	4ad2                	lw	s5,20(sp)
    4364:	4b42                	lw	s6,16(sp)
    4366:	6145                	addi	sp,sp,48
    4368:	8082                	ret
    436a:	419c                	lw	a5,0(a1)
    436c:	0207e793          	ori	a5,a5,32
    4370:	c19c                	sw	a5,0(a1)
    4372:	07800813          	li	a6,120
    4376:	00003617          	auipc	a2,0x3
    437a:	52260613          	addi	a2,a2,1314 # 7898 <__sf_fake_stdin+0x48>
    437e:	050402a3          	sb	a6,69(s0)
    4382:	400c                	lw	a1,0(s0)
    4384:	431c                	lw	a5,0(a4)
    4386:	0805f813          	andi	a6,a1,128
    438a:	00478513          	addi	a0,a5,4
    438e:	00080563          	beqz	a6,4398 <_printf_i+0x1ac>
    4392:	c308                	sw	a0,0(a4)
    4394:	439c                	lw	a5,0(a5)
    4396:	a039                	j	43a4 <_printf_i+0x1b8>
    4398:	0405f813          	andi	a6,a1,64
    439c:	c308                	sw	a0,0(a4)
    439e:	fe080be3          	beqz	a6,4394 <_printf_i+0x1a8>
    43a2:	239e                	lhu	a5,0(a5)
    43a4:	0015f713          	andi	a4,a1,1
    43a8:	c701                	beqz	a4,43b0 <_printf_i+0x1c4>
    43aa:	0205e593          	ori	a1,a1,32
    43ae:	c00c                	sw	a1,0(s0)
    43b0:	c399                	beqz	a5,43b6 <_printf_i+0x1ca>
    43b2:	4841                	li	a6,16
    43b4:	bf89                	j	4306 <_printf_i+0x11a>
    43b6:	4018                	lw	a4,0(s0)
    43b8:	fdf77713          	andi	a4,a4,-33
    43bc:	c018                	sw	a4,0(s0)
    43be:	bfd5                	j	43b2 <_printf_i+0x1c6>
    43c0:	4829                	li	a6,10
    43c2:	b791                	j	4306 <_printf_i+0x11a>
    43c4:	00003617          	auipc	a2,0x3
    43c8:	4c060613          	addi	a2,a2,1216 # 7884 <__sf_fake_stdin+0x34>
    43cc:	4829                	li	a6,10
    43ce:	bf35                	j	430a <_printf_i+0x11e>
    43d0:	4190                	lw	a2,0(a1)
    43d2:	431c                	lw	a5,0(a4)
    43d4:	49cc                	lw	a1,20(a1)
    43d6:	08067813          	andi	a6,a2,128
    43da:	00478513          	addi	a0,a5,4
    43de:	00080663          	beqz	a6,43ea <_printf_i+0x1fe>
    43e2:	c308                	sw	a0,0(a4)
    43e4:	439c                	lw	a5,0(a5)
    43e6:	c38c                	sw	a1,0(a5)
    43e8:	a039                	j	43f6 <_printf_i+0x20a>
    43ea:	c308                	sw	a0,0(a4)
    43ec:	04067613          	andi	a2,a2,64
    43f0:	439c                	lw	a5,0(a5)
    43f2:	da75                	beqz	a2,43e6 <_printf_i+0x1fa>
    43f4:	a38e                	sh	a1,0(a5)
    43f6:	00042823          	sw	zero,16(s0)
    43fa:	84b6                	mv	s1,a3
    43fc:	b791                	j	4340 <_printf_i+0x154>
    43fe:	431c                	lw	a5,0(a4)
    4400:	41d0                	lw	a2,4(a1)
    4402:	4581                	li	a1,0
    4404:	00478693          	addi	a3,a5,4
    4408:	c314                	sw	a3,0(a4)
    440a:	4384                	lw	s1,0(a5)
    440c:	8526                	mv	a0,s1
    440e:	ca7ff0ef          	jal	ra,40b4 <memchr>
    4412:	c119                	beqz	a0,4418 <_printf_i+0x22c>
    4414:	8d05                	sub	a0,a0,s1
    4416:	c048                	sw	a0,4(s0)
    4418:	405c                	lw	a5,4(s0)
    441a:	c81c                	sw	a5,16(s0)
    441c:	040401a3          	sb	zero,67(s0)
    4420:	b705                	j	4340 <_printf_i+0x154>
    4422:	4814                	lw	a3,16(s0)
    4424:	8626                	mv	a2,s1
    4426:	85ce                	mv	a1,s3
    4428:	854a                	mv	a0,s2
    442a:	9a02                	jalr	s4
    442c:	f35504e3          	beq	a0,s5,4354 <_printf_i+0x168>
    4430:	401c                	lw	a5,0(s0)
    4432:	8b89                	andi	a5,a5,2
    4434:	e78d                	bnez	a5,445e <_printf_i+0x272>
    4436:	47b2                	lw	a5,12(sp)
    4438:	4448                	lw	a0,12(s0)
    443a:	f0f55ee3          	bge	a0,a5,4356 <_printf_i+0x16a>
    443e:	853e                	mv	a0,a5
    4440:	bf19                	j	4356 <_printf_i+0x16a>
    4442:	4685                	li	a3,1
    4444:	8656                	mv	a2,s5
    4446:	85ce                	mv	a1,s3
    4448:	854a                	mv	a0,s2
    444a:	9a02                	jalr	s4
    444c:	f16504e3          	beq	a0,s6,4354 <_printf_i+0x168>
    4450:	0485                	addi	s1,s1,1
    4452:	445c                	lw	a5,12(s0)
    4454:	4732                	lw	a4,12(sp)
    4456:	8f99                	sub	a5,a5,a4
    4458:	fef4c5e3          	blt	s1,a5,4442 <_printf_i+0x256>
    445c:	bfe9                	j	4436 <_printf_i+0x24a>
    445e:	4481                	li	s1,0
    4460:	01940a93          	addi	s5,s0,25
    4464:	5b7d                	li	s6,-1
    4466:	b7f5                	j	4452 <_printf_i+0x266>

00004468 <_read_r>:
    4468:	1141                	addi	sp,sp,-16
    446a:	c422                	sw	s0,8(sp)
    446c:	842a                	mv	s0,a0
    446e:	852e                	mv	a0,a1
    4470:	85b2                	mv	a1,a2
    4472:	8636                	mv	a2,a3
    4474:	8401a823          	sw	zero,-1968(gp) # 200000e0 <errno>
    4478:	c606                	sw	ra,12(sp)
    447a:	20a1                	jal	44c2 <_read>
    447c:	57fd                	li	a5,-1
    447e:	00f51663          	bne	a0,a5,448a <_read_r+0x22>
    4482:	8501a783          	lw	a5,-1968(gp) # 200000e0 <errno>
    4486:	c391                	beqz	a5,448a <_read_r+0x22>
    4488:	c01c                	sw	a5,0(s0)
    448a:	40b2                	lw	ra,12(sp)
    448c:	4422                	lw	s0,8(sp)
    448e:	0141                	addi	sp,sp,16
    4490:	8082                	ret

00004492 <_close>:
    4492:	05800793          	li	a5,88
    4496:	84f1a823          	sw	a5,-1968(gp) # 200000e0 <errno>
    449a:	557d                	li	a0,-1
    449c:	8082                	ret

0000449e <_fstat>:
    449e:	05800793          	li	a5,88
    44a2:	84f1a823          	sw	a5,-1968(gp) # 200000e0 <errno>
    44a6:	557d                	li	a0,-1
    44a8:	8082                	ret

000044aa <_isatty>:
    44aa:	05800793          	li	a5,88
    44ae:	84f1a823          	sw	a5,-1968(gp) # 200000e0 <errno>
    44b2:	4501                	li	a0,0
    44b4:	8082                	ret

000044b6 <_lseek>:
    44b6:	05800793          	li	a5,88
    44ba:	84f1a823          	sw	a5,-1968(gp) # 200000e0 <errno>
    44be:	557d                	li	a0,-1
    44c0:	8082                	ret

000044c2 <_read>:
    44c2:	05800793          	li	a5,88
    44c6:	84f1a823          	sw	a5,-1968(gp) # 200000e0 <errno>
    44ca:	557d                	li	a0,-1
    44cc:	8082                	ret

000044ce <tmos_msg_extract>:
    44ce:	4118                	lw	a4,0(a0)
    44d0:	ff85a783          	lw	a5,-8(a1)
    44d4:	00b71963          	bne	a4,a1,44e6 <tmos_msg_extract+0x18>
    44d8:	c11c                	sw	a5,0(a0)
    44da:	57fd                	li	a5,-1
    44dc:	fe05ac23          	sw	zero,-8(a1)
    44e0:	fef58f23          	sb	a5,-2(a1)
    44e4:	8082                	ret
    44e6:	fef62c23          	sw	a5,-8(a2)
    44ea:	bfc5                	j	44da <tmos_msg_extract+0xc>

000044ec <tmos_msg_deallocate>:
    44ec:	1141                	addi	sp,sp,-16
    44ee:	c422                	sw	s0,8(sp)
    44f0:	c226                	sw	s1,4(sp)
    44f2:	40024437          	lui	s0,0x40024
    44f6:	c606                	sw	ra,12(sp)
    44f8:	20c42483          	lw	s1,524(s0) # 4002420c <_eusrstack+0x2001420c>
    44fc:	20042623          	sw	zero,524(s0)
    4500:	0000100f          	fence.i
    4504:	e909                	bnez	a0,4516 <tmos_msg_deallocate+0x2a>
    4506:	20942623          	sw	s1,524(s0)
    450a:	4515                	li	a0,5
    450c:	40b2                	lw	ra,12(sp)
    450e:	4422                	lw	s0,8(sp)
    4510:	4492                	lw	s1,4(sp)
    4512:	0141                	addi	sp,sp,16
    4514:	8082                	ret
    4516:	ffe54703          	lbu	a4,-2(a0)
    451a:	0ff00793          	li	a5,255
    451e:	00f70663          	beq	a4,a5,452a <tmos_msg_deallocate+0x3e>
    4522:	20942623          	sw	s1,524(s0)
    4526:	4511                	li	a0,4
    4528:	b7d5                	j	450c <tmos_msg_deallocate+0x20>
    452a:	db9fc0ef          	jal	ra,12e2 <tmos_memory_free>
    452e:	4501                	li	a0,0
    4530:	20942623          	sw	s1,524(s0)
    4534:	bfe1                	j	450c <tmos_msg_deallocate+0x20>

00004536 <tmos_msg_send>:
    4536:	1141                	addi	sp,sp,-16
    4538:	c226                	sw	s1,4(sp)
    453a:	c04a                	sw	s2,0(sp)
    453c:	400244b7          	lui	s1,0x40024
    4540:	c606                	sw	ra,12(sp)
    4542:	c422                	sw	s0,8(sp)
    4544:	20c4a903          	lw	s2,524(s1) # 4002420c <_eusrstack+0x2001420c>
    4548:	2004a623          	sw	zero,524(s1)
    454c:	0000100f          	fence.i
    4550:	e589                	bnez	a1,455a <tmos_msg_send+0x24>
    4552:	2124a623          	sw	s2,524(s1)
    4556:	4515                	li	a0,5
    4558:	a015                	j	457c <tmos_msg_send+0x46>
    455a:	842a                	mv	s0,a0
    455c:	1fffe797          	auipc	a5,0x1fffe
    4560:	88d7c783          	lbu	a5,-1907(a5) # 20001de9 <gTmosPara+0x1>
    4564:	852e                	mv	a0,a1
    4566:	00f47563          	bgeu	s0,a5,4570 <tmos_msg_send+0x3a>
    456a:	4789                	li	a5,2
    456c:	0087ee63          	bltu	a5,s0,4588 <tmos_msg_send+0x52>
    4570:	3fb5                	jal	44ec <tmos_msg_deallocate>
    4572:	400247b7          	lui	a5,0x40024
    4576:	2127a623          	sw	s2,524(a5) # 4002420c <_eusrstack+0x2001420c>
    457a:	450d                	li	a0,3
    457c:	40b2                	lw	ra,12(sp)
    457e:	4422                	lw	s0,8(sp)
    4580:	4492                	lw	s1,4(sp)
    4582:	4902                	lw	s2,0(sp)
    4584:	0141                	addi	sp,sp,16
    4586:	8082                	ret
    4588:	ff85a783          	lw	a5,-8(a1)
    458c:	e799                	bnez	a5,459a <tmos_msg_send+0x64>
    458e:	ffe5c703          	lbu	a4,-2(a1)
    4592:	0ff00793          	li	a5,255
    4596:	00f70863          	beq	a4,a5,45a6 <tmos_msg_send+0x70>
    459a:	3f89                	jal	44ec <tmos_msg_deallocate>
    459c:	400247b7          	lui	a5,0x40024
    45a0:	2127a623          	sw	s2,524(a5) # 4002420c <_eusrstack+0x2001420c>
    45a4:	bf4d                	j	4556 <tmos_msg_send+0x20>
    45a6:	fe858f23          	sb	s0,-2(a1)
    45aa:	1fffe517          	auipc	a0,0x1fffe
    45ae:	83a50513          	addi	a0,a0,-1990 # 20001de4 <msg_qHead>
    45b2:	be5fb0ef          	jal	ra,196 <tmos_msg_enqueue>
    45b6:	65a1                	lui	a1,0x8
    45b8:	8522                	mv	a0,s0
    45ba:	2a31                	jal	46d6 <tmos_set_event>
    45bc:	4501                	li	a0,0
    45be:	2124a623          	sw	s2,524(s1)
    45c2:	bf6d                	j	457c <tmos_msg_send+0x46>

000045c4 <tmos_msg_init>:
    45c4:	1fffe797          	auipc	a5,0x1fffe
    45c8:	8207a023          	sw	zero,-2016(a5) # 20001de4 <msg_qHead>
    45cc:	8082                	ret

000045ce <TMOS_CB_PeriodicProcessEvent>:
    45ce:	c1c9                	beqz	a1,4650 <TMOS_CB_PeriodicProcessEvent+0x82>
    45d0:	7179                	addi	sp,sp,-48
    45d2:	d422                	sw	s0,40(sp)
    45d4:	d606                	sw	ra,44(sp)
    45d6:	d226                	sw	s1,36(sp)
    45d8:	d04a                	sw	s2,32(sp)
    45da:	ce4e                	sw	s3,28(sp)
    45dc:	4401                	li	s0,0
    45de:	4741                	li	a4,16
    45e0:	4085d7b3          	sra	a5,a1,s0
    45e4:	8b85                	andi	a5,a5,1
    45e6:	c3a5                	beqz	a5,4646 <TMOS_CB_PeriodicProcessEvent+0x78>
    45e8:	0512                	slli	a0,a0,0x4
    45ea:	4731                	li	a4,12
    45ec:	9522                	add	a0,a0,s0
    45ee:	02e50533          	mul	a0,a0,a4
    45f2:	1fffe797          	auipc	a5,0x1fffe
    45f6:	88678793          	addi	a5,a5,-1914 # 20001e78 <cbTimersHead>
    45fa:	0007a903          	lw	s2,0(a5)
    45fe:	4485                	li	s1,1
    4600:	008494b3          	sll	s1,s1,s0
    4604:	04c2                	slli	s1,s1,0x10
    4606:	80c1                	srli	s1,s1,0x10
    4608:	89be                	mv	s3,a5
    460a:	992a                	add	s2,s2,a0
    460c:	00092703          	lw	a4,0(s2)
    4610:	c711                	beqz	a4,461c <TMOS_CB_PeriodicProcessEvent+0x4e>
    4612:	00492503          	lw	a0,4(s2)
    4616:	c62e                	sw	a1,12(sp)
    4618:	9702                	jalr	a4
    461a:	45b2                	lw	a1,12(sp)
    461c:	4731                	li	a4,12
    461e:	02e40433          	mul	s0,s0,a4
    4622:	0009a783          	lw	a5,0(s3)
    4626:	943e                	add	s0,s0,a5
    4628:	441c                	lw	a5,8(s0)
    462a:	e789                	bnez	a5,4634 <TMOS_CB_PeriodicProcessEvent+0x66>
    462c:	00092023          	sw	zero,0(s2)
    4630:	00092223          	sw	zero,4(s2)
    4634:	50b2                	lw	ra,44(sp)
    4636:	5422                	lw	s0,40(sp)
    4638:	8da5                	xor	a1,a1,s1
    463a:	5902                	lw	s2,32(sp)
    463c:	5492                	lw	s1,36(sp)
    463e:	49f2                	lw	s3,28(sp)
    4640:	852e                	mv	a0,a1
    4642:	6145                	addi	sp,sp,48
    4644:	8082                	ret
    4646:	0405                	addi	s0,s0,1
    4648:	f8e41ce3          	bne	s0,a4,45e0 <TMOS_CB_PeriodicProcessEvent+0x12>
    464c:	4481                	li	s1,0
    464e:	b7dd                	j	4634 <TMOS_CB_PeriodicProcessEvent+0x66>
    4650:	852e                	mv	a0,a1
    4652:	8082                	ret

00004654 <TMOS_CB_ProcessEvent>:
    4654:	1141                	addi	sp,sp,-16
    4656:	01059713          	slli	a4,a1,0x10
    465a:	c422                	sw	s0,8(sp)
    465c:	c606                	sw	ra,12(sp)
    465e:	c226                	sw	s1,4(sp)
    4660:	c04a                	sw	s2,0(sp)
    4662:	8741                	srai	a4,a4,0x10
    4664:	842e                	mv	s0,a1
    4666:	00075f63          	bgez	a4,4684 <TMOS_CB_ProcessEvent+0x30>
    466a:	ba3fb0ef          	jal	ra,20c <tmos_msg_receive>
    466e:	c111                	beqz	a0,4672 <TMOS_CB_ProcessEvent+0x1e>
    4670:	3db5                	jal	44ec <tmos_msg_deallocate>
    4672:	67a1                	lui	a5,0x8
    4674:	8c3d                	xor	s0,s0,a5
    4676:	8522                	mv	a0,s0
    4678:	40b2                	lw	ra,12(sp)
    467a:	4422                	lw	s0,8(sp)
    467c:	4492                	lw	s1,4(sp)
    467e:	4902                	lw	s2,0(sp)
    4680:	0141                	addi	sp,sp,16
    4682:	8082                	ret
    4684:	d9ed                	beqz	a1,4676 <TMOS_CB_ProcessEvent+0x22>
    4686:	87aa                	mv	a5,a0
    4688:	4701                	li	a4,0
    468a:	4641                	li	a2,16
    468c:	40e456b3          	sra	a3,s0,a4
    4690:	8a85                	andi	a3,a3,1
    4692:	ce8d                	beqz	a3,46cc <TMOS_CB_ProcessEvent+0x78>
    4694:	0792                	slli	a5,a5,0x4
    4696:	97ba                	add	a5,a5,a4
    4698:	46b1                	li	a3,12
    469a:	02d787b3          	mul	a5,a5,a3
    469e:	1fffd697          	auipc	a3,0x1fffd
    46a2:	7da68693          	addi	a3,a3,2010 # 20001e78 <cbTimersHead>
    46a6:	0006a903          	lw	s2,0(a3)
    46aa:	4485                	li	s1,1
    46ac:	00e494b3          	sll	s1,s1,a4
    46b0:	04c2                	slli	s1,s1,0x10
    46b2:	80c1                	srli	s1,s1,0x10
    46b4:	993e                	add	s2,s2,a5
    46b6:	00092783          	lw	a5,0(s2)
    46ba:	00492503          	lw	a0,4(s2)
    46be:	9782                	jalr	a5
    46c0:	00092023          	sw	zero,0(s2)
    46c4:	00092223          	sw	zero,4(s2)
    46c8:	8c25                	xor	s0,s0,s1
    46ca:	b775                	j	4676 <TMOS_CB_ProcessEvent+0x22>
    46cc:	0705                	addi	a4,a4,1
    46ce:	fac71fe3          	bne	a4,a2,468c <TMOS_CB_ProcessEvent+0x38>
    46d2:	4481                	li	s1,0
    46d4:	bfd5                	j	46c8 <TMOS_CB_ProcessEvent+0x74>

000046d6 <tmos_set_event>:
    46d6:	400247b7          	lui	a5,0x40024
    46da:	20c7a683          	lw	a3,524(a5) # 4002420c <_eusrstack+0x2001420c>
    46de:	2007a623          	sw	zero,524(a5)
    46e2:	0000100f          	fence.i
    46e6:	1fffd717          	auipc	a4,0x1fffd
    46ea:	70374703          	lbu	a4,1795(a4) # 20001de9 <gTmosPara+0x1>
    46ee:	02e57363          	bgeu	a0,a4,4714 <tmos_set_event+0x3e>
    46f2:	1fffd617          	auipc	a2,0x1fffd
    46f6:	73e60613          	addi	a2,a2,1854 # 20001e30 <EventsArr>
    46fa:	00151713          	slli	a4,a0,0x1
    46fe:	4208                	lw	a0,0(a2)
    4700:	953a                	add	a0,a0,a4
    4702:	00055703          	lhu	a4,0(a0)
    4706:	8dd9                	or	a1,a1,a4
    4708:	00b51023          	sh	a1,0(a0)
    470c:	20d7a623          	sw	a3,524(a5)
    4710:	4501                	li	a0,0
    4712:	8082                	ret
    4714:	20d7a623          	sw	a3,524(a5)
    4718:	450d                	li	a0,3
    471a:	8082                	ret

0000471c <tmos_clear_event>:
    471c:	400247b7          	lui	a5,0x40024
    4720:	20c7a683          	lw	a3,524(a5) # 4002420c <_eusrstack+0x2001420c>
    4724:	2007a623          	sw	zero,524(a5)
    4728:	0000100f          	fence.i
    472c:	1fffd717          	auipc	a4,0x1fffd
    4730:	6bd74703          	lbu	a4,1725(a4) # 20001de9 <gTmosPara+0x1>
    4734:	02e57563          	bgeu	a0,a4,475e <tmos_clear_event+0x42>
    4738:	1fffd617          	auipc	a2,0x1fffd
    473c:	6f860613          	addi	a2,a2,1784 # 20001e30 <EventsArr>
    4740:	00151713          	slli	a4,a0,0x1
    4744:	4208                	lw	a0,0(a2)
    4746:	fff5c593          	not	a1,a1
    474a:	953a                	add	a0,a0,a4
    474c:	00055703          	lhu	a4,0(a0)
    4750:	8df9                	and	a1,a1,a4
    4752:	00b51023          	sh	a1,0(a0)
    4756:	20d7a623          	sw	a3,524(a5)
    475a:	4501                	li	a0,0
    475c:	8082                	ret
    475e:	20d7a623          	sw	a3,524(a5)
    4762:	450d                	li	a0,3
    4764:	8082                	ret

00004766 <tmos_start_task>:
    4766:	7179                	addi	sp,sp,-48
    4768:	d226                	sw	s1,36(sp)
    476a:	ce4e                	sw	s3,28(sp)
    476c:	400244b7          	lui	s1,0x40024
    4770:	d606                	sw	ra,44(sp)
    4772:	d422                	sw	s0,40(sp)
    4774:	d04a                	sw	s2,32(sp)
    4776:	cc52                	sw	s4,24(sp)
    4778:	ca56                	sw	s5,20(sp)
    477a:	c85a                	sw	s6,16(sp)
    477c:	c65e                	sw	s7,12(sp)
    477e:	20c4a983          	lw	s3,524(s1) # 4002420c <_eusrstack+0x2001420c>
    4782:	2004a623          	sw	zero,524(s1)
    4786:	0000100f          	fence.i
    478a:	1fffd797          	auipc	a5,0x1fffd
    478e:	65f7c783          	lbu	a5,1631(a5) # 20001de9 <gTmosPara+0x1>
    4792:	00f57a63          	bgeu	a0,a5,47a6 <tmos_start_task+0x40>
    4796:	1fffd797          	auipc	a5,0x1fffd
    479a:	69678793          	addi	a5,a5,1686 # 20001e2c <fnGetClockCBs>
    479e:	0007ab83          	lw	s7,0(a5)
    47a2:	000b9763          	bnez	s7,47b0 <tmos_start_task+0x4a>
    47a6:	400247b7          	lui	a5,0x40024
    47aa:	2137a623          	sw	s3,524(a5) # 4002420c <_eusrstack+0x2001420c>
    47ae:	a0a9                	j	47f8 <tmos_start_task+0x92>
    47b0:	1fffdb17          	auipc	s6,0x1fffd
    47b4:	6d0b0b13          	addi	s6,s6,1744 # 20001e80 <bleClock_t>
    47b8:	004b2a83          	lw	s5,4(s6)
    47bc:	fe3647b7          	lui	a5,0xfe364
    47c0:	c8078793          	addi	a5,a5,-896 # fe363c80 <_eusrstack+0xde353c80>
    47c4:	8a2e                	mv	s4,a1
    47c6:	1fffd597          	auipc	a1,0x1fffd
    47ca:	6c25d583          	lhu	a1,1730(a1) # 20001e88 <bleClock_t+0x8>
    47ce:	9abe                	add	s5,s5,a5
    47d0:	02c587b3          	mul	a5,a1,a2
    47d4:	842a                	mv	s0,a0
    47d6:	8932                	mv	s2,a2
    47d8:	4681                	li	a3,0
    47da:	02c5b5b3          	mulhu	a1,a1,a2
    47de:	32078513          	addi	a0,a5,800
    47e2:	00f537b3          	sltu	a5,a0,a5
    47e6:	64000613          	li	a2,1600
    47ea:	95be                	add	a1,a1,a5
    47ec:	e04fe0ef          	jal	ra,2df0 <__udivdi3>
    47f0:	02aaf063          	bgeu	s5,a0,4810 <tmos_start_task+0xaa>
    47f4:	2134a623          	sw	s3,524(s1)
    47f8:	4501                	li	a0,0
    47fa:	50b2                	lw	ra,44(sp)
    47fc:	5422                	lw	s0,40(sp)
    47fe:	5492                	lw	s1,36(sp)
    4800:	5902                	lw	s2,32(sp)
    4802:	49f2                	lw	s3,28(sp)
    4804:	4a62                	lw	s4,24(sp)
    4806:	4ad2                	lw	s5,20(sp)
    4808:	4b42                	lw	s6,16(sp)
    480a:	4bb2                	lw	s7,12(sp)
    480c:	6145                	addi	sp,sp,48
    480e:	8082                	ret
    4810:	9b82                	jalr	s7
    4812:	1fffd597          	auipc	a1,0x1fffd
    4816:	6765d583          	lhu	a1,1654(a1) # 20001e88 <bleClock_t+0x8>
    481a:	032587b3          	mul	a5,a1,s2
    481e:	84aa                	mv	s1,a0
    4820:	64000613          	li	a2,1600
    4824:	4681                	li	a3,0
    4826:	0325b5b3          	mulhu	a1,a1,s2
    482a:	32078513          	addi	a0,a5,800
    482e:	00f537b3          	sltu	a5,a0,a5
    4832:	95be                	add	a1,a1,a5
    4834:	dbcfe0ef          	jal	ra,2df0 <__udivdi3>
    4838:	009507b3          	add	a5,a0,s1
    483c:	84be                	mv	s1,a5
    483e:	004b2703          	lw	a4,4(s6)
    4842:	00a7e463          	bltu	a5,a0,484a <tmos_start_task+0xe4>
    4846:	00e7e463          	bltu	a5,a4,484e <tmos_start_task+0xe8>
    484a:	40e784b3          	sub	s1,a5,a4
    484e:	85d2                	mv	a1,s4
    4850:	8522                	mv	a0,s0
    4852:	a3dfb0ef          	jal	ra,28e <tmosFindTask>
    4856:	c901                	beqz	a0,4866 <tmos_start_task+0x100>
    4858:	c504                	sw	s1,8(a0)
    485a:	400247b7          	lui	a5,0x40024
    485e:	2137a623          	sw	s3,524(a5) # 4002420c <_eusrstack+0x2001420c>
    4862:	4505                	li	a0,1
    4864:	bf59                	j	47fa <tmos_start_task+0x94>
    4866:	f0046593          	ori	a1,s0,-256
    486a:	05c2                	slli	a1,a1,0x10
    486c:	81c1                	srli	a1,a1,0x10
    486e:	4541                	li	a0,16
    4870:	985fc0ef          	jal	ra,11f4 <tmos_memory_allocate>
    4874:	e919                	bnez	a0,488a <tmos_start_task+0x124>
    4876:	1fffd797          	auipc	a5,0x1fffd
    487a:	5c278793          	addi	a5,a5,1474 # 20001e38 <ble>
    487e:	5bdc                	lw	a5,52(a5)
    4880:	d39d                	beqz	a5,47a6 <tmos_start_task+0x40>
    4882:	85a2                	mv	a1,s0
    4884:	4511                	li	a0,4
    4886:	9782                	jalr	a5
    4888:	bf39                	j	47a6 <tmos_start_task+0x40>
    488a:	1fffd797          	auipc	a5,0x1fffd
    488e:	5aa78793          	addi	a5,a5,1450 # 20001e34 <taskHead>
    4892:	439c                	lw	a5,0(a5)
    4894:	e39d                	bnez	a5,48ba <tmos_start_task+0x154>
    4896:	1fffd797          	auipc	a5,0x1fffd
    489a:	58a7af23          	sw	a0,1438(a5) # 20001e34 <taskHead>
    489e:	4785                	li	a5,1
    48a0:	00052623          	sw	zero,12(a0)
    48a4:	c504                	sw	s1,8(a0)
    48a6:	01451123          	sh	s4,2(a0)
    48aa:	00850023          	sb	s0,0(a0)
    48ae:	00f500a3          	sb	a5,1(a0)
    48b2:	00052223          	sw	zero,4(a0)
    48b6:	b755                	j	485a <tmos_start_task+0xf4>
    48b8:	87ba                	mv	a5,a4
    48ba:	47d8                	lw	a4,12(a5)
    48bc:	ff75                	bnez	a4,48b8 <tmos_start_task+0x152>
    48be:	c7c8                	sw	a0,12(a5)
    48c0:	bff9                	j	489e <tmos_start_task+0x138>

000048c2 <tmos_start_reload_task>:
    48c2:	1101                	addi	sp,sp,-32
    48c4:	cc22                	sw	s0,24(sp)
    48c6:	ca26                	sw	s1,20(sp)
    48c8:	c84a                	sw	s2,16(sp)
    48ca:	c64e                	sw	s3,12(sp)
    48cc:	400247b7          	lui	a5,0x40024
    48d0:	ce06                	sw	ra,28(sp)
    48d2:	20c7a903          	lw	s2,524(a5) # 4002420c <_eusrstack+0x2001420c>
    48d6:	842a                	mv	s0,a0
    48d8:	89ae                	mv	s3,a1
    48da:	84b2                	mv	s1,a2
    48dc:	2007a623          	sw	zero,524(a5)
    48e0:	0000100f          	fence.i
    48e4:	3549                	jal	4766 <tmos_start_task>
    48e6:	8522                	mv	a0,s0
    48e8:	85ce                	mv	a1,s3
    48ea:	9a5fb0ef          	jal	ra,28e <tmosFindTask>
    48ee:	842a                	mv	s0,a0
    48f0:	c505                	beqz	a0,4918 <tmos_start_reload_task+0x56>
    48f2:	1fffd597          	auipc	a1,0x1fffd
    48f6:	5965d583          	lhu	a1,1430(a1) # 20001e88 <bleClock_t+0x8>
    48fa:	029587b3          	mul	a5,a1,s1
    48fe:	64000613          	li	a2,1600
    4902:	4681                	li	a3,0
    4904:	0295b5b3          	mulhu	a1,a1,s1
    4908:	32078513          	addi	a0,a5,800
    490c:	00f537b3          	sltu	a5,a0,a5
    4910:	95be                	add	a1,a1,a5
    4912:	cdefe0ef          	jal	ra,2df0 <__udivdi3>
    4916:	c048                	sw	a0,4(s0)
    4918:	00143513          	seqz	a0,s0
    491c:	40f2                	lw	ra,28(sp)
    491e:	4462                	lw	s0,24(sp)
    4920:	400247b7          	lui	a5,0x40024
    4924:	2127a623          	sw	s2,524(a5) # 4002420c <_eusrstack+0x2001420c>
    4928:	44d2                	lw	s1,20(sp)
    492a:	4942                	lw	s2,16(sp)
    492c:	49b2                	lw	s3,12(sp)
    492e:	050e                	slli	a0,a0,0x3
    4930:	6105                	addi	sp,sp,32
    4932:	8082                	ret

00004934 <tmos_stop_task>:
    4934:	1101                	addi	sp,sp,-32
    4936:	cc22                	sw	s0,24(sp)
    4938:	c84a                	sw	s2,16(sp)
    493a:	c64e                	sw	s3,12(sp)
    493c:	400247b7          	lui	a5,0x40024
    4940:	ce06                	sw	ra,28(sp)
    4942:	ca26                	sw	s1,20(sp)
    4944:	20c7a983          	lw	s3,524(a5) # 4002420c <_eusrstack+0x2001420c>
    4948:	892a                	mv	s2,a0
    494a:	842e                	mv	s0,a1
    494c:	2007a623          	sw	zero,524(a5)
    4950:	0000100f          	fence.i
    4954:	93bfb0ef          	jal	ra,28e <tmosFindTask>
    4958:	84aa                	mv	s1,a0
    495a:	c119                	beqz	a0,4960 <tmos_stop_task+0x2c>
    495c:	00051123          	sh	zero,2(a0)
    4960:	85a2                	mv	a1,s0
    4962:	854a                	mv	a0,s2
    4964:	db9ff0ef          	jal	ra,471c <tmos_clear_event>
    4968:	1fffd797          	auipc	a5,0x1fffd
    496c:	4807c783          	lbu	a5,1152(a5) # 20001de8 <gTmosPara>
    4970:	01279b63          	bne	a5,s2,4986 <tmos_stop_task+0x52>
    4974:	1fffd797          	auipc	a5,0x1fffd
    4978:	4b47d783          	lhu	a5,1204(a5) # 20001e28 <eventsClear>
    497c:	8c5d                	or	s0,s0,a5
    497e:	1fffd797          	auipc	a5,0x1fffd
    4982:	4a879523          	sh	s0,1194(a5) # 20001e28 <eventsClear>
    4986:	400247b7          	lui	a5,0x40024
    498a:	2137a623          	sw	s3,524(a5) # 4002420c <_eusrstack+0x2001420c>
    498e:	4501                	li	a0,0
    4990:	e091                	bnez	s1,4994 <tmos_stop_task+0x60>
    4992:	4519                	li	a0,6
    4994:	40f2                	lw	ra,28(sp)
    4996:	4462                	lw	s0,24(sp)
    4998:	44d2                	lw	s1,20(sp)
    499a:	4942                	lw	s2,16(sp)
    499c:	49b2                	lw	s3,12(sp)
    499e:	6105                	addi	sp,sp,32
    49a0:	8082                	ret

000049a2 <TMOS_TimerRegister>:
    49a2:	1141                	addi	sp,sp,-16
    49a4:	c606                	sw	ra,12(sp)
    49a6:	1fffd797          	auipc	a5,0x1fffd
    49aa:	4ca7ab23          	sw	a0,1238(a5) # 20001e7c <pfnTimerCBs>
    49ae:	9502                	jalr	a0
    49b0:	40b2                	lw	ra,12(sp)
    49b2:	1fffd797          	auipc	a5,0x1fffd
    49b6:	44a7a723          	sw	a0,1102(a5) # 20001e00 <gTmosPara+0x18>
    49ba:	4501                	li	a0,0
    49bc:	0141                	addi	sp,sp,16
    49be:	8082                	ret

000049c0 <TMOS_Init>:
    49c0:	1141                	addi	sp,sp,-16
    49c2:	4651                	li	a2,20
    49c4:	4581                	li	a1,0
    49c6:	1fffd517          	auipc	a0,0x1fffd
    49ca:	44e50513          	addi	a0,a0,1102 # 20001e14 <pfnProcessCBs>
    49ce:	c606                	sw	ra,12(sp)
    49d0:	1fffd797          	auipc	a5,0x1fffd
    49d4:	4607a223          	sw	zero,1124(a5) # 20001e34 <taskHead>
    49d8:	1fffd797          	auipc	a5,0x1fffd
    49dc:	4a07a223          	sw	zero,1188(a5) # 20001e7c <pfnTimerCBs>
    49e0:	1fffd797          	auipc	a5,0x1fffd
    49e4:	4407a623          	sw	zero,1100(a5) # 20001e2c <fnGetClockCBs>
    49e8:	935fb0ef          	jal	ra,31c <tmos_memset>
    49ec:	02800613          	li	a2,40
    49f0:	4581                	li	a1,0
    49f2:	1fffd517          	auipc	a0,0x1fffd
    49f6:	3f650513          	addi	a0,a0,1014 # 20001de8 <gTmosPara>
    49fa:	923fb0ef          	jal	ra,31c <tmos_memset>
    49fe:	3ec020ef          	jal	ra,6dea <tmos_memory_init>
    4a02:	1fffd797          	auipc	a5,0x1fffd
    4a06:	44b7c783          	lbu	a5,1099(a5) # 20001e4d <ble+0x15>
    4a0a:	0027d513          	srli	a0,a5,0x2
    4a0e:	8b8d                	andi	a5,a5,3
    4a10:	953e                	add	a0,a0,a5
    4a12:	478d                	li	a5,3
    4a14:	02f50533          	mul	a0,a0,a5
    4a18:	4585                	li	a1,1
    4a1a:	0539                	addi	a0,a0,14
    4a1c:	0ff57513          	zext.b	a0,a0
    4a20:	1fffd797          	auipc	a5,0x1fffd
    4a24:	3ca78523          	sb	a0,970(a5) # 20001dea <gTmosPara+0x2>
    4a28:	4799                	li	a5,6
    4a2a:	02f50533          	mul	a0,a0,a5
    4a2e:	24050513          	addi	a0,a0,576
    4a32:	fc2fc0ef          	jal	ra,11f4 <tmos_memory_allocate>
    4a36:	1fffd717          	auipc	a4,0x1fffd
    4a3a:	44a72123          	sw	a0,1090(a4) # 20001e78 <cbTimersHead>
    4a3e:	cd49                	beqz	a0,4ad8 <TMOS_Init+0x118>
    4a40:	4799                	li	a5,6
    4a42:	1fffd617          	auipc	a2,0x1fffd
    4a46:	3a864603          	lbu	a2,936(a2) # 20001dea <gTmosPara+0x2>
    4a4a:	02f60633          	mul	a2,a2,a5
    4a4e:	4581                	li	a1,0
    4a50:	24060613          	addi	a2,a2,576
    4a54:	8c9fb0ef          	jal	ra,31c <tmos_memset>
    4a58:	1fffd797          	auipc	a5,0x1fffd
    4a5c:	42078793          	addi	a5,a5,1056 # 20001e78 <cbTimersHead>
    4a60:	439c                	lw	a5,0(a5)
    4a62:	24078793          	addi	a5,a5,576
    4a66:	1fffd717          	auipc	a4,0x1fffd
    4a6a:	3af72523          	sw	a5,938(a4) # 20001e10 <tasksArr>
    4a6e:	1fffd717          	auipc	a4,0x1fffd
    4a72:	37c74703          	lbu	a4,892(a4) # 20001dea <gTmosPara+0x2>
    4a76:	070a                	slli	a4,a4,0x2
    4a78:	97ba                	add	a5,a5,a4
    4a7a:	1fffd717          	auipc	a4,0x1fffd
    4a7e:	3af72b23          	sw	a5,950(a4) # 20001e30 <EventsArr>
    4a82:	b43ff0ef          	jal	ra,45c4 <tmos_msg_init>
    4a86:	2e89                	jal	4dd8 <tmos_snv_init>
    4a88:	1fffd797          	auipc	a5,0x1fffd
    4a8c:	38878793          	addi	a5,a5,904 # 20001e10 <tasksArr>
    4a90:	4394                	lw	a3,0(a5)
    4a92:	1fffd797          	auipc	a5,0x1fffd
    4a96:	3577c783          	lbu	a5,855(a5) # 20001de9 <gTmosPara+0x1>
    4a9a:	00279713          	slli	a4,a5,0x2
    4a9e:	9736                	add	a4,a4,a3
    4aa0:	00000617          	auipc	a2,0x0
    4aa4:	b2e60613          	addi	a2,a2,-1234 # 45ce <TMOS_CB_PeriodicProcessEvent>
    4aa8:	c310                	sw	a2,0(a4)
    4aaa:	00178713          	addi	a4,a5,1
    4aae:	0ff77713          	zext.b	a4,a4
    4ab2:	070a                	slli	a4,a4,0x2
    4ab4:	9736                	add	a4,a4,a3
    4ab6:	00000617          	auipc	a2,0x0
    4aba:	b9e60613          	addi	a2,a2,-1122 # 4654 <TMOS_CB_ProcessEvent>
    4abe:	c310                	sw	a2,0(a4)
    4ac0:	00378713          	addi	a4,a5,3
    4ac4:	0789                	addi	a5,a5,2
    4ac6:	0ff7f793          	zext.b	a5,a5
    4aca:	078a                	slli	a5,a5,0x2
    4acc:	1fffd597          	auipc	a1,0x1fffd
    4ad0:	30e58ea3          	sb	a4,797(a1) # 20001de9 <gTmosPara+0x1>
    4ad4:	97b6                	add	a5,a5,a3
    4ad6:	c390                	sw	a2,0(a5)
    4ad8:	40b2                	lw	ra,12(sp)
    4ada:	0141                	addi	sp,sp,16
    4adc:	8082                	ret

00004ade <TMOS_ProcessEventRegister>:
    4ade:	1fffd797          	auipc	a5,0x1fffd
    4ae2:	30b7c783          	lbu	a5,779(a5) # 20001de9 <gTmosPara+0x1>
    4ae6:	1fffd717          	auipc	a4,0x1fffd
    4aea:	30474703          	lbu	a4,772(a4) # 20001dea <gTmosPara+0x2>
    4aee:	02e7f363          	bgeu	a5,a4,4b14 <TMOS_ProcessEventRegister+0x36>
    4af2:	1fffd717          	auipc	a4,0x1fffd
    4af6:	31e70713          	addi	a4,a4,798 # 20001e10 <tasksArr>
    4afa:	4318                	lw	a4,0(a4)
    4afc:	00178693          	addi	a3,a5,1
    4b00:	1fffd617          	auipc	a2,0x1fffd
    4b04:	2ed604a3          	sb	a3,745(a2) # 20001de9 <gTmosPara+0x1>
    4b08:	00279693          	slli	a3,a5,0x2
    4b0c:	9736                	add	a4,a4,a3
    4b0e:	c308                	sw	a0,0(a4)
    4b10:	853e                	mv	a0,a5
    4b12:	8082                	ret
    4b14:	0ff00793          	li	a5,255
    4b18:	bfe5                	j	4b10 <TMOS_ProcessEventRegister+0x32>

00004b1a <BLE_LibInit>:
    4b1a:	411c                	lw	a5,0(a0)
    4b1c:	12078d63          	beqz	a5,4c56 <BLE_LibInit+0x13c>
    4b20:	7741                	lui	a4,0xffff0
    4b22:	8f7d                	and	a4,a4,a5
    4b24:	200006b7          	lui	a3,0x20000
    4b28:	4789                	li	a5,2
    4b2a:	12d71763          	bne	a4,a3,4c58 <BLE_LibInit+0x13e>
    4b2e:	00455703          	lhu	a4,4(a0)
    4b32:	12070363          	beqz	a4,4c58 <BLE_LibInit+0x13e>
    4b36:	1141                	addi	sp,sp,-16
    4b38:	c422                	sw	s0,8(sp)
    4b3a:	4619                	li	a2,6
    4b3c:	842a                	mv	s0,a0
    4b3e:	0ff00593          	li	a1,255
    4b42:	0561                	addi	a0,a0,24
    4b44:	c606                	sw	ra,12(sp)
    4b46:	8fdfb0ef          	jal	ra,442 <tmos_isbufset>
    4b4a:	4705                	li	a4,1
    4b4c:	478d                	li	a5,3
    4b4e:	0ee50f63          	beq	a0,a4,4c4c <BLE_LibInit+0x132>
    4b52:	441c                	lw	a5,8(s0)
    4b54:	c791                	beqz	a5,4b60 <BLE_LibInit+0x46>
    4b56:	5c18                	lw	a4,56(s0)
    4b58:	4799                	li	a5,6
    4b5a:	cb6d                	beqz	a4,4c4c <BLE_LibInit+0x132>
    4b5c:	5c58                	lw	a4,60(s0)
    4b5e:	c77d                	beqz	a4,4c4c <BLE_LibInit+0x132>
    4b60:	04000613          	li	a2,64
    4b64:	4581                	li	a1,0
    4b66:	1fffd517          	auipc	a0,0x1fffd
    4b6a:	2d250513          	addi	a0,a0,722 # 20001e38 <ble>
    4b6e:	faefb0ef          	jal	ra,31c <tmos_memset>
    4b72:	04000613          	li	a2,64
    4b76:	85a2                	mv	a1,s0
    4b78:	1fffd517          	auipc	a0,0x1fffd
    4b7c:	2c050513          	addi	a0,a0,704 # 20001e38 <ble>
    4b80:	f32fb0ef          	jal	ra,2b2 <tmos_memcpy>
    4b84:	1fffd717          	auipc	a4,0x1fffd
    4b88:	2c075703          	lhu	a4,704(a4) # 20001e44 <ble+0xc>
    4b8c:	1fffd797          	auipc	a5,0x1fffd
    4b90:	2ac78793          	addi	a5,a5,684 # 20001e38 <ble>
    4b94:	e719                	bnez	a4,4ba2 <BLE_LibInit+0x88>
    4b96:	10000713          	li	a4,256
    4b9a:	1fffd697          	auipc	a3,0x1fffd
    4b9e:	2ae69523          	sh	a4,682(a3) # 20001e44 <ble+0xc>
    4ba2:	1fffd717          	auipc	a4,0x1fffd
    4ba6:	2a474703          	lbu	a4,676(a4) # 20001e46 <ble+0xe>
    4baa:	e711                	bnez	a4,4bb6 <BLE_LibInit+0x9c>
    4bac:	4705                	li	a4,1
    4bae:	1fffd697          	auipc	a3,0x1fffd
    4bb2:	28e68c23          	sb	a4,664(a3) # 20001e46 <ble+0xe>
    4bb6:	1fffd717          	auipc	a4,0x1fffd
    4bba:	29275703          	lhu	a4,658(a4) # 20001e48 <ble+0x10>
    4bbe:	e711                	bnez	a4,4bca <BLE_LibInit+0xb0>
    4bc0:	476d                	li	a4,27
    4bc2:	1fffd697          	auipc	a3,0x1fffd
    4bc6:	28e69323          	sh	a4,646(a3) # 20001e48 <ble+0x10>
    4bca:	1fffd717          	auipc	a4,0x1fffd
    4bce:	27d74703          	lbu	a4,637(a4) # 20001e47 <ble+0xf>
    4bd2:	e711                	bnez	a4,4bde <BLE_LibInit+0xc4>
    4bd4:	4715                	li	a4,5
    4bd6:	1fffd697          	auipc	a3,0x1fffd
    4bda:	26e688a3          	sb	a4,625(a3) # 20001e47 <ble+0xf>
    4bde:	1fffd717          	auipc	a4,0x1fffd
    4be2:	26c74703          	lbu	a4,620(a4) # 20001e4a <ble+0x12>
    4be6:	e711                	bnez	a4,4bf2 <BLE_LibInit+0xd8>
    4be8:	4705                	li	a4,1
    4bea:	1fffd697          	auipc	a3,0x1fffd
    4bee:	26e68023          	sb	a4,608(a3) # 20001e4a <ble+0x12>
    4bf2:	1fffd717          	auipc	a4,0x1fffd
    4bf6:	25974703          	lbu	a4,601(a4) # 20001e4b <ble+0x13>
    4bfa:	e719                	bnez	a4,4c08 <BLE_LibInit+0xee>
    4bfc:	00f7c703          	lbu	a4,15(a5)
    4c00:	1fffd697          	auipc	a3,0x1fffd
    4c04:	24e685a3          	sb	a4,587(a3) # 20001e4b <ble+0x13>
    4c08:	1fffd717          	auipc	a4,0x1fffd
    4c0c:	24474703          	lbu	a4,580(a4) # 20001e4c <ble+0x14>
    4c10:	e711                	bnez	a4,4c1c <BLE_LibInit+0x102>
    4c12:	4725                	li	a4,9
    4c14:	1fffd697          	auipc	a3,0x1fffd
    4c18:	22e68c23          	sb	a4,568(a3) # 20001e4c <ble+0x14>
    4c1c:	01644703          	lbu	a4,22(s0)
    4c20:	e719                	bnez	a4,4c2e <BLE_LibInit+0x114>
    4c22:	03c00713          	li	a4,60
    4c26:	1fffd697          	auipc	a3,0x1fffd
    4c2a:	22e68423          	sb	a4,552(a3) # 20001e4e <ble+0x16>
    4c2e:	57dc                	lw	a5,44(a5)
    4c30:	c791                	beqz	a5,4c3c <BLE_LibInit+0x122>
    4c32:	9782                	jalr	a5
    4c34:	1fffd797          	auipc	a5,0x1fffd
    4c38:	1aa79e23          	sh	a0,444(a5) # 20001df0 <gTmosPara+0x8>
    4c3c:	57fd                	li	a5,-1
    4c3e:	1fffd717          	auipc	a4,0x1fffd
    4c42:	46f703a3          	sb	a5,1127(a4) # 200020a5 <gapRole_TaskID>
    4c46:	d7bff0ef          	jal	ra,49c0 <TMOS_Init>
    4c4a:	4781                	li	a5,0
    4c4c:	40b2                	lw	ra,12(sp)
    4c4e:	4422                	lw	s0,8(sp)
    4c50:	853e                	mv	a0,a5
    4c52:	0141                	addi	sp,sp,16
    4c54:	8082                	ret
    4c56:	4789                	li	a5,2
    4c58:	853e                	mv	a0,a5
    4c5a:	8082                	ret

00004c5c <clockGetTickValve>:
    4c5c:	1101                	addi	sp,sp,-32
    4c5e:	c64e                	sw	s3,12(sp)
    4c60:	1fffd997          	auipc	s3,0x1fffd
    4c64:	22098993          	addi	s3,s3,544 # 20001e80 <bleClock_t>
    4c68:	0009a783          	lw	a5,0(s3)
    4c6c:	ce06                	sw	ra,28(sp)
    4c6e:	cc22                	sw	s0,24(sp)
    4c70:	ca26                	sw	s1,20(sp)
    4c72:	c84a                	sw	s2,16(sp)
    4c74:	c452                	sw	s4,8(sp)
    4c76:	9782                	jalr	a5
    4c78:	64000913          	li	s2,1600
    4c7c:	032535b3          	mulhu	a1,a0,s2
    4c80:	0089da03          	lhu	s4,8(s3)
    4c84:	4681                	li	a3,0
    4c86:	8652                	mv	a2,s4
    4c88:	03250533          	mul	a0,a0,s2
    4c8c:	964fe0ef          	jal	ra,2df0 <__udivdi3>
    4c90:	1fffd797          	auipc	a5,0x1fffd
    4c94:	15878793          	addi	a5,a5,344 # 20001de8 <gTmosPara>
    4c98:	4f80                	lw	s0,24(a5)
    4c9a:	84aa                	mv	s1,a0
    4c9c:	4501                	li	a0,0
    4c9e:	02940663          	beq	s0,s1,4cca <clockGetTickValve+0x6e>
    4ca2:	40848533          	sub	a0,s1,s0
    4ca6:	00946e63          	bltu	s0,s1,4cc2 <clockGetTickValve+0x66>
    4caa:	0049a503          	lw	a0,4(s3)
    4cae:	8652                	mv	a2,s4
    4cb0:	4681                	li	a3,0
    4cb2:	02a935b3          	mulhu	a1,s2,a0
    4cb6:	02a90533          	mul	a0,s2,a0
    4cba:	936fe0ef          	jal	ra,2df0 <__udivdi3>
    4cbe:	8d01                	sub	a0,a0,s0
    4cc0:	9526                	add	a0,a0,s1
    4cc2:	1fffd797          	auipc	a5,0x1fffd
    4cc6:	1297af23          	sw	s1,318(a5) # 20001e00 <gTmosPara+0x18>
    4cca:	40f2                	lw	ra,28(sp)
    4ccc:	4462                	lw	s0,24(sp)
    4cce:	44d2                	lw	s1,20(sp)
    4cd0:	4942                	lw	s2,16(sp)
    4cd2:	49b2                	lw	s3,12(sp)
    4cd4:	4a22                	lw	s4,8(sp)
    4cd6:	6105                	addi	sp,sp,32
    4cd8:	8082                	ret

00004cda <TMOS_TimerInit>:
    4cda:	1fffd797          	auipc	a5,0x1fffd
    4cde:	1a07ab23          	sw	zero,438(a5) # 20001e90 <pfnIrqProcessHandle>
    4ce2:	1fffd797          	auipc	a5,0x1fffd
    4ce6:	15678793          	addi	a5,a5,342 # 20001e38 <ble>
    4cea:	5b9c                	lw	a5,48(a5)
    4cec:	1101                	addi	sp,sp,-32
    4cee:	ce06                	sw	ra,28(sp)
    4cf0:	85aa                	mv	a1,a0
    4cf2:	c781                	beqz	a5,4cfa <TMOS_TimerInit+0x20>
    4cf4:	c62a                	sw	a0,12(sp)
    4cf6:	9782                	jalr	a5
    4cf8:	45b2                	lw	a1,12(sp)
    4cfa:	cdc9                	beqz	a1,4d94 <TMOS_TimerInit+0xba>
    4cfc:	419c                	lw	a5,0(a1)
    4cfe:	4505                	li	a0,1
    4d00:	c7d9                	beqz	a5,4d8e <TMOS_TimerInit+0xb4>
    4d02:	41dc                	lw	a5,4(a1)
    4d04:	c7c9                	beqz	a5,4d8e <TMOS_TimerInit+0xb4>
    4d06:	0085d783          	lhu	a5,8(a1)
    4d0a:	c3d1                	beqz	a5,4d8e <TMOS_TimerInit+0xb4>
    4d0c:	00a5d783          	lhu	a5,10(a1)
    4d10:	cfbd                	beqz	a5,4d8e <TMOS_TimerInit+0xb4>
    4d12:	00c5c783          	lbu	a5,12(a1)
    4d16:	cf81                	beqz	a5,4d2e <TMOS_TimerInit+0x54>
    4d18:	1fffd797          	auipc	a5,0x1fffd
    4d1c:	1357c783          	lbu	a5,309(a5) # 20001e4d <ble+0x15>
    4d20:	0037f713          	andi	a4,a5,3
    4d24:	8389                	srli	a5,a5,0x2
    4d26:	97ba                	add	a5,a5,a4
    4d28:	4709                	li	a4,2
    4d2a:	06f74263          	blt	a4,a5,4d8e <TMOS_TimerInit+0xb4>
    4d2e:	4641                	li	a2,16
    4d30:	1fffd517          	auipc	a0,0x1fffd
    4d34:	15050513          	addi	a0,a0,336 # 20001e80 <bleClock_t>
    4d38:	d7afb0ef          	jal	ra,2b2 <tmos_memcpy>
    4d3c:	1fffd797          	auipc	a5,0x1fffd
    4d40:	14478793          	addi	a5,a5,324 # 20001e80 <bleClock_t>
    4d44:	439c                	lw	a5,0(a5)
    4d46:	1fffd717          	auipc	a4,0x1fffd
    4d4a:	0ef72323          	sw	a5,230(a4) # 20001e2c <fnGetClockCBs>
    4d4e:	1fffd797          	auipc	a5,0x1fffd
    4d52:	1017c783          	lbu	a5,257(a5) # 20001e4f <ble+0x17>
    4d56:	e78d                	bnez	a5,4d80 <TMOS_TimerInit+0xa6>
    4d58:	57800793          	li	a5,1400
    4d5c:	1fffd517          	auipc	a0,0x1fffd
    4d60:	12c55503          	lhu	a0,300(a0) # 20001e88 <bleClock_t+0x8>
    4d64:	02f50533          	mul	a0,a0,a5
    4d68:	000f4637          	lui	a2,0xf4
    4d6c:	24060613          	addi	a2,a2,576 # f4240 <_data_lma+0xec93c>
    4d70:	4681                	li	a3,0
    4d72:	4581                	li	a1,0
    4d74:	87cfe0ef          	jal	ra,2df0 <__udivdi3>
    4d78:	1fffd797          	auipc	a5,0x1fffd
    4d7c:	0ca78ba3          	sb	a0,215(a5) # 20001e4f <ble+0x17>
    4d80:	00000517          	auipc	a0,0x0
    4d84:	edc50513          	addi	a0,a0,-292 # 4c5c <clockGetTickValve>
    4d88:	c1bff0ef          	jal	ra,49a2 <TMOS_TimerRegister>
    4d8c:	4501                	li	a0,0
    4d8e:	40f2                	lw	ra,28(sp)
    4d90:	6105                	addi	sp,sp,32
    4d92:	8082                	ret
    4d94:	1fffd797          	auipc	a5,0x1fffd
    4d98:	0607a823          	sw	zero,112(a5) # 20001e04 <gTmosPara+0x1c>
    4d9c:	ffffc797          	auipc	a5,0xffffc
    4da0:	bd278793          	addi	a5,a5,-1070 # 96e <clockGetHSEValue>
    4da4:	1fffd717          	auipc	a4,0x1fffd
    4da8:	0cf72e23          	sw	a5,220(a4) # 20001e80 <bleClock_t>
    4dac:	577d                	li	a4,-1
    4dae:	1fffd797          	auipc	a5,0x1fffd
    4db2:	0ce7ab23          	sw	a4,214(a5) # 20001e84 <bleClock_t+0x4>
    4db6:	003287b7          	lui	a5,0x328
    4dba:	a1278793          	addi	a5,a5,-1518 # 327a12 <_data_lma+0x32010e>
    4dbe:	1fffd697          	auipc	a3,0x1fffd
    4dc2:	0cf6a523          	sw	a5,202(a3) # 20001e88 <bleClock_t+0x8>
    4dc6:	1fffd797          	auipc	a5,0x1fffd
    4dca:	0c078323          	sb	zero,198(a5) # 20001e8c <bleClock_t+0xc>
    4dce:	400247b7          	lui	a5,0x40024
    4dd2:	26e7a423          	sw	a4,616(a5) # 40024268 <_eusrstack+0x20014268>
    4dd6:	b79d                	j	4d3c <TMOS_TimerInit+0x62>

00004dd8 <tmos_snv_init>:
    4dd8:	1101                	addi	sp,sp,-32
    4dda:	cc22                	sw	s0,24(sp)
    4ddc:	1fffd417          	auipc	s0,0x1fffd
    4de0:	05c40413          	addi	s0,s0,92 # 20001e38 <ble>
    4de4:	4408                	lw	a0,8(s0)
    4de6:	ce06                	sw	ra,28(sp)
    4de8:	ca26                	sw	s1,20(sp)
    4dea:	c84a                	sw	s2,16(sp)
    4dec:	e901                	bnez	a0,4dfc <tmos_snv_init+0x24>
    4dee:	4505                	li	a0,1
    4df0:	40f2                	lw	ra,28(sp)
    4df2:	4462                	lw	s0,24(sp)
    4df4:	44d2                	lw	s1,20(sp)
    4df6:	4942                	lw	s2,16(sp)
    4df8:	6105                	addi	sp,sp,32
    4dfa:	8082                	ret
    4dfc:	5c1c                	lw	a5,56(s0)
    4dfe:	dbe5                	beqz	a5,4dee <tmos_snv_init+0x16>
    4e00:	5c58                	lw	a4,60(s0)
    4e02:	d775                	beqz	a4,4dee <tmos_snv_init+0x16>
    4e04:	0070                	addi	a2,sp,12
    4e06:	4585                	li	a1,1
    4e08:	9782                	jalr	a5
    4e0a:	4418                	lw	a4,8(s0)
    4e0c:	47b2                	lw	a5,12(sp)
    4e0e:	fef700e3          	beq	a4,a5,4dee <tmos_snv_init+0x16>
    4e12:	04e00593          	li	a1,78
    4e16:	1fffd517          	auipc	a0,0x1fffd
    4e1a:	02e55503          	lhu	a0,46(a0) # 20001e44 <ble+0xc>
    4e1e:	bd6fc0ef          	jal	ra,11f4 <tmos_memory_allocate>
    4e22:	1fffd717          	auipc	a4,0x1fffd
    4e26:	fea72323          	sw	a0,-26(a4) # 20001e08 <gTmosPara+0x20>
    4e2a:	d171                	beqz	a0,4dee <tmos_snv_init+0x16>
    4e2c:	1fffd617          	auipc	a2,0x1fffd
    4e30:	01865603          	lhu	a2,24(a2) # 20001e44 <ble+0xc>
    4e34:	0ff00593          	li	a1,255
    4e38:	ce4fb0ef          	jal	ra,31c <tmos_memset>
    4e3c:	4481                	li	s1,0
    4e3e:	1fffd917          	auipc	s2,0x1fffd
    4e42:	faa90913          	addi	s2,s2,-86 # 20001de8 <gTmosPara>
    4e46:	1fffd797          	auipc	a5,0x1fffd
    4e4a:	0007c783          	lbu	a5,0(a5) # 20001e46 <ble+0xe>
    4e4e:	02092603          	lw	a2,32(s2)
    4e52:	00f4cf63          	blt	s1,a5,4e70 <tmos_snv_init+0x98>
    4e56:	8532                	mv	a0,a2
    4e58:	c8afc0ef          	jal	ra,12e2 <tmos_memory_free>
    4e5c:	4501                	li	a0,0
    4e5e:	1fffd797          	auipc	a5,0x1fffd
    4e62:	fa07a523          	sw	zero,-86(a5) # 20001e08 <gTmosPara+0x20>
    4e66:	1fffd797          	auipc	a5,0x1fffd
    4e6a:	fa07a323          	sw	zero,-90(a5) # 20001e0c <gTmosPara+0x24>
    4e6e:	b749                	j	4df0 <tmos_snv_init+0x18>
    4e70:	1fffd597          	auipc	a1,0x1fffd
    4e74:	fd45d583          	lhu	a1,-44(a1) # 20001e44 <ble+0xc>
    4e78:	029587b3          	mul	a5,a1,s1
    4e7c:	4408                	lw	a0,8(s0)
    4e7e:	5c58                	lw	a4,60(s0)
    4e80:	8189                	srli	a1,a1,0x2
    4e82:	0485                	addi	s1,s1,1
    4e84:	953e                	add	a0,a0,a5
    4e86:	c208                	sw	a0,0(a2)
    4e88:	9702                	jalr	a4
    4e8a:	bf75                	j	4e46 <tmos_snv_init+0x6e>

00004e8c <LL_ScanSetRF>:
    4e8c:	1fffd697          	auipc	a3,0x1fffd
    4e90:	14f6c683          	lbu	a3,335(a3) # 20001fdb <gBleIPPara+0x7>
    4e94:	4715                	li	a4,5
    4e96:	00e68b63          	beq	a3,a4,4eac <LL_ScanSetRF+0x20>
    4e9a:	1fffd797          	auipc	a5,0x1fffd
    4e9e:	13a78793          	addi	a5,a5,314 # 20001fd4 <gBleIPPara>
    4ea2:	0077c703          	lbu	a4,7(a5)
    4ea6:	468d                	li	a3,3
    4ea8:	00e69f63          	bne	a3,a4,4ec6 <LL_ScanSetRF+0x3a>
    4eac:	1fffd797          	auipc	a5,0x1fffd
    4eb0:	1317c783          	lbu	a5,305(a5) # 20001fdd <gBleIPPara+0x9>
    4eb4:	14079263          	bnez	a5,4ff8 <LL_ScanSetRF+0x16c>
    4eb8:	10600793          	li	a5,262
    4ebc:	1fffd717          	auipc	a4,0x1fffd
    4ec0:	12f71023          	sh	a5,288(a4) # 20001fdc <gBleIPPara+0x8>
    4ec4:	8082                	ret
    4ec6:	1141                	addi	sp,sp,-16
    4ec8:	c422                	sw	s0,8(sp)
    4eca:	c226                	sw	s1,4(sp)
    4ecc:	c04a                	sw	s2,0(sp)
    4ece:	c606                	sw	ra,12(sp)
    4ed0:	0077c783          	lbu	a5,7(a5)
    4ed4:	1fffd497          	auipc	s1,0x1fffd
    4ed8:	12848493          	addi	s1,s1,296 # 20001ffc <gptrLLEReg>
    4edc:	409c                	lw	a5,0(s1)
    4ede:	1fffd717          	auipc	a4,0x1fffd
    4ee2:	fba70713          	addi	a4,a4,-70 # 20001e98 <gBleLlPara>
    4ee6:	08072403          	lw	s0,128(a4)
    4eea:	0607a223          	sw	zero,100(a5)
    4eee:	6709                	lui	a4,0x2
    4ef0:	c798                	sw	a4,8(a5)
    4ef2:	4519                	li	a0,6
    4ef4:	1fffd797          	auipc	a5,0x1fffd
    4ef8:	0e078223          	sb	zero,228(a5) # 20001fd8 <gBleIPPara+0x4>
    4efc:	1fffd917          	auipc	s2,0x1fffd
    4f00:	0cc90913          	addi	s2,s2,204 # 20001fc8 <gptrBBReg>
    4f04:	29c5                	jal	53f4 <phy_status_clear>
    4f06:	00092703          	lw	a4,0(s2)
    4f0a:	8e89c7b7          	lui	a5,0x8e89c
    4f0e:	ed678793          	addi	a5,a5,-298 # 8e89bed6 <_eusrstack+0x6e88bed6>
    4f12:	c71c                	sw	a5,8(a4)
    4f14:	005557b7          	lui	a5,0x555
    4f18:	55578793          	addi	a5,a5,1365 # 555555 <_data_lma+0x54dc51>
    4f1c:	c35c                	sw	a5,4(a4)
    4f1e:	02244783          	lbu	a5,34(s0)
    4f22:	0ff00713          	li	a4,255
    4f26:	00e78763          	beq	a5,a4,4f34 <LL_ScanSetRF+0xa8>
    4f2a:	02f400a3          	sb	a5,33(s0)
    4f2e:	57fd                	li	a5,-1
    4f30:	02f40123          	sb	a5,34(s0)
    4f34:	02144503          	lbu	a0,33(s0)
    4f38:	4789                	li	a5,2
    4f3a:	00f50363          	beq	a0,a5,4f40 <LL_ScanSetRF+0xb4>
    4f3e:	4501                	li	a0,0
    4f40:	4098                	lw	a4,0(s1)
    4f42:	4601                	li	a2,0
    4f44:	0ff00593          	li	a1,255
    4f48:	435c                	lw	a5,4(a4)
    4f4a:	0017e793          	ori	a5,a5,1
    4f4e:	c35c                	sw	a5,4(a4)
    4f50:	fa100793          	li	a5,-95
    4f54:	00f40523          	sb	a5,10(s0)
    4f58:	4799                	li	a5,6
    4f5a:	1fffd717          	auipc	a4,0x1fffd
    4f5e:	08f700a3          	sb	a5,129(a4) # 20001fdb <gBleIPPara+0x7>
    4f62:	1fffd797          	auipc	a5,0x1fffd
    4f66:	06078923          	sb	zero,114(a5) # 20001fd4 <gBleIPPara>
    4f6a:	2499                	jal	51b0 <BLE_SetPHYRxMode>
    4f6c:	1fffd717          	auipc	a4,0x1fffd
    4f70:	0e470713          	addi	a4,a4,228 # 20002050 <gptrRFENDReg>
    4f74:	4314                	lw	a3,0(a4)
    4f76:	56dc                	lw	a5,44(a3)
    4f78:	9bf5                	andi	a5,a5,-3
    4f7a:	d6dc                	sw	a5,44(a3)
    4f7c:	00944783          	lbu	a5,9(s0)
    4f80:	00092603          	lw	a2,0(s2)
    4f84:	843a                	mv	s0,a4
    4f86:	07f7f693          	andi	a3,a5,127
    4f8a:	421c                	lw	a5,0(a2)
    4f8c:	f807f793          	andi	a5,a5,-128
    4f90:	8fd5                	or	a5,a5,a3
    4f92:	c21c                	sw	a5,0(a2)
    4f94:	1fffd797          	auipc	a5,0x1fffd
    4f98:	ef87c783          	lbu	a5,-264(a5) # 20001e8c <bleClock_t+0xc>
    4f9c:	cb81                	beqz	a5,4fac <LL_ScanSetRF+0x120>
    4f9e:	1fffd797          	auipc	a5,0x1fffd
    4fa2:	02278793          	addi	a5,a5,34 # 20001fc0 <pfnScanHandle>
    4fa6:	4388                	lw	a0,0(a5)
    4fa8:	fa0fb0ef          	jal	ra,748 <TMOS_SysRegister>
    4fac:	00092703          	lw	a4,0(s2)
    4fb0:	003306b7          	lui	a3,0x330
    4fb4:	431c                	lw	a5,0(a4)
    4fb6:	e7f7f793          	andi	a5,a5,-385
    4fba:	c31c                	sw	a5,0(a4)
    4fbc:	431c                	lw	a5,0(a4)
    4fbe:	e7f7f793          	andi	a5,a5,-385
    4fc2:	1007e793          	ori	a5,a5,256
    4fc6:	c31c                	sw	a5,0(a4)
    4fc8:	4018                	lw	a4,0(s0)
    4fca:	40b2                	lw	ra,12(sp)
    4fcc:	4422                	lw	s0,8(sp)
    4fce:	471c                	lw	a5,8(a4)
    4fd0:	4902                	lw	s2,0(sp)
    4fd2:	8fd5                	or	a5,a5,a3
    4fd4:	c71c                	sw	a5,8(a4)
    4fd6:	409c                	lw	a5,0(s1)
    4fd8:	05900713          	li	a4,89
    4fdc:	4492                	lw	s1,4(sp)
    4fde:	cbb8                	sw	a4,80(a5)
    4fe0:	1fffd717          	auipc	a4,0x1fffd
    4fe4:	fe070ca3          	sb	zero,-7(a4) # 20001fd9 <gBleIPPara+0x5>
    4fe8:	1fffd717          	auipc	a4,0x1fffd
    4fec:	fe0706a3          	sb	zero,-19(a4) # 20001fd5 <gBleIPPara+0x1>
    4ff0:	4705                	li	a4,1
    4ff2:	c398                	sw	a4,0(a5)
    4ff4:	0141                	addi	sp,sp,16
    4ff6:	8082                	ret
    4ff8:	8082                	ret

00004ffa <BB_DevInit>:
    4ffa:	1fffd797          	auipc	a5,0x1fffd
    4ffe:	fce78793          	addi	a5,a5,-50 # 20001fc8 <gptrBBReg>
    5002:	439c                	lw	a5,0(a5)
    5004:	008006b7          	lui	a3,0x800
    5008:	80011637          	lui	a2,0x80011
    500c:	4398                	lw	a4,0(a5)
    500e:	ec860613          	addi	a2,a2,-312 # 80010ec8 <_eusrstack+0x60000ec8>
    5012:	8f55                	or	a4,a4,a3
    5014:	c398                	sw	a4,0(a5)
    5016:	4398                	lw	a4,0(a5)
    5018:	100006b7          	lui	a3,0x10000
    501c:	8f55                	or	a4,a4,a3
    501e:	c398                	sw	a4,0(a5)
    5020:	1d000713          	li	a4,464
    5024:	dbd8                	sw	a4,52(a5)
    5026:	1fffd717          	auipc	a4,0x1fffd
    502a:	e2674703          	lbu	a4,-474(a4) # 20001e4c <ble+0x14>
    502e:	01971693          	slli	a3,a4,0x19
    5032:	8ed1                	or	a3,a3,a2
    5034:	d7d4                	sw	a3,44(a5)
    5036:	57d4                	lw	a3,44(a5)
    5038:	82000637          	lui	a2,0x82000
    503c:	03f77713          	andi	a4,a4,63
    5040:	167d                	addi	a2,a2,-1 # 81ffffff <_eusrstack+0x61feffff>
    5042:	0766                	slli	a4,a4,0x19
    5044:	8ef1                	and	a3,a3,a2
    5046:	8f55                	or	a4,a4,a3
    5048:	d7d8                	sw	a4,44(a5)
    504a:	00090737          	lui	a4,0x90
    504e:	08370713          	addi	a4,a4,131 # 90083 <_data_lma+0x8877f>
    5052:	d398                	sw	a4,32(a5)
    5054:	8082                	ret

00005056 <BLE_SetPHYTxMode>:
    5056:	1fffd797          	auipc	a5,0x1fffd
    505a:	f7678793          	addi	a5,a5,-138 # 20001fcc <gPaControl>
    505e:	439c                	lw	a5,0(a5)
    5060:	cb99                	beqz	a5,5076 <BLE_SetPHYTxMode+0x20>
    5062:	4b94                	lw	a3,16(a5)
    5064:	4bd0                	lw	a2,20(a5)
    5066:	4298                	lw	a4,0(a3)
    5068:	8f51                	or	a4,a4,a2
    506a:	c298                	sw	a4,0(a3)
    506c:	4394                	lw	a3,0(a5)
    506e:	479c                	lw	a5,8(a5)
    5070:	4298                	lw	a4,0(a3)
    5072:	8fd9                	or	a5,a5,a4
    5074:	c29c                	sw	a5,0(a3)
    5076:	1fffd797          	auipc	a5,0x1fffd
    507a:	f5278793          	addi	a5,a5,-174 # 20001fc8 <gptrBBReg>
    507e:	1fffd617          	auipc	a2,0x1fffd
    5082:	f7e60613          	addi	a2,a2,-130 # 20001ffc <gptrLLEReg>
    5086:	4805                	li	a6,1
    5088:	439c                	lw	a5,0(a5)
    508a:	1fffd717          	auipc	a4,0x1fffd
    508e:	f5474703          	lbu	a4,-172(a4) # 20001fde <gBleIPPara+0xa>
    5092:	4214                	lw	a3,0(a2)
    5094:	05051263          	bne	a0,a6,50d8 <BLE_SetPHYTxMode+0x82>
    5098:	4388                	lw	a0,0(a5)
    509a:	7875                	lui	a6,0xffffd
    509c:	187d                	addi	a6,a6,-1 # ffffcfff <_eusrstack+0xdffecfff>
    509e:	01057533          	and	a0,a0,a6
    50a2:	c388                	sw	a0,0(a5)
    50a4:	46c8                	lw	a0,12(a3)
    50a6:	77f9                	lui	a5,0xffffe
    50a8:	17fd                	addi	a5,a5,-1 # ffffdfff <_eusrstack+0xdffedfff>
    50aa:	8fe9                	and	a5,a5,a0
    50ac:	c6dc                	sw	a5,12(a3)
    50ae:	0001                	nop
    50b0:	0001                	nop
    50b2:	4214                	lw	a3,0(a2)
    50b4:	6789                	lui	a5,0x2
    50b6:	05ad                	addi	a1,a1,11
    50b8:	c69c                	sw	a5,8(a3)
    50ba:	f8000793          	li	a5,-128
    50be:	1fffd617          	auipc	a2,0x1fffd
    50c2:	f0f60d23          	sb	a5,-230(a2) # 20001fd8 <gBleIPPara+0x4>
    50c6:	00259793          	slli	a5,a1,0x2
    50ca:	09e70593          	addi	a1,a4,158
    50ce:	95be                	add	a1,a1,a5
    50d0:	0586                	slli	a1,a1,0x1
    50d2:	d2ec                	sw	a1,100(a3)
    50d4:	c6c8                	sw	a0,12(a3)
    50d6:	8082                	ret
    50d8:	7875                	lui	a6,0xffffd
    50da:	00257313          	andi	t1,a0,2
    50de:	fff80893          	addi	a7,a6,-1 # ffffcfff <_eusrstack+0xdffecfff>
    50e2:	08030b63          	beqz	t1,5178 <BLE_SetPHYTxMode+0x122>
    50e6:	0007a803          	lw	a6,0(a5) # 2000 <Calibration_LSI+0x18c>
    50ea:	0589                	addi	a1,a1,2
    50ec:	430d                	li	t1,3
    50ee:	01187833          	and	a6,a6,a7
    50f2:	6889                	lui	a7,0x2
    50f4:	01186833          	or	a6,a6,a7
    50f8:	0107a023          	sw	a6,0(a5)
    50fc:	7851                	lui	a6,0xffff4
    50fe:	0be70713          	addi	a4,a4,190
    5102:	058e                	slli	a1,a1,0x3
    5104:	187d                	addi	a6,a6,-1 # ffff3fff <_eusrstack+0xdffe3fff>
    5106:	04651163          	bne	a0,t1,5148 <BLE_SetPHYTxMode+0xf2>
    510a:	4388                	lw	a0,0(a5)
    510c:	01057533          	and	a0,a0,a6
    5110:	6811                	lui	a6,0x4
    5112:	01056533          	or	a0,a0,a6
    5116:	c388                	sw	a0,0(a5)
    5118:	46c8                	lw	a0,12(a3)
    511a:	77f9                	lui	a5,0xffffe
    511c:	17fd                	addi	a5,a5,-1 # ffffdfff <_eusrstack+0xdffedfff>
    511e:	8fe9                	and	a5,a5,a0
    5120:	c6dc                	sw	a5,12(a3)
    5122:	0001                	nop
    5124:	0001                	nop
    5126:	421c                	lw	a5,0(a2)
    5128:	f8000693          	li	a3,-128
    512c:	0d758593          	addi	a1,a1,215
    5130:	0117a423          	sw	a7,8(a5)
    5134:	1fffd617          	auipc	a2,0x1fffd
    5138:	ead60223          	sb	a3,-348(a2) # 20001fd8 <gBleIPPara+0x4>
    513c:	0586                	slli	a1,a1,0x1
    513e:	95ba                	add	a1,a1,a4
    5140:	0586                	slli	a1,a1,0x1
    5142:	d3ec                	sw	a1,100(a5)
    5144:	c7c8                	sw	a0,12(a5)
    5146:	8082                	ret
    5148:	4388                	lw	a0,0(a5)
    514a:	01057533          	and	a0,a0,a6
    514e:	c388                	sw	a0,0(a5)
    5150:	46c8                	lw	a0,12(a3)
    5152:	77f9                	lui	a5,0xffffe
    5154:	17fd                	addi	a5,a5,-1 # ffffdfff <_eusrstack+0xdffedfff>
    5156:	8fe9                	and	a5,a5,a0
    5158:	c6dc                	sw	a5,12(a3)
    515a:	0001                	nop
    515c:	0001                	nop
    515e:	421c                	lw	a5,0(a2)
    5160:	f8000693          	li	a3,-128
    5164:	04a58593          	addi	a1,a1,74
    5168:	0117a423          	sw	a7,8(a5)
    516c:	1fffd617          	auipc	a2,0x1fffd
    5170:	e6d60623          	sb	a3,-404(a2) # 20001fd8 <gBleIPPara+0x4>
    5174:	058e                	slli	a1,a1,0x3
    5176:	b7e1                	j	513e <BLE_SetPHYTxMode+0xe8>
    5178:	4388                	lw	a0,0(a5)
    517a:	6805                	lui	a6,0x1
    517c:	01157533          	and	a0,a0,a7
    5180:	01056533          	or	a0,a0,a6
    5184:	c388                	sw	a0,0(a5)
    5186:	46c8                	lw	a0,12(a3)
    5188:	77f9                	lui	a5,0xffffe
    518a:	17fd                	addi	a5,a5,-1 # ffffdfff <_eusrstack+0xdffedfff>
    518c:	8fe9                	and	a5,a5,a0
    518e:	c6dc                	sw	a5,12(a3)
    5190:	0001                	nop
    5192:	0001                	nop
    5194:	421c                	lw	a5,0(a2)
    5196:	6689                	lui	a3,0x2
    5198:	05a9                	addi	a1,a1,10
    519a:	c794                	sw	a3,8(a5)
    519c:	f8000693          	li	a3,-128
    51a0:	1fffd617          	auipc	a2,0x1fffd
    51a4:	e2d60c23          	sb	a3,-456(a2) # 20001fd8 <gBleIPPara+0x4>
    51a8:	058e                	slli	a1,a1,0x3
    51aa:	09e70713          	addi	a4,a4,158
    51ae:	bf41                	j	513e <BLE_SetPHYTxMode+0xe8>

000051b0 <BLE_SetPHYRxMode>:
    51b0:	1fffd797          	auipc	a5,0x1fffd
    51b4:	e1c78793          	addi	a5,a5,-484 # 20001fcc <gPaControl>
    51b8:	439c                	lw	a5,0(a5)
    51ba:	cf89                	beqz	a5,51d4 <BLE_SetPHYRxMode+0x24>
    51bc:	43d4                	lw	a3,4(a5)
    51be:	0087a803          	lw	a6,8(a5)
    51c2:	4298                	lw	a4,0(a3)
    51c4:	01076733          	or	a4,a4,a6
    51c8:	c298                	sw	a4,0(a3)
    51ca:	47d4                	lw	a3,12(a5)
    51cc:	4bdc                	lw	a5,20(a5)
    51ce:	4298                	lw	a4,0(a3)
    51d0:	8fd9                	or	a5,a5,a4
    51d2:	c29c                	sw	a5,0(a3)
    51d4:	1fffd797          	auipc	a5,0x1fffd
    51d8:	df478793          	addi	a5,a5,-524 # 20001fc8 <gptrBBReg>
    51dc:	1fffd697          	auipc	a3,0x1fffd
    51e0:	df46c683          	lbu	a3,-524(a3) # 20001fd0 <dtmFlag>
    51e4:	00257713          	andi	a4,a0,2
    51e8:	439c                	lw	a5,0(a5)
    51ea:	8a85                	andi	a3,a3,1
    51ec:	cb2d                	beqz	a4,525e <BLE_SetPHYRxMode+0xae>
    51ee:	4398                	lw	a4,0(a5)
    51f0:	7575                	lui	a0,0xffffd
    51f2:	157d                	addi	a0,a0,-1 # ffffcfff <_eusrstack+0xdffecfff>
    51f4:	8f69                	and	a4,a4,a0
    51f6:	6509                	lui	a0,0x2
    51f8:	8f49                	or	a4,a4,a0
    51fa:	c398                	sw	a4,0(a5)
    51fc:	00090737          	lui	a4,0x90
    5200:	08670713          	addi	a4,a4,134 # 90086 <_data_lma+0x88782>
    5204:	d398                	sw	a4,32(a5)
    5206:	08302737          	lui	a4,0x8302
    520a:	1745                	addi	a4,a4,-15 # 8301ff1 <_data_lma+0x82fa6ed>
    520c:	cbd8                	sw	a4,20(a5)
    520e:	00031737          	lui	a4,0x31
    5212:	61970713          	addi	a4,a4,1561 # 31619 <_data_lma+0x29d15>
    5216:	cf98                	sw	a4,24(a5)
    5218:	670d                	lui	a4,0x3
    521a:	8de70713          	addi	a4,a4,-1826 # 28de <USART_Printf_Init+0x2a>
    521e:	d798                	sw	a4,40(a5)
    5220:	01006737          	lui	a4,0x1006
    5224:	31070713          	addi	a4,a4,784 # 1006310 <_data_lma+0xffea0c>
    5228:	d3d8                	sw	a4,36(a5)
    522a:	003fa737          	lui	a4,0x3fa
    522e:	e299                	bnez	a3,5234 <BLE_SetPHYRxMode+0x84>
    5230:	0034a737          	lui	a4,0x34a
    5234:	4df70713          	addi	a4,a4,1247 # 34a4df <_data_lma+0x342bdb>
    5238:	059e                	slli	a1,a1,0x7
    523a:	cb98                	sw	a4,16(a5)
    523c:	36458593          	addi	a1,a1,868
    5240:	1fffd797          	auipc	a5,0x1fffd
    5244:	dab7a223          	sw	a1,-604(a5) # 20001fe4 <gBleIPPara+0x10>
    5248:	c611                	beqz	a2,5254 <BLE_SetPHYRxMode+0xa4>
    524a:	0606                	slli	a2,a2,0x1
    524c:	1fffd797          	auipc	a5,0x1fffd
    5250:	d8c7ac23          	sw	a2,-616(a5) # 20001fe4 <gBleIPPara+0x10>
    5254:	1fffd797          	auipc	a5,0x1fffd
    5258:	d8078223          	sb	zero,-636(a5) # 20001fd8 <gBleIPPara+0x4>
    525c:	8082                	ret
    525e:	00090737          	lui	a4,0x90
    5262:	08370713          	addi	a4,a4,131 # 90083 <_data_lma+0x8877f>
    5266:	d398                	sw	a4,32(a5)
    5268:	08102737          	lui	a4,0x8102
    526c:	90170713          	addi	a4,a4,-1791 # 8101901 <_data_lma+0x80f9ffd>
    5270:	cbd8                	sw	a4,20(a5)
    5272:	00031737          	lui	a4,0x31
    5276:	62470713          	addi	a4,a4,1572 # 31624 <_data_lma+0x29d20>
    527a:	cf98                	sw	a4,24(a5)
    527c:	670d                	lui	a4,0x3
    527e:	8be70713          	addi	a4,a4,-1858 # 28be <USART_Printf_Init+0xa>
    5282:	d798                	sw	a4,40(a5)
    5284:	01006737          	lui	a4,0x1006
    5288:	31070713          	addi	a4,a4,784 # 1006310 <_data_lma+0xffea0c>
    528c:	d3d8                	sw	a4,36(a5)
    528e:	c685                	beqz	a3,52b6 <BLE_SetPHYRxMode+0x106>
    5290:	003fa737          	lui	a4,0x3fa
    5294:	2ce70713          	addi	a4,a4,718 # 3fa2ce <_data_lma+0x3f29ca>
    5298:	cb98                	sw	a4,16(a5)
    529a:	7775                	lui	a4,0xffffd
    529c:	fff70693          	addi	a3,a4,-1 # ffffcfff <_eusrstack+0xdffecfff>
    52a0:	4398                	lw	a4,0(a5)
    52a2:	4805                	li	a6,1
    52a4:	0595                	addi	a1,a1,5
    52a6:	8f75                	and	a4,a4,a3
    52a8:	01051c63          	bne	a0,a6,52c0 <BLE_SetPHYRxMode+0x110>
    52ac:	c398                	sw	a4,0(a5)
    52ae:	058e                	slli	a1,a1,0x3
    52b0:	03c58593          	addi	a1,a1,60
    52b4:	b771                	j	5240 <BLE_SetPHYRxMode+0x90>
    52b6:	00322737          	lui	a4,0x322
    52ba:	2d070713          	addi	a4,a4,720 # 3222d0 <_data_lma+0x31a9cc>
    52be:	bfe9                	j	5298 <BLE_SetPHYRxMode+0xe8>
    52c0:	6685                	lui	a3,0x1
    52c2:	8f55                	or	a4,a4,a3
    52c4:	c398                	sw	a4,0(a5)
    52c6:	0592                	slli	a1,a1,0x4
    52c8:	b7e5                	j	52b0 <BLE_SetPHYRxMode+0x100>

000052ca <ll_multi_states_process>:
    52ca:	1141                	addi	sp,sp,-16
    52cc:	c606                	sw	ra,12(sp)
    52ce:	1fffd717          	auipc	a4,0x1fffd
    52d2:	d0e74703          	lbu	a4,-754(a4) # 20001fdc <gBleIPPara+0x8>
    52d6:	47a1                	li	a5,8
    52d8:	04f71063          	bne	a4,a5,5318 <ll_multi_states_process+0x4e>
    52dc:	1fffd797          	auipc	a5,0x1fffd
    52e0:	d247c783          	lbu	a5,-732(a5) # 20002000 <rfConfig>
    52e4:	8b85                	andi	a5,a5,1
    52e6:	1fffd617          	auipc	a2,0x1fffd
    52ea:	d3d64603          	lbu	a2,-707(a2) # 20002023 <rfInfo+0x3>
    52ee:	1fffd697          	auipc	a3,0x1fffd
    52f2:	d346c683          	lbu	a3,-716(a3) # 20002022 <rfInfo+0x2>
    52f6:	c7bd                	beqz	a5,5364 <ll_multi_states_process+0x9a>
    52f8:	1fffd797          	auipc	a5,0x1fffd
    52fc:	d2878793          	addi	a5,a5,-728 # 20002020 <rfInfo>
    5300:	43c8                	lw	a0,4(a5)
    5302:	c12d                	beqz	a0,5364 <ll_multi_states_process+0x9a>
    5304:	00154583          	lbu	a1,1(a0) # 2001 <Calibration_LSI+0x18d>
    5308:	0509                	addi	a0,a0,2
    530a:	2129                	jal	5714 <RF_Rx>
    530c:	c511                	beqz	a0,5318 <ll_multi_states_process+0x4e>
    530e:	4785                	li	a5,1
    5310:	1fffd717          	auipc	a4,0x1fffd
    5314:	ccf706a3          	sb	a5,-819(a4) # 20001fdd <gBleIPPara+0x9>
    5318:	1fffd717          	auipc	a4,0x1fffd
    531c:	cc474703          	lbu	a4,-828(a4) # 20001fdc <gBleIPPara+0x8>
    5320:	4799                	li	a5,6
    5322:	00f71d63          	bne	a4,a5,533c <ll_multi_states_process+0x72>
    5326:	1fffd797          	auipc	a5,0x1fffd
    532a:	b7278793          	addi	a5,a5,-1166 # 20001e98 <gBleLlPara>
    532e:	0807a783          	lw	a5,128(a5)
    5332:	00b7c783          	lbu	a5,11(a5)
    5336:	cb95                	beqz	a5,536a <ll_multi_states_process+0xa0>
    5338:	b55ff0ef          	jal	ra,4e8c <LL_ScanSetRF>
    533c:	1fffd717          	auipc	a4,0x1fffd
    5340:	ca074703          	lbu	a4,-864(a4) # 20001fdc <gBleIPPara+0x8>
    5344:	479d                	li	a5,7
    5346:	02f71263          	bne	a4,a5,536a <ll_multi_states_process+0xa0>
    534a:	1fffd797          	auipc	a5,0x1fffd
    534e:	b4e78793          	addi	a5,a5,-1202 # 20001e98 <gBleLlPara>
    5352:	0947a783          	lw	a5,148(a5)
    5356:	0077c783          	lbu	a5,7(a5)
    535a:	cb81                	beqz	a5,536a <ll_multi_states_process+0xa0>
    535c:	40b2                	lw	ra,12(sp)
    535e:	0141                	addi	sp,sp,16
    5360:	3050106f          	j	6e64 <LL_InitiateSetRF>
    5364:	4581                	li	a1,0
    5366:	4501                	li	a0,0
    5368:	b74d                	j	530a <ll_multi_states_process+0x40>
    536a:	40b2                	lw	ra,12(sp)
    536c:	0141                	addi	sp,sp,16
    536e:	8082                	ret

00005370 <ble_ll_hw_api_shut>:
    5370:	1fffd717          	auipc	a4,0x1fffd
    5374:	c8c70713          	addi	a4,a4,-884 # 20001ffc <gptrLLEReg>
    5378:	431c                	lw	a5,0(a4)
    537a:	4bb4                	lw	a3,80(a5)
    537c:	9ae1                	andi	a3,a3,-8
    537e:	cbb4                	sw	a3,80(a5)
    5380:	4394                	lw	a3,0(a5)
    5382:	0086e693          	ori	a3,a3,8
    5386:	c394                	sw	a3,0(a5)
    5388:	439c                	lw	a5,0(a5)
    538a:	838d                	srli	a5,a5,0x3
    538c:	8b85                	andi	a5,a5,1
    538e:	c789                	beqz	a5,5398 <ble_ll_hw_api_shut+0x28>
    5390:	0001                	nop
    5392:	0001                	nop
    5394:	0001                	nop
    5396:	0001                	nop
    5398:	1fffd797          	auipc	a5,0x1fffd
    539c:	c3078793          	addi	a5,a5,-976 # 20001fc8 <gptrBBReg>
    53a0:	4394                	lw	a3,0(a5)
    53a2:	429c                	lw	a5,0(a3)
    53a4:	e7f7f793          	andi	a5,a5,-385
    53a8:	0807e793          	ori	a5,a5,128
    53ac:	c29c                	sw	a5,0(a3)
    53ae:	1fffd797          	auipc	a5,0x1fffd
    53b2:	ca278793          	addi	a5,a5,-862 # 20002050 <gptrRFENDReg>
    53b6:	4390                	lw	a2,0(a5)
    53b8:	ffce06b7          	lui	a3,0xffce0
    53bc:	16fd                	addi	a3,a3,-1 # ffcdffff <_eusrstack+0xdfccffff>
    53be:	461c                	lw	a5,8(a2)
    53c0:	8ff5                	and	a5,a5,a3
    53c2:	c61c                	sw	a5,8(a2)
    53c4:	431c                	lw	a5,0(a4)
    53c6:	0407a823          	sw	zero,80(a5)
    53ca:	1fffd797          	auipc	a5,0x1fffd
    53ce:	c0278793          	addi	a5,a5,-1022 # 20001fcc <gPaControl>
    53d2:	439c                	lw	a5,0(a5)
    53d4:	cb99                	beqz	a5,53ea <ble_ll_hw_api_shut+0x7a>
    53d6:	43d4                	lw	a3,4(a5)
    53d8:	4790                	lw	a2,8(a5)
    53da:	4298                	lw	a4,0(a3)
    53dc:	8f51                	or	a4,a4,a2
    53de:	c298                	sw	a4,0(a3)
    53e0:	4b94                	lw	a3,16(a5)
    53e2:	4bdc                	lw	a5,20(a5)
    53e4:	4298                	lw	a4,0(a3)
    53e6:	8fd9                	or	a5,a5,a4
    53e8:	c29c                	sw	a5,0(a3)
    53ea:	1fffd797          	auipc	a5,0x1fffd
    53ee:	be0788a3          	sb	zero,-1039(a5) # 20001fdb <gBleIPPara+0x7>
    53f2:	8082                	ret

000053f4 <phy_status_clear>:
    53f4:	1141                	addi	sp,sp,-16
    53f6:	c04a                	sw	s2,0(sp)
    53f8:	400247b7          	lui	a5,0x40024
    53fc:	c606                	sw	ra,12(sp)
    53fe:	c422                	sw	s0,8(sp)
    5400:	c226                	sw	s1,4(sp)
    5402:	20c7a903          	lw	s2,524(a5) # 4002420c <_eusrstack+0x2001420c>
    5406:	2007a623          	sw	zero,524(a5)
    540a:	0000100f          	fence.i
    540e:	1fffd797          	auipc	a5,0x1fffd
    5412:	bee78793          	addi	a5,a5,-1042 # 20001ffc <gptrLLEReg>
    5416:	439c                	lw	a5,0(a5)
    5418:	439c                	lw	a5,0(a5)
    541a:	8b8d                	andi	a5,a5,3
    541c:	c7bd                	beqz	a5,548a <phy_status_clear+0x96>
    541e:	1fffd717          	auipc	a4,0x1fffd
    5422:	bbd74703          	lbu	a4,-1091(a4) # 20001fdb <gBleIPPara+0x7>
    5426:	478d                	li	a5,3
    5428:	84aa                	mv	s1,a0
    542a:	1fffd417          	auipc	s0,0x1fffd
    542e:	baa40413          	addi	s0,s0,-1110 # 20001fd4 <gBleIPPara>
    5432:	00f71b63          	bne	a4,a5,5448 <phy_status_clear+0x54>
    5436:	1fffd797          	auipc	a5,0x1fffd
    543a:	bca78793          	addi	a5,a5,-1078 # 20002000 <rfConfig>
    543e:	4b9c                	lw	a5,16(a5)
    5440:	4601                	li	a2,0
    5442:	4581                	li	a1,0
    5444:	4545                	li	a0,17
    5446:	9782                	jalr	a5
    5448:	4719                	li	a4,6
    544a:	04e49a63          	bne	s1,a4,549e <phy_status_clear+0xaa>
    544e:	1fffd797          	auipc	a5,0x1fffd
    5452:	b8f7c783          	lbu	a5,-1137(a5) # 20001fdd <gBleIPPara+0x9>
    5456:	cb99                	beqz	a5,546c <phy_status_clear+0x78>
    5458:	1fffd797          	auipc	a5,0x1fffd
    545c:	b847c783          	lbu	a5,-1148(a5) # 20001fdc <gBleIPPara+0x8>
    5460:	00979663          	bne	a5,s1,546c <phy_status_clear+0x78>
    5464:	1fffd797          	auipc	a5,0x1fffd
    5468:	b6078ca3          	sb	zero,-1159(a5) # 20001fdd <gBleIPPara+0x9>
    546c:	00744783          	lbu	a5,7(s0)
    5470:	4721                	li	a4,8
    5472:	00f71863          	bne	a4,a5,5482 <phy_status_clear+0x8e>
    5476:	10800793          	li	a5,264
    547a:	1fffd717          	auipc	a4,0x1fffd
    547e:	b6f71123          	sh	a5,-1182(a4) # 20001fdc <gBleIPPara+0x8>
    5482:	82018c23          	sb	zero,-1992(gp) # 200000c8 <tmosSign>
    5486:	eebff0ef          	jal	ra,5370 <ble_ll_hw_api_shut>
    548a:	40b2                	lw	ra,12(sp)
    548c:	4422                	lw	s0,8(sp)
    548e:	400247b7          	lui	a5,0x40024
    5492:	2127a623          	sw	s2,524(a5) # 4002420c <_eusrstack+0x2001420c>
    5496:	4492                	lw	s1,4(sp)
    5498:	4902                	lw	s2,0(sp)
    549a:	0141                	addi	sp,sp,16
    549c:	8082                	ret
    549e:	479d                	li	a5,7
    54a0:	00f49f63          	bne	s1,a5,54be <phy_status_clear+0xca>
    54a4:	1fffd797          	auipc	a5,0x1fffd
    54a8:	b397c783          	lbu	a5,-1223(a5) # 20001fdd <gBleIPPara+0x9>
    54ac:	d3e1                	beqz	a5,546c <phy_status_clear+0x78>
    54ae:	1fffd717          	auipc	a4,0x1fffd
    54b2:	b2e74703          	lbu	a4,-1234(a4) # 20001fdc <gBleIPPara+0x8>
    54b6:	478d                	li	a5,3
    54b8:	faf71ae3          	bne	a4,a5,546c <phy_status_clear+0x78>
    54bc:	b765                	j	5464 <phy_status_clear+0x70>
    54be:	00744683          	lbu	a3,7(s0)
    54c2:	00d70b63          	beq	a4,a3,54d8 <phy_status_clear+0xe4>
    54c6:	00744703          	lbu	a4,7(s0)
    54ca:	00e78763          	beq	a5,a4,54d8 <phy_status_clear+0xe4>
    54ce:	00744783          	lbu	a5,7(s0)
    54d2:	4721                	li	a4,8
    54d4:	faf717e3          	bne	a4,a5,5482 <phy_status_clear+0x8e>
    54d8:	1fffd797          	auipc	a5,0x1fffd
    54dc:	b057c783          	lbu	a5,-1275(a5) # 20001fdd <gBleIPPara+0x9>
    54e0:	f3cd                	bnez	a5,5482 <phy_status_clear+0x8e>
    54e2:	00744783          	lbu	a5,7(s0)
    54e6:	1fffd717          	auipc	a4,0x1fffd
    54ea:	aef70b23          	sb	a5,-1290(a4) # 20001fdc <gBleIPPara+0x8>
    54ee:	4785                	li	a5,1
    54f0:	1fffd717          	auipc	a4,0x1fffd
    54f4:	aef706a3          	sb	a5,-1299(a4) # 20001fdd <gBleIPPara+0x9>
    54f8:	b769                	j	5482 <phy_status_clear+0x8e>

000054fa <BLE_RegInit>:
    54fa:	1fffd717          	auipc	a4,0x1fffd
    54fe:	ae174703          	lbu	a4,-1311(a4) # 20001fdb <gBleIPPara+0x7>
    5502:	4791                	li	a5,4
    5504:	0ef70863          	beq	a4,a5,55f4 <BLE_RegInit+0xfa>
    5508:	1fffd717          	auipc	a4,0x1fffd
    550c:	acc70713          	addi	a4,a4,-1332 # 20001fd4 <gBleIPPara>
    5510:	00774703          	lbu	a4,7(a4)
    5514:	0ee78063          	beq	a5,a4,55f4 <BLE_RegInit+0xfa>
    5518:	1fffd797          	auipc	a5,0x1fffd
    551c:	aac78793          	addi	a5,a5,-1364 # 20001fc4 <gptrAESReg>
    5520:	1101                	addi	sp,sp,-32
    5522:	4398                	lw	a4,0(a5)
    5524:	cc22                	sw	s0,24(sp)
    5526:	40024437          	lui	s0,0x40024
    552a:	ce06                	sw	ra,28(sp)
    552c:	ca26                	sw	s1,20(sp)
    552e:	c84a                	sw	s2,16(sp)
    5530:	c64e                	sw	s3,12(sp)
    5532:	c452                	sw	s4,8(sp)
    5534:	30040793          	addi	a5,s0,768 # 40024300 <_eusrstack+0x20014300>
    5538:	0af71663          	bne	a4,a5,55e4 <BLE_RegInit+0xea>
    553c:	20c42983          	lw	s3,524(s0)
    5540:	20042623          	sw	zero,524(s0)
    5544:	0000100f          	fence.i
    5548:	4535                	li	a0,13
    554a:	eabff0ef          	jal	ra,53f4 <phy_status_clear>
    554e:	1fffda17          	auipc	s4,0x1fffd
    5552:	a7aa0a13          	addi	s4,s4,-1414 # 20001fc8 <gptrBBReg>
    5556:	000a2783          	lw	a5,0(s4)
    555a:	76f5                	lui	a3,0xffffd
    555c:	16fd                	addi	a3,a3,-1 # ffffcfff <_eusrstack+0xdffecfff>
    555e:	4398                	lw	a4,0(a5)
    5560:	1fffd917          	auipc	s2,0x1fffd
    5564:	af090913          	addi	s2,s2,-1296 # 20002050 <gptrRFENDReg>
    5568:	1fffd497          	auipc	s1,0x1fffd
    556c:	a9448493          	addi	s1,s1,-1388 # 20001ffc <gptrLLEReg>
    5570:	8f75                	and	a4,a4,a3
    5572:	6685                	lui	a3,0x1
    5574:	8f55                	or	a4,a4,a3
    5576:	c398                	sw	a4,0(a5)
    5578:	4398                	lw	a4,0(a5)
    557a:	003306b7          	lui	a3,0x330
    557e:	e7f77713          	andi	a4,a4,-385
    5582:	c398                	sw	a4,0(a5)
    5584:	4398                	lw	a4,0(a5)
    5586:	e7f77713          	andi	a4,a4,-385
    558a:	10076713          	ori	a4,a4,256
    558e:	c398                	sw	a4,0(a5)
    5590:	00092703          	lw	a4,0(s2)
    5594:	471c                	lw	a5,8(a4)
    5596:	8fd5                	or	a5,a5,a3
    5598:	c71c                	sw	a5,8(a4)
    559a:	409c                	lw	a5,0(s1)
    559c:	05d00713          	li	a4,93
    55a0:	cbb8                	sw	a4,80(a5)
    55a2:	2e9000ef          	jal	ra,608a <RFEND_TXCtune>
    55a6:	005010ef          	jal	ra,6daa <RFEND_TXFtune>
    55aa:	213000ef          	jal	ra,5fbc <RFEND_RXFilter>
    55ae:	2a3000ef          	jal	ra,6050 <RFEND_RXAdc>
    55b2:	000a2703          	lw	a4,0(s4)
    55b6:	431c                	lw	a5,0(a4)
    55b8:	e7f7f793          	andi	a5,a5,-385
    55bc:	0807e793          	ori	a5,a5,128
    55c0:	c31c                	sw	a5,0(a4)
    55c2:	00092683          	lw	a3,0(s2)
    55c6:	ffce0737          	lui	a4,0xffce0
    55ca:	177d                	addi	a4,a4,-1 # ffcdffff <_eusrstack+0xdfccffff>
    55cc:	469c                	lw	a5,8(a3)
    55ce:	8ff9                	and	a5,a5,a4
    55d0:	c69c                	sw	a5,8(a3)
    55d2:	409c                	lw	a5,0(s1)
    55d4:	0407a823          	sw	zero,80(a5)
    55d8:	1fffd797          	auipc	a5,0x1fffd
    55dc:	a00781a3          	sb	zero,-1533(a5) # 20001fdb <gBleIPPara+0x7>
    55e0:	21342623          	sw	s3,524(s0)
    55e4:	40f2                	lw	ra,28(sp)
    55e6:	4462                	lw	s0,24(sp)
    55e8:	44d2                	lw	s1,20(sp)
    55ea:	4942                	lw	s2,16(sp)
    55ec:	49b2                	lw	s3,12(sp)
    55ee:	4a22                	lw	s4,8(sp)
    55f0:	6105                	addi	sp,sp,32
    55f2:	8082                	ret
    55f4:	8082                	ret

000055f6 <LLE_DevInit>:
    55f6:	1fffd797          	auipc	a5,0x1fffd
    55fa:	a0678793          	addi	a5,a5,-1530 # 20001ffc <gptrLLEReg>
    55fe:	439c                	lw	a5,0(a5)
    5600:	08c00713          	li	a4,140
    5604:	06c00693          	li	a3,108
    5608:	cbd8                	sw	a4,20(a5)
    560a:	cfd4                	sw	a3,28(a5)
    560c:	d3d8                	sw	a4,36(a5)
    560e:	03c00613          	li	a2,60
    5612:	d7d0                	sw	a2,44(a5)
    5614:	dbd8                	sw	a4,52(a5)
    5616:	dfd0                	sw	a2,60(a5)
    5618:	c3f8                	sw	a4,68(a5)
    561a:	1fffd717          	auipc	a4,0x1fffd
    561e:	9ba70713          	addi	a4,a4,-1606 # 20001fd4 <gBleIPPara>
    5622:	5358                	lw	a4,36(a4)
    5624:	c7f4                	sw	a3,76(a5)
    5626:	dbf8                	sw	a4,116(a5)
    5628:	6741                	lui	a4,0x10
    562a:	177d                	addi	a4,a4,-1 # ffff <_data_lma+0x86fb>
    562c:	c798                	sw	a4,8(a5)
    562e:	673d                	lui	a4,0xf
    5630:	073d                	addi	a4,a4,15 # f00f <_data_lma+0x770b>
    5632:	c7d8                	sw	a4,12(a5)
    5634:	8082                	ret

00005636 <RF_DevSetChannel>:
    5636:	1fffd797          	auipc	a5,0x1fffd
    563a:	a1a78793          	addi	a5,a5,-1510 # 20002050 <gptrRFENDReg>
    563e:	4398                	lw	a4,0(a5)
    5640:	1fffd617          	auipc	a2,0x1fffd
    5644:	9c060613          	addi	a2,a2,-1600 # 20002000 <rfConfig>
    5648:	1fffd797          	auipc	a5,0x1fffd
    564c:	98078793          	addi	a5,a5,-1664 # 20001fc8 <gptrBBReg>
    5650:	4394                	lw	a3,0(a5)
    5652:	00164783          	lbu	a5,1(a2)
    5656:	07f7f813          	andi	a6,a5,127
    565a:	c5d9                	beqz	a1,56e8 <RF_DevSetChannel+0xb2>
    565c:	4288                	lw	a0,0(a3)
    565e:	425c                	lw	a5,4(a2)
    5660:	f8057513          	andi	a0,a0,-128
    5664:	01056533          	or	a0,a0,a6
    5668:	c288                	sw	a0,0(a3)
    566a:	0015f513          	andi	a0,a1,1
    566e:	c901                	beqz	a0,567e <RF_DevSetChannel+0x48>
    5670:	0305f593          	andi	a1,a1,48
    5674:	4541                	li	a0,16
    5676:	06a58663          	beq	a1,a0,56e2 <RF_DevSetChannel+0xac>
    567a:	c1878793          	addi	a5,a5,-1000
    567e:	574c                	lw	a1,44(a4)
    5680:	6841                	lui	a6,0x10
    5682:	a0080813          	addi	a6,a6,-1536 # fa00 <_data_lma+0x80fc>
    5686:	0025e593          	ori	a1,a1,2
    568a:	d74c                	sw	a1,44(a4)
    568c:	0307d5b3          	divu	a1,a5,a6
    5690:	fe1008b7          	lui	a7,0xfe100
    5694:	18fd                	addi	a7,a7,-1 # fe0fffff <_eusrstack+0xde0effff>
    5696:	0307f7b3          	remu	a5,a5,a6
    569a:	89fd                	andi	a1,a1,31
    569c:	01459513          	slli	a0,a1,0x14
    56a0:	436c                	lw	a1,68(a4)
    56a2:	0115f5b3          	and	a1,a1,a7
    56a6:	8dc9                	or	a1,a1,a0
    56a8:	c36c                	sw	a1,68(a4)
    56aa:	0fa00593          	li	a1,250
    56ae:	fffc0537          	lui	a0,0xfffc0
    56b2:	07aa                	slli	a5,a5,0xa
    56b4:	02b7d7b3          	divu	a5,a5,a1
    56b8:	436c                	lw	a1,68(a4)
    56ba:	8de9                	and	a1,a1,a0
    56bc:	07ba                	slli	a5,a5,0xe
    56be:	83b9                	srli	a5,a5,0xe
    56c0:	8fcd                	or	a5,a5,a1
    56c2:	c37c                	sw	a5,68(a4)
    56c4:	00064783          	lbu	a5,0(a2)
    56c8:	8b89                	andi	a5,a5,2
    56ca:	cb99                	beqz	a5,56e0 <RF_DevSetChannel+0xaa>
    56cc:	429c                	lw	a5,0(a3)
    56ce:	07f7f793          	andi	a5,a5,127
    56d2:	0407e713          	ori	a4,a5,64
    56d6:	429c                	lw	a5,0(a3)
    56d8:	f807f793          	andi	a5,a5,-128
    56dc:	8fd9                	or	a5,a5,a4
    56de:	c29c                	sw	a5,0(a3)
    56e0:	8082                	ret
    56e2:	83078793          	addi	a5,a5,-2000
    56e6:	bf61                	j	567e <RF_DevSetChannel+0x48>
    56e8:	575c                	lw	a5,44(a4)
    56ea:	9bf5                	andi	a5,a5,-3
    56ec:	d75c                	sw	a5,44(a4)
    56ee:	429c                	lw	a5,0(a3)
    56f0:	f807f793          	andi	a5,a5,-128
    56f4:	0107e7b3          	or	a5,a5,a6
    56f8:	c29c                	sw	a5,0(a3)
    56fa:	b7e9                	j	56c4 <RF_DevSetChannel+0x8e>

000056fc <rf_stop>:
    56fc:	1141                	addi	sp,sp,-16
    56fe:	c606                	sw	ra,12(sp)
    5700:	1fffd797          	auipc	a5,0x1fffd
    5704:	92078723          	sb	zero,-1746(a5) # 2000202e <rfInfo+0xe>
    5708:	c69ff0ef          	jal	ra,5370 <ble_ll_hw_api_shut>
    570c:	40b2                	lw	ra,12(sp)
    570e:	4501                	li	a0,0
    5710:	0141                	addi	sp,sp,16
    5712:	8082                	ret

00005714 <RF_Rx>:
    5714:	7179                	addi	sp,sp,-48
    5716:	d04a                	sw	s2,32(sp)
    5718:	400247b7          	lui	a5,0x40024
    571c:	d606                	sw	ra,44(sp)
    571e:	d422                	sw	s0,40(sp)
    5720:	d226                	sw	s1,36(sp)
    5722:	ce4e                	sw	s3,28(sp)
    5724:	cc52                	sw	s4,24(sp)
    5726:	ca56                	sw	s5,20(sp)
    5728:	20c7a903          	lw	s2,524(a5) # 4002420c <_eusrstack+0x2001420c>
    572c:	2007a623          	sw	zero,524(a5)
    5730:	0000100f          	fence.i
    5734:	1fffd417          	auipc	s0,0x1fffd
    5738:	8cc40413          	addi	s0,s0,-1844 # 20002000 <rfConfig>
    573c:	4418                	lw	a4,8(s0)
    573e:	ef09                	bnez	a4,5758 <RF_Rx+0x44>
    5740:	2127a623          	sw	s2,524(a5)
    5744:	4505                	li	a0,1
    5746:	50b2                	lw	ra,44(sp)
    5748:	5422                	lw	s0,40(sp)
    574a:	5492                	lw	s1,36(sp)
    574c:	5902                	lw	s2,32(sp)
    574e:	49f2                	lw	s3,28(sp)
    5750:	4a62                	lw	s4,24(sp)
    5752:	4ad2                	lw	s5,20(sp)
    5754:	6145                	addi	sp,sp,48
    5756:	8082                	ret
    5758:	1fffc717          	auipc	a4,0x1fffc
    575c:	74070713          	addi	a4,a4,1856 # 20001e98 <gBleLlPara>
    5760:	0a872703          	lw	a4,168(a4)
    5764:	c709                	beqz	a4,576e <RF_Rx+0x5a>
    5766:	2127a623          	sw	s2,524(a5)
    576a:	4509                	li	a0,2
    576c:	bfe9                	j	5746 <RF_Rx+0x32>
    576e:	00044783          	lbu	a5,0(s0)
    5772:	8a32                	mv	s4,a2
    5774:	89b6                	mv	s3,a3
    5776:	8b85                	andi	a5,a5,1
    5778:	862e                	mv	a2,a1
    577a:	8aaa                	mv	s5,a0
    577c:	cfb9                	beqz	a5,57da <RF_Rx+0xc6>
    577e:	1fffd497          	auipc	s1,0x1fffd
    5782:	8a248493          	addi	s1,s1,-1886 # 20002020 <rfInfo>
    5786:	40dc                	lw	a5,4(s1)
    5788:	e385                	bnez	a5,57a8 <RF_Rx+0x94>
    578a:	1fffd517          	auipc	a0,0x1fffd
    578e:	89354503          	lbu	a0,-1901(a0) # 2000201d <rfConfig+0x1d>
    5792:	c62e                	sw	a1,12(sp)
    5794:	0509                	addi	a0,a0,2
    5796:	04900593          	li	a1,73
    579a:	a5bfb0ef          	jal	ra,11f4 <tmos_memory_allocate>
    579e:	4632                	lw	a2,12(sp)
    57a0:	1fffd797          	auipc	a5,0x1fffd
    57a4:	88a7a223          	sw	a0,-1916(a5) # 20002024 <rfInfo+0x4>
    57a8:	40dc                	lw	a5,4(s1)
    57aa:	e799                	bnez	a5,57b8 <RF_Rx+0xa4>
    57ac:	400247b7          	lui	a5,0x40024
    57b0:	2127a623          	sw	s2,524(a5) # 4002420c <_eusrstack+0x2001420c>
    57b4:	450d                	li	a0,3
    57b6:	bf41                	j	5746 <RF_Rx+0x32>
    57b8:	1fffd717          	auipc	a4,0x1fffd
    57bc:	86a74703          	lbu	a4,-1942(a4) # 20002022 <rfInfo+0x2>
    57c0:	00e78023          	sb	a4,0(a5)
    57c4:	40dc                	lw	a5,4(s1)
    57c6:	040a8c63          	beqz	s5,581e <RF_Rx+0x10a>
    57ca:	ca31                	beqz	a2,581e <RF_Rx+0x10a>
    57cc:	00c780a3          	sb	a2,1(a5)
    57d0:	40c8                	lw	a0,4(s1)
    57d2:	85d6                	mv	a1,s5
    57d4:	0509                	addi	a0,a0,2
    57d6:	addfa0ef          	jal	ra,2b2 <tmos_memcpy>
    57da:	1fffd717          	auipc	a4,0x1fffd
    57de:	80174703          	lbu	a4,-2047(a4) # 20001fdb <gBleIPPara+0x7>
    57e2:	4795                	li	a5,5
    57e4:	00f70c63          	beq	a4,a5,57fc <RF_Rx+0xe8>
    57e8:	1fffc797          	auipc	a5,0x1fffc
    57ec:	7f47c783          	lbu	a5,2036(a5) # 20001fdc <gBleIPPara+0x8>
    57f0:	4719                	li	a4,6
    57f2:	00e78563          	beq	a5,a4,57fc <RF_Rx+0xe8>
    57f6:	470d                	li	a4,3
    57f8:	02e79663          	bne	a5,a4,5824 <RF_Rx+0x110>
    57fc:	1fffc797          	auipc	a5,0x1fffc
    5800:	7e17c783          	lbu	a5,2017(a5) # 20001fdd <gBleIPPara+0x9>
    5804:	e799                	bnez	a5,5812 <RF_Rx+0xfe>
    5806:	10800793          	li	a5,264
    580a:	1fffc717          	auipc	a4,0x1fffc
    580e:	7cf71923          	sh	a5,2002(a4) # 20001fdc <gBleIPPara+0x8>
    5812:	400247b7          	lui	a5,0x40024
    5816:	2127a623          	sw	s2,524(a5) # 4002420c <_eusrstack+0x2001420c>
    581a:	4501                	li	a0,0
    581c:	b72d                	j	5746 <RF_Rx+0x32>
    581e:	000780a3          	sb	zero,1(a5)
    5822:	bf65                	j	57da <RF_Rx+0xc6>
    5824:	1fffc497          	auipc	s1,0x1fffc
    5828:	7d848493          	addi	s1,s1,2008 # 20001ffc <gptrLLEReg>
    582c:	409c                	lw	a5,0(s1)
    582e:	4398                	lw	a4,0(a5)
    5830:	8b0d                	andi	a4,a4,3
    5832:	c315                	beqz	a4,5856 <RF_Rx+0x142>
    5834:	82018c23          	sb	zero,-1992(gp) # 200000c8 <tmosSign>
    5838:	4bb8                	lw	a4,80(a5)
    583a:	9b61                	andi	a4,a4,-8
    583c:	cbb8                	sw	a4,80(a5)
    583e:	4398                	lw	a4,0(a5)
    5840:	00876713          	ori	a4,a4,8
    5844:	c398                	sw	a4,0(a5)
    5846:	439c                	lw	a5,0(a5)
    5848:	838d                	srli	a5,a5,0x3
    584a:	8b85                	andi	a5,a5,1
    584c:	c789                	beqz	a5,5856 <RF_Rx+0x142>
    584e:	0001                	nop
    5850:	0001                	nop
    5852:	0001                	nop
    5854:	0001                	nop
    5856:	409c                	lw	a5,0(s1)
    5858:	6709                	lui	a4,0x2
    585a:	1fffca97          	auipc	s5,0x1fffc
    585e:	7c6a8a93          	addi	s5,s5,1990 # 20002020 <rfInfo>
    5862:	0607a223          	sw	zero,100(a5)
    5866:	c798                	sw	a4,8(a5)
    5868:	1fffc797          	auipc	a5,0x1fffc
    586c:	76078823          	sb	zero,1904(a5) # 20001fd8 <gBleIPPara+0x4>
    5870:	1fffc797          	auipc	a5,0x1fffc
    5874:	7bc7c783          	lbu	a5,1980(a5) # 2000202c <rfInfo+0xc>
    5878:	8b91                	andi	a5,a5,4
    587a:	eb89                	bnez	a5,588c <RF_Rx+0x178>
    587c:	1fffc597          	auipc	a1,0x1fffc
    5880:	7845c583          	lbu	a1,1924(a1) # 20002000 <rfConfig>
    5884:	0405f793          	andi	a5,a1,64
    5888:	10079863          	bnez	a5,5998 <RF_Rx+0x284>
    588c:	4581                	li	a1,0
    588e:	1fffc517          	auipc	a0,0x1fffc
    5892:	77354503          	lbu	a0,1907(a0) # 20002001 <rfConfig+0x1>
    5896:	da1ff0ef          	jal	ra,5636 <RF_DevSetChannel>
    589a:	1fffc517          	auipc	a0,0x1fffc
    589e:	76654503          	lbu	a0,1894(a0) # 20002000 <rfConfig>
    58a2:	8511                	srai	a0,a0,0x4
    58a4:	4601                	li	a2,0
    58a6:	1fffc597          	auipc	a1,0x1fffc
    58aa:	7765c583          	lbu	a1,1910(a1) # 2000201c <rfConfig+0x1c>
    58ae:	890d                	andi	a0,a0,3
    58b0:	901ff0ef          	jal	ra,51b0 <BLE_SetPHYRxMode>
    58b4:	1fffc717          	auipc	a4,0x1fffc
    58b8:	71470713          	addi	a4,a4,1812 # 20001fc8 <gptrBBReg>
    58bc:	4414                	lw	a3,8(s0)
    58be:	431c                	lw	a5,0(a4)
    58c0:	c794                	sw	a3,8(a5)
    58c2:	4454                	lw	a3,12(s0)
    58c4:	c3d4                	sw	a3,4(a5)
    58c6:	4094                	lw	a3,0(s1)
    58c8:	00044783          	lbu	a5,0(s0)
    58cc:	843a                	mv	s0,a4
    58ce:	0017f613          	andi	a2,a5,1
    58d2:	42dc                	lw	a5,4(a3)
    58d4:	9bf9                	andi	a5,a5,-2
    58d6:	8fd1                	or	a5,a5,a2
    58d8:	c2dc                	sw	a5,4(a3)
    58da:	004aa783          	lw	a5,4(s5)
    58de:	dabc                	sw	a5,112(a3)
    58e0:	1fffc797          	auipc	a5,0x1fffc
    58e4:	754781a3          	sb	s4,1859(a5) # 20002023 <rfInfo+0x3>
    58e8:	1fffc797          	auipc	a5,0x1fffc
    58ec:	73378d23          	sb	s3,1850(a5) # 20002022 <rfInfo+0x2>
    58f0:	00eac783          	lbu	a5,14(s5)
    58f4:	0047e793          	ori	a5,a5,4
    58f8:	1fffc697          	auipc	a3,0x1fffc
    58fc:	72f68b23          	sb	a5,1846(a3) # 2000202e <rfInfo+0xe>
    5900:	04000793          	li	a5,64
    5904:	1fffc697          	auipc	a3,0x1fffc
    5908:	6cf68823          	sb	a5,1744(a3) # 20001fd4 <gBleIPPara>
    590c:	47a1                	li	a5,8
    590e:	1fffc697          	auipc	a3,0x1fffc
    5912:	6cf686a3          	sb	a5,1741(a3) # 20001fdb <gBleIPPara+0x7>
    5916:	1fffc797          	auipc	a5,0x1fffc
    591a:	52278793          	addi	a5,a5,1314 # 20001e38 <ble>
    591e:	57dc                	lw	a5,44(a5)
    5920:	cb91                	beqz	a5,5934 <RF_Rx+0x220>
    5922:	64000613          	li	a2,1600
    5926:	45c1                	li	a1,16
    5928:	1fffc517          	auipc	a0,0x1fffc
    592c:	70854503          	lbu	a0,1800(a0) # 20002030 <rfInfo+0x10>
    5930:	e37fe0ef          	jal	ra,4766 <tmos_start_task>
    5934:	409c                	lw	a5,0(s1)
    5936:	00000517          	auipc	a0,0x0
    593a:	30650513          	addi	a0,a0,774 # 5c3c <rf_rx_auto_rxProcess>
    593e:	43dc                	lw	a5,4(a5)
    5940:	8b85                	andi	a5,a5,1
    5942:	e789                	bnez	a5,594c <RF_Rx+0x238>
    5944:	00000517          	auipc	a0,0x0
    5948:	06050513          	addi	a0,a0,96 # 59a4 <rf_rx_basic_rxProcess>
    594c:	dfdfa0ef          	jal	ra,748 <TMOS_SysRegister>
    5950:	4018                	lw	a4,0(s0)
    5952:	003306b7          	lui	a3,0x330
    5956:	431c                	lw	a5,0(a4)
    5958:	e7f7f793          	andi	a5,a5,-385
    595c:	c31c                	sw	a5,0(a4)
    595e:	431c                	lw	a5,0(a4)
    5960:	e7f7f793          	andi	a5,a5,-385
    5964:	1007e793          	ori	a5,a5,256
    5968:	c31c                	sw	a5,0(a4)
    596a:	1fffc797          	auipc	a5,0x1fffc
    596e:	6e678793          	addi	a5,a5,1766 # 20002050 <gptrRFENDReg>
    5972:	4398                	lw	a4,0(a5)
    5974:	471c                	lw	a5,8(a4)
    5976:	8fd5                	or	a5,a5,a3
    5978:	c71c                	sw	a5,8(a4)
    597a:	409c                	lw	a5,0(s1)
    597c:	05900713          	li	a4,89
    5980:	cbb8                	sw	a4,80(a5)
    5982:	1fffc717          	auipc	a4,0x1fffc
    5986:	64070ba3          	sb	zero,1623(a4) # 20001fd9 <gBleIPPara+0x5>
    598a:	1fffc717          	auipc	a4,0x1fffc
    598e:	640705a3          	sb	zero,1611(a4) # 20001fd5 <gBleIPPara+0x1>
    5992:	4705                	li	a4,1
    5994:	c398                	sw	a4,0(a5)
    5996:	bdb5                	j	5812 <RF_Rx+0xfe>
    5998:	0305f593          	andi	a1,a1,48
    599c:	0015e593          	ori	a1,a1,1
    59a0:	4048                	lw	a0,4(s0)
    59a2:	bdd5                	j	5896 <RF_Rx+0x182>

000059a4 <rf_rx_basic_rxProcess>:
    59a4:	1101                	addi	sp,sp,-32
    59a6:	1fffc797          	auipc	a5,0x1fffc
    59aa:	62f7c783          	lbu	a5,1583(a5) # 20001fd5 <gBleIPPara+0x1>
    59ae:	ce06                	sw	ra,28(sp)
    59b0:	cc22                	sw	s0,24(sp)
    59b2:	ca26                	sw	s1,20(sp)
    59b4:	c84a                	sw	s2,16(sp)
    59b6:	8b85                	andi	a5,a5,1
    59b8:	1fffc717          	auipc	a4,0x1fffc
    59bc:	61c70713          	addi	a4,a4,1564 # 20001fd4 <gBleIPPara>
    59c0:	24078063          	beqz	a5,5c00 <rf_rx_basic_rxProcess+0x25c>
    59c4:	1fffc797          	auipc	a5,0x1fffc
    59c8:	600788a3          	sb	zero,1553(a5) # 20001fd5 <gBleIPPara+0x1>
    59cc:	843a                	mv	s0,a4
    59ce:	000107a3          	sb	zero,15(sp)
    59d2:	5344                	lw	s1,36(a4)
    59d4:	d29ff0ef          	jal	ra,56fc <rf_stop>
    59d8:	1fffc797          	auipc	a5,0x1fffc
    59dc:	6547c783          	lbu	a5,1620(a5) # 2000202c <rfInfo+0xc>
    59e0:	8b91                	andi	a5,a5,4
    59e2:	1fffc697          	auipc	a3,0x1fffc
    59e6:	63e68693          	addi	a3,a3,1598 # 20002020 <rfInfo>
    59ea:	1fffc917          	auipc	s2,0x1fffc
    59ee:	61690913          	addi	s2,s2,1558 # 20002000 <rfConfig>
    59f2:	1a078663          	beqz	a5,5b9e <rf_rx_basic_rxProcess+0x1fa>
    59f6:	0014c783          	lbu	a5,1(s1)
    59fa:	97a6                	add	a5,a5,s1
    59fc:	0007c703          	lbu	a4,0(a5)
    5a00:	08000793          	li	a5,128
    5a04:	00f71a63          	bne	a4,a5,5a18 <rf_rx_basic_rxProcess+0x74>
    5a08:	00094783          	lbu	a5,0(s2)
    5a0c:	0087e793          	ori	a5,a5,8
    5a10:	1fffc717          	auipc	a4,0x1fffc
    5a14:	5ef70823          	sb	a5,1520(a4) # 20002000 <rfConfig>
    5a18:	4c5c                	lw	a5,28(s0)
    5a1a:	470d                	li	a4,3
    5a1c:	10f77b63          	bgeu	a4,a5,5b32 <rf_rx_basic_rxProcess+0x18e>
    5a20:	17f1                	addi	a5,a5,-4
    5a22:	1fffc717          	auipc	a4,0x1fffc
    5a26:	5cf72723          	sw	a5,1486(a4) # 20001ff0 <gBleIPPara+0x1c>
    5a2a:	4c5c                	lw	a5,28(s0)
    5a2c:	4698                	lw	a4,8(a3)
    5a2e:	10e7e963          	bltu	a5,a4,5b40 <rf_rx_basic_rxProcess+0x19c>
    5a32:	40e78733          	sub	a4,a5,a4
    5a36:	0014c783          	lbu	a5,1(s1)
    5a3a:	00c6c603          	lbu	a2,12(a3)
    5a3e:	97a6                	add	a5,a5,s1
    5a40:	0017c783          	lbu	a5,1(a5)
    5a44:	0662                	slli	a2,a2,0x18
    5a46:	8661                	srai	a2,a2,0x18
    5a48:	078e                	slli	a5,a5,0x3
    5a4a:	10065c63          	bgez	a2,5b62 <rf_rx_basic_rxProcess+0x1be>
    5a4e:	10e7f063          	bgeu	a5,a4,5b4e <rf_rx_basic_rxProcess+0x1aa>
    5a52:	8f1d                	sub	a4,a4,a5
    5a54:	02000693          	li	a3,32
    5a58:	00e6eb63          	bltu	a3,a4,5a6e <rf_rx_basic_rxProcess+0xca>
    5a5c:	4c58                	lw	a4,28(s0)
    5a5e:	0ef76b63          	bltu	a4,a5,5b54 <rf_rx_basic_rxProcess+0x1b0>
    5a62:	40f707b3          	sub	a5,a4,a5
    5a66:	1fffc717          	auipc	a4,0x1fffc
    5a6a:	5cf72123          	sw	a5,1474(a4) # 20002028 <rfInfo+0x8>
    5a6e:	4589                	li	a1,2
    5a70:	1fffc517          	auipc	a0,0x1fffc
    5a74:	5c054503          	lbu	a0,1472(a0) # 20002030 <rfInfo+0x10>
    5a78:	c5ffe0ef          	jal	ra,46d6 <tmos_set_event>
    5a7c:	00094783          	lbu	a5,0(s2)
    5a80:	8ba1                	andi	a5,a5,8
    5a82:	10078963          	beqz	a5,5b94 <rf_rx_basic_rxProcess+0x1f0>
    5a86:	1fffc797          	auipc	a5,0x1fffc
    5a8a:	57678793          	addi	a5,a5,1398 # 20001ffc <gptrLLEReg>
    5a8e:	4394                	lw	a3,0(a5)
    5a90:	0c800793          	li	a5,200
    5a94:	0ff00713          	li	a4,255
    5a98:	d2fc                	sw	a5,100(a3)
    5a9a:	501c                	lw	a5,32(s0)
    5a9c:	00330637          	lui	a2,0x330
    5aa0:	4501                	li	a0,0
    5aa2:	c398                	sw	a4,0(a5)
    5aa4:	1fffc797          	auipc	a5,0x1fffc
    5aa8:	52078923          	sb	zero,1330(a5) # 20001fd6 <gBleIPPara+0x2>
    5aac:	1fffc797          	auipc	a5,0x1fffc
    5ab0:	520785a3          	sb	zero,1323(a5) # 20001fd7 <gBleIPPara+0x3>
    5ab4:	1fffc797          	auipc	a5,0x1fffc
    5ab8:	520782a3          	sb	zero,1317(a5) # 20001fd9 <gBleIPPara+0x5>
    5abc:	1fffc797          	auipc	a5,0x1fffc
    5ac0:	50078e23          	sb	zero,1308(a5) # 20001fd8 <gBleIPPara+0x4>
    5ac4:	1fffc797          	auipc	a5,0x1fffc
    5ac8:	50478793          	addi	a5,a5,1284 # 20001fc8 <gptrBBReg>
    5acc:	4398                	lw	a4,0(a5)
    5ace:	431c                	lw	a5,0(a4)
    5ad0:	e7f7f793          	andi	a5,a5,-385
    5ad4:	c31c                	sw	a5,0(a4)
    5ad6:	431c                	lw	a5,0(a4)
    5ad8:	e7f7f793          	andi	a5,a5,-385
    5adc:	1007e793          	ori	a5,a5,256
    5ae0:	c31c                	sw	a5,0(a4)
    5ae2:	1fffc797          	auipc	a5,0x1fffc
    5ae6:	56e78793          	addi	a5,a5,1390 # 20002050 <gptrRFENDReg>
    5aea:	4398                	lw	a4,0(a5)
    5aec:	1fffc597          	auipc	a1,0x1fffc
    5af0:	5145c583          	lbu	a1,1300(a1) # 20002000 <rfConfig>
    5af4:	8591                	srai	a1,a1,0x4
    5af6:	471c                	lw	a5,8(a4)
    5af8:	898d                	andi	a1,a1,3
    5afa:	8fd1                	or	a5,a5,a2
    5afc:	c71c                	sw	a5,8(a4)
    5afe:	05a00793          	li	a5,90
    5b02:	cabc                	sw	a5,80(a3)
    5b04:	4605                	li	a2,1
    5b06:	8a4fb0ef          	jal	ra,baa <ll_tx_wait_finish>
    5b0a:	00094783          	lbu	a5,0(s2)
    5b0e:	9bdd                	andi	a5,a5,-9
    5b10:	1fffc717          	auipc	a4,0x1fffc
    5b14:	4ef70823          	sb	a5,1264(a4) # 20002000 <rfConfig>
    5b18:	1fffc697          	auipc	a3,0x1fffc
    5b1c:	50a6c683          	lbu	a3,1290(a3) # 20002022 <rfInfo+0x2>
    5b20:	1fffc617          	auipc	a2,0x1fffc
    5b24:	50364603          	lbu	a2,1283(a2) # 20002023 <rfInfo+0x3>
    5b28:	4581                	li	a1,0
    5b2a:	4501                	li	a0,0
    5b2c:	be9ff0ef          	jal	ra,5714 <RF_Rx>
    5b30:	a0d1                	j	5bf4 <rf_rx_basic_rxProcess+0x250>
    5b32:	1fffc717          	auipc	a4,0x1fffc
    5b36:	34e70713          	addi	a4,a4,846 # 20001e80 <bleClock_t>
    5b3a:	4358                	lw	a4,4(a4)
    5b3c:	97ba                	add	a5,a5,a4
    5b3e:	b5cd                	j	5a20 <rf_rx_basic_rxProcess+0x7c>
    5b40:	1fffc617          	auipc	a2,0x1fffc
    5b44:	34060613          	addi	a2,a2,832 # 20001e80 <bleClock_t>
    5b48:	4250                	lw	a2,4(a2)
    5b4a:	97b2                	add	a5,a5,a2
    5b4c:	b5dd                	j	5a32 <rf_rx_basic_rxProcess+0x8e>
    5b4e:	40e78733          	sub	a4,a5,a4
    5b52:	b709                	j	5a54 <rf_rx_basic_rxProcess+0xb0>
    5b54:	1fffc697          	auipc	a3,0x1fffc
    5b58:	32c68693          	addi	a3,a3,812 # 20001e80 <bleClock_t>
    5b5c:	42d4                	lw	a3,4(a3)
    5b5e:	9736                	add	a4,a4,a3
    5b60:	b709                	j	5a62 <rf_rx_basic_rxProcess+0xbe>
    5b62:	4c58                	lw	a4,28(s0)
    5b64:	02f76163          	bltu	a4,a5,5b86 <rf_rx_basic_rxProcess+0x1e2>
    5b68:	40f707b3          	sub	a5,a4,a5
    5b6c:	1fffc717          	auipc	a4,0x1fffc
    5b70:	4af72e23          	sw	a5,1212(a4) # 20002028 <rfInfo+0x8>
    5b74:	00c6c783          	lbu	a5,12(a3)
    5b78:	0807e793          	ori	a5,a5,128
    5b7c:	1fffc717          	auipc	a4,0x1fffc
    5b80:	4af70823          	sb	a5,1200(a4) # 2000202c <rfInfo+0xc>
    5b84:	b5ed                	j	5a6e <rf_rx_basic_rxProcess+0xca>
    5b86:	1fffc617          	auipc	a2,0x1fffc
    5b8a:	2fa60613          	addi	a2,a2,762 # 20001e80 <bleClock_t>
    5b8e:	4250                	lw	a2,4(a2)
    5b90:	9732                	add	a4,a4,a2
    5b92:	bfd9                	j	5b68 <rf_rx_basic_rxProcess+0x1c4>
    5b94:	0014c783          	lbu	a5,1(s1)
    5b98:	17f9                	addi	a5,a5,-2
    5b9a:	00f480a3          	sb	a5,1(s1)
    5b9e:	5048                	lw	a0,36(s0)
    5ba0:	4681                	li	a3,0
    5ba2:	4581                	li	a1,0
    5ba4:	00f10613          	addi	a2,sp,15
    5ba8:	f77fa0ef          	jal	ra,b1e <ble_ll_chkcrc>
    5bac:	505c                	lw	a5,36(s0)
    5bae:	01851593          	slli	a1,a0,0x18
    5bb2:	0ff00693          	li	a3,255
    5bb6:	0007c703          	lbu	a4,0(a5)
    5bba:	85e1                	srai	a1,a1,0x18
    5bbc:	00d70c63          	beq	a4,a3,5bd4 <rf_rx_basic_rxProcess+0x230>
    5bc0:	1fffc797          	auipc	a5,0x1fffc
    5bc4:	4637c783          	lbu	a5,1123(a5) # 20002023 <rfInfo+0x3>
    5bc8:	00d78663          	beq	a5,a3,5bd4 <rf_rx_basic_rxProcess+0x230>
    5bcc:	00f70463          	beq	a4,a5,5bd4 <rf_rx_basic_rxProcess+0x230>
    5bd0:	0025e593          	ori	a1,a1,2
    5bd4:	00090783          	lb	a5,0(s2)
    5bd8:	0007c763          	bltz	a5,5be6 <rf_rx_basic_rxProcess+0x242>
    5bdc:	e589                	bnez	a1,5be6 <rf_rx_basic_rxProcess+0x242>
    5bde:	00f14783          	lbu	a5,15(sp)
    5be2:	00f48023          	sb	a5,0(s1)
    5be6:	01092783          	lw	a5,16(s2)
    5bea:	5050                	lw	a2,36(s0)
    5bec:	0ff5f593          	zext.b	a1,a1
    5bf0:	450d                	li	a0,3
    5bf2:	9782                	jalr	a5
    5bf4:	40f2                	lw	ra,28(sp)
    5bf6:	4462                	lw	s0,24(sp)
    5bf8:	44d2                	lw	s1,20(sp)
    5bfa:	4942                	lw	s2,16(sp)
    5bfc:	6105                	addi	sp,sp,32
    5bfe:	8082                	ret
    5c00:	1fffc797          	auipc	a5,0x1fffc
    5c04:	3fc78793          	addi	a5,a5,1020 # 20001ffc <gptrLLEReg>
    5c08:	439c                	lw	a5,0(a5)
    5c0a:	53fc                	lw	a5,100(a5)
    5c0c:	ef99                	bnez	a5,5c2a <rf_rx_basic_rxProcess+0x286>
    5c0e:	aefff0ef          	jal	ra,56fc <rf_stop>
    5c12:	1fffc797          	auipc	a5,0x1fffc
    5c16:	22678793          	addi	a5,a5,550 # 20001e38 <ble>
    5c1a:	5bdc                	lw	a5,52(a5)
    5c1c:	ee078ee3          	beqz	a5,5b18 <rf_rx_basic_rxProcess+0x174>
    5c20:	4585                	li	a1,1
    5c22:	08100513          	li	a0,129
    5c26:	9782                	jalr	a5
    5c28:	bdc5                	j	5b18 <rf_rx_basic_rxProcess+0x174>
    5c2a:	00774783          	lbu	a5,7(a4)
    5c2e:	4721                	li	a4,8
    5c30:	fcf712e3          	bne	a4,a5,5bf4 <rf_rx_basic_rxProcess+0x250>
    5c34:	4785                	li	a5,1
    5c36:	82f18c23          	sb	a5,-1992(gp) # 200000c8 <tmosSign>
    5c3a:	bf6d                	j	5bf4 <rf_rx_basic_rxProcess+0x250>

00005c3c <rf_rx_auto_rxProcess>:
    5c3c:	7179                	addi	sp,sp,-48
    5c3e:	1fffc797          	auipc	a5,0x1fffc
    5c42:	3967c783          	lbu	a5,918(a5) # 20001fd4 <gBleIPPara>
    5c46:	d606                	sw	ra,44(sp)
    5c48:	d422                	sw	s0,40(sp)
    5c4a:	d226                	sw	s1,36(sp)
    5c4c:	d04a                	sw	s2,32(sp)
    5c4e:	ce4e                	sw	s3,28(sp)
    5c50:	cc52                	sw	s4,24(sp)
    5c52:	8b85                	andi	a5,a5,1
    5c54:	1fffc717          	auipc	a4,0x1fffc
    5c58:	38070713          	addi	a4,a4,896 # 20001fd4 <gBleIPPara>
    5c5c:	26078263          	beqz	a5,5ec0 <rf_rx_auto_rxProcess+0x284>
    5c60:	02472903          	lw	s2,36(a4)
    5c64:	4681                	li	a3,0
    5c66:	00f10613          	addi	a2,sp,15
    5c6a:	4581                	li	a1,0
    5c6c:	854a                	mv	a0,s2
    5c6e:	843a                	mv	s0,a4
    5c70:	000107a3          	sb	zero,15(sp)
    5c74:	1fffc797          	auipc	a5,0x1fffc
    5c78:	36078023          	sb	zero,864(a5) # 20001fd4 <gBleIPPara>
    5c7c:	ea3fa0ef          	jal	ra,b1e <ble_ll_chkcrc>
    5c80:	01851a13          	slli	s4,a0,0x18
    5c84:	418a5a13          	srai	s4,s4,0x18
    5c88:	020a1263          	bnez	s4,5cac <rf_rx_auto_rxProcess+0x70>
    5c8c:	1fffc797          	auipc	a5,0x1fffc
    5c90:	3977c783          	lbu	a5,919(a5) # 20002023 <rfInfo+0x3>
    5c94:	0ff00693          	li	a3,255
    5c98:	00d78a63          	beq	a5,a3,5cac <rf_rx_auto_rxProcess+0x70>
    5c9c:	5058                	lw	a4,36(s0)
    5c9e:	00074703          	lbu	a4,0(a4)
    5ca2:	00d70563          	beq	a4,a3,5cac <rf_rx_auto_rxProcess+0x70>
    5ca6:	00f70363          	beq	a4,a5,5cac <rf_rx_auto_rxProcess+0x70>
    5caa:	4a09                	li	s4,2
    5cac:	1fffc497          	auipc	s1,0x1fffc
    5cb0:	35448493          	addi	s1,s1,852 # 20002000 <rfConfig>
    5cb4:	00048783          	lb	a5,0(s1)
    5cb8:	1fffc997          	auipc	s3,0x1fffc
    5cbc:	36898993          	addi	s3,s3,872 # 20002020 <rfInfo>
    5cc0:	1407c663          	bltz	a5,5e0c <rf_rx_auto_rxProcess+0x1d0>
    5cc4:	140a1663          	bnez	s4,5e10 <rf_rx_auto_rxProcess+0x1d4>
    5cc8:	00f14783          	lbu	a5,15(sp)
    5ccc:	00f90023          	sb	a5,0(s2)
    5cd0:	00c9c783          	lbu	a5,12(s3)
    5cd4:	8b91                	andi	a5,a5,4
    5cd6:	cbd1                	beqz	a5,5d6a <rf_rx_auto_rxProcess+0x12e>
    5cd8:	4c5c                	lw	a5,28(s0)
    5cda:	470d                	li	a4,3
    5cdc:	16f77d63          	bgeu	a4,a5,5e56 <rf_rx_auto_rxProcess+0x21a>
    5ce0:	17f1                	addi	a5,a5,-4
    5ce2:	1fffc717          	auipc	a4,0x1fffc
    5ce6:	30f72723          	sw	a5,782(a4) # 20001ff0 <gBleIPPara+0x1c>
    5cea:	4c5c                	lw	a5,28(s0)
    5cec:	0089a703          	lw	a4,8(s3)
    5cf0:	16e7ea63          	bltu	a5,a4,5e64 <rf_rx_auto_rxProcess+0x228>
    5cf4:	40e78733          	sub	a4,a5,a4
    5cf8:	00194783          	lbu	a5,1(s2)
    5cfc:	00c9c683          	lbu	a3,12(s3)
    5d00:	97ca                	add	a5,a5,s2
    5d02:	0017c783          	lbu	a5,1(a5)
    5d06:	06e2                	slli	a3,a3,0x18
    5d08:	86e1                	srai	a3,a3,0x18
    5d0a:	078e                	slli	a5,a5,0x3
    5d0c:	1606dd63          	bgez	a3,5e86 <rf_rx_auto_rxProcess+0x24a>
    5d10:	16e7f163          	bgeu	a5,a4,5e72 <rf_rx_auto_rxProcess+0x236>
    5d14:	8f1d                	sub	a4,a4,a5
    5d16:	02000693          	li	a3,32
    5d1a:	00e6eb63          	bltu	a3,a4,5d30 <rf_rx_auto_rxProcess+0xf4>
    5d1e:	4c58                	lw	a4,28(s0)
    5d20:	14f76c63          	bltu	a4,a5,5e78 <rf_rx_auto_rxProcess+0x23c>
    5d24:	40f707b3          	sub	a5,a4,a5
    5d28:	1fffc717          	auipc	a4,0x1fffc
    5d2c:	30f72023          	sw	a5,768(a4) # 20002028 <rfInfo+0x8>
    5d30:	4589                	li	a1,2
    5d32:	1fffc517          	auipc	a0,0x1fffc
    5d36:	2fe54503          	lbu	a0,766(a0) # 20002030 <rfInfo+0x10>
    5d3a:	99dfe0ef          	jal	ra,46d6 <tmos_set_event>
    5d3e:	00194783          	lbu	a5,1(s2)
    5d42:	00f90733          	add	a4,s2,a5
    5d46:	00074683          	lbu	a3,0(a4)
    5d4a:	08000713          	li	a4,128
    5d4e:	16e69563          	bne	a3,a4,5eb8 <rf_rx_auto_rxProcess+0x27c>
    5d52:	501c                	lw	a5,32(s0)
    5d54:	0ff00713          	li	a4,255
    5d58:	c398                	sw	a4,0(a5)
    5d5a:	0004c783          	lbu	a5,0(s1)
    5d5e:	0087e793          	ori	a5,a5,8
    5d62:	1fffc717          	auipc	a4,0x1fffc
    5d66:	28f70f23          	sb	a5,670(a4) # 20002000 <rfConfig>
    5d6a:	1fffc797          	auipc	a5,0x1fffc
    5d6e:	2e678793          	addi	a5,a5,742 # 20002050 <gptrRFENDReg>
    5d72:	4398                	lw	a4,0(a5)
    5d74:	575c                	lw	a5,44(a4)
    5d76:	8385                	srli	a5,a5,0x1
    5d78:	8b85                	andi	a5,a5,1
    5d7a:	c3a1                	beqz	a5,5dba <rf_rx_auto_rxProcess+0x17e>
    5d7c:	40dc                	lw	a5,4(s1)
    5d7e:	65c1                	lui	a1,0x10
    5d80:	a0058593          	addi	a1,a1,-1536 # fa00 <_data_lma+0x80fc>
    5d84:	02b7d6b3          	divu	a3,a5,a1
    5d88:	fe100537          	lui	a0,0xfe100
    5d8c:	157d                	addi	a0,a0,-1 # fe0fffff <_eusrstack+0xde0effff>
    5d8e:	02b7f7b3          	remu	a5,a5,a1
    5d92:	8afd                	andi	a3,a3,31
    5d94:	01469613          	slli	a2,a3,0x14
    5d98:	4374                	lw	a3,68(a4)
    5d9a:	8ee9                	and	a3,a3,a0
    5d9c:	8ed1                	or	a3,a3,a2
    5d9e:	c374                	sw	a3,68(a4)
    5da0:	0fa00693          	li	a3,250
    5da4:	fffc0637          	lui	a2,0xfffc0
    5da8:	07aa                	slli	a5,a5,0xa
    5daa:	02d7d7b3          	divu	a5,a5,a3
    5dae:	4374                	lw	a3,68(a4)
    5db0:	8ef1                	and	a3,a3,a2
    5db2:	07ba                	slli	a5,a5,0xe
    5db4:	83b9                	srli	a5,a5,0xe
    5db6:	8fd5                	or	a5,a5,a3
    5db8:	c37c                	sw	a5,68(a4)
    5dba:	0049a783          	lw	a5,4(s3)
    5dbe:	1fffc517          	auipc	a0,0x1fffc
    5dc2:	24254503          	lbu	a0,578(a0) # 20002000 <rfConfig>
    5dc6:	8511                	srai	a0,a0,0x4
    5dc8:	0017c583          	lbu	a1,1(a5)
    5dcc:	890d                	andi	a0,a0,3
    5dce:	a88ff0ef          	jal	ra,5056 <BLE_SetPHYTxMode>
    5dd2:	00000517          	auipc	a0,0x0
    5dd6:	13250513          	addi	a0,a0,306 # 5f04 <rf_rx_auto_txProcess>
    5dda:	96ffa0ef          	jal	ra,748 <TMOS_SysRegister>
    5dde:	1fffc797          	auipc	a5,0x1fffc
    5de2:	1ea78793          	addi	a5,a5,490 # 20001fc8 <gptrBBReg>
    5de6:	439c                	lw	a5,0(a5)
    5de8:	008006b7          	lui	a3,0x800
    5dec:	4398                	lw	a4,0(a5)
    5dee:	8f55                	or	a4,a4,a3
    5df0:	c398                	sw	a4,0(a5)
    5df2:	57d8                	lw	a4,44(a5)
    5df4:	9b71                	andi	a4,a4,-4
    5df6:	d7d8                	sw	a4,44(a5)
    5df8:	0004c783          	lbu	a5,0(s1)
    5dfc:	8ba1                	andi	a5,a5,8
    5dfe:	e7a1                	bnez	a5,5e46 <rf_rx_auto_rxProcess+0x20a>
    5e00:	489c                	lw	a5,16(s1)
    5e02:	5050                	lw	a2,36(s0)
    5e04:	4581                	li	a1,0
    5e06:	450d                	li	a0,3
    5e08:	9782                	jalr	a5
    5e0a:	a835                	j	5e46 <rf_rx_auto_rxProcess+0x20a>
    5e0c:	ec0a02e3          	beqz	s4,5cd0 <rf_rx_auto_rxProcess+0x94>
    5e10:	d60ff0ef          	jal	ra,5370 <ble_ll_hw_api_shut>
    5e14:	489c                	lw	a5,16(s1)
    5e16:	5050                	lw	a2,36(s0)
    5e18:	450d                	li	a0,3
    5e1a:	0ffa7593          	zext.b	a1,s4
    5e1e:	9782                	jalr	a5
    5e20:	0049a503          	lw	a0,4(s3)
    5e24:	1fffc617          	auipc	a2,0x1fffc
    5e28:	1ff64603          	lbu	a2,511(a2) # 20002023 <rfInfo+0x3>
    5e2c:	1fffc697          	auipc	a3,0x1fffc
    5e30:	1f66c683          	lbu	a3,502(a3) # 20002022 <rfInfo+0x2>
    5e34:	c509                	beqz	a0,5e3e <rf_rx_auto_rxProcess+0x202>
    5e36:	00154583          	lbu	a1,1(a0)
    5e3a:	0509                	addi	a0,a0,2
    5e3c:	a019                	j	5e42 <rf_rx_auto_rxProcess+0x206>
    5e3e:	4581                	li	a1,0
    5e40:	4501                	li	a0,0
    5e42:	8d3ff0ef          	jal	ra,5714 <RF_Rx>
    5e46:	50b2                	lw	ra,44(sp)
    5e48:	5422                	lw	s0,40(sp)
    5e4a:	5492                	lw	s1,36(sp)
    5e4c:	5902                	lw	s2,32(sp)
    5e4e:	49f2                	lw	s3,28(sp)
    5e50:	4a62                	lw	s4,24(sp)
    5e52:	6145                	addi	sp,sp,48
    5e54:	8082                	ret
    5e56:	1fffc717          	auipc	a4,0x1fffc
    5e5a:	02a70713          	addi	a4,a4,42 # 20001e80 <bleClock_t>
    5e5e:	4358                	lw	a4,4(a4)
    5e60:	97ba                	add	a5,a5,a4
    5e62:	bdbd                	j	5ce0 <rf_rx_auto_rxProcess+0xa4>
    5e64:	1fffc697          	auipc	a3,0x1fffc
    5e68:	01c68693          	addi	a3,a3,28 # 20001e80 <bleClock_t>
    5e6c:	42d4                	lw	a3,4(a3)
    5e6e:	97b6                	add	a5,a5,a3
    5e70:	b551                	j	5cf4 <rf_rx_auto_rxProcess+0xb8>
    5e72:	40e78733          	sub	a4,a5,a4
    5e76:	b545                	j	5d16 <rf_rx_auto_rxProcess+0xda>
    5e78:	1fffc697          	auipc	a3,0x1fffc
    5e7c:	00868693          	addi	a3,a3,8 # 20001e80 <bleClock_t>
    5e80:	42d4                	lw	a3,4(a3)
    5e82:	9736                	add	a4,a4,a3
    5e84:	b545                	j	5d24 <rf_rx_auto_rxProcess+0xe8>
    5e86:	4c58                	lw	a4,28(s0)
    5e88:	02f76163          	bltu	a4,a5,5eaa <rf_rx_auto_rxProcess+0x26e>
    5e8c:	40f707b3          	sub	a5,a4,a5
    5e90:	1fffc717          	auipc	a4,0x1fffc
    5e94:	18f72c23          	sw	a5,408(a4) # 20002028 <rfInfo+0x8>
    5e98:	00c9c783          	lbu	a5,12(s3)
    5e9c:	0807e793          	ori	a5,a5,128
    5ea0:	1fffc717          	auipc	a4,0x1fffc
    5ea4:	18f70623          	sb	a5,396(a4) # 2000202c <rfInfo+0xc>
    5ea8:	b561                	j	5d30 <rf_rx_auto_rxProcess+0xf4>
    5eaa:	1fffc697          	auipc	a3,0x1fffc
    5eae:	fd668693          	addi	a3,a3,-42 # 20001e80 <bleClock_t>
    5eb2:	42d4                	lw	a3,4(a3)
    5eb4:	9736                	add	a4,a4,a3
    5eb6:	bfd9                	j	5e8c <rf_rx_auto_rxProcess+0x250>
    5eb8:	17f9                	addi	a5,a5,-2
    5eba:	00f900a3          	sb	a5,1(s2)
    5ebe:	b575                	j	5d6a <rf_rx_auto_rxProcess+0x12e>
    5ec0:	1fffc797          	auipc	a5,0x1fffc
    5ec4:	13c78793          	addi	a5,a5,316 # 20001ffc <gptrLLEReg>
    5ec8:	439c                	lw	a5,0(a5)
    5eca:	53fc                	lw	a5,100(a5)
    5ecc:	e39d                	bnez	a5,5ef2 <rf_rx_auto_rxProcess+0x2b6>
    5ece:	82fff0ef          	jal	ra,56fc <rf_stop>
    5ed2:	1fffc797          	auipc	a5,0x1fffc
    5ed6:	f6678793          	addi	a5,a5,-154 # 20001e38 <ble>
    5eda:	5bdc                	lw	a5,52(a5)
    5edc:	c789                	beqz	a5,5ee6 <rf_rx_auto_rxProcess+0x2aa>
    5ede:	4589                	li	a1,2
    5ee0:	08100513          	li	a0,129
    5ee4:	9782                	jalr	a5
    5ee6:	1fffc797          	auipc	a5,0x1fffc
    5eea:	13a78793          	addi	a5,a5,314 # 20002020 <rfInfo>
    5eee:	43c8                	lw	a0,4(a5)
    5ef0:	bf15                	j	5e24 <rf_rx_auto_rxProcess+0x1e8>
    5ef2:	00774783          	lbu	a5,7(a4)
    5ef6:	4721                	li	a4,8
    5ef8:	f4f717e3          	bne	a4,a5,5e46 <rf_rx_auto_rxProcess+0x20a>
    5efc:	4785                	li	a5,1
    5efe:	82f18c23          	sb	a5,-1992(gp) # 200000c8 <tmosSign>
    5f02:	b791                	j	5e46 <rf_rx_auto_rxProcess+0x20a>

00005f04 <rf_rx_auto_txProcess>:
    5f04:	1141                	addi	sp,sp,-16
    5f06:	1fffc797          	auipc	a5,0x1fffc
    5f0a:	0cf7c783          	lbu	a5,207(a5) # 20001fd5 <gBleIPPara+0x1>
    5f0e:	c606                	sw	ra,12(sp)
    5f10:	c422                	sw	s0,8(sp)
    5f12:	8b85                	andi	a5,a5,1
    5f14:	cb8d                	beqz	a5,5f46 <rf_rx_auto_txProcess+0x42>
    5f16:	1fffc797          	auipc	a5,0x1fffc
    5f1a:	0a078fa3          	sb	zero,191(a5) # 20001fd5 <gBleIPPara+0x1>
    5f1e:	fdeff0ef          	jal	ra,56fc <rf_stop>
    5f22:	1fffc797          	auipc	a5,0x1fffc
    5f26:	0de78793          	addi	a5,a5,222 # 20002000 <rfConfig>
    5f2a:	0007c703          	lbu	a4,0(a5)
    5f2e:	843e                	mv	s0,a5
    5f30:	8b21                	andi	a4,a4,8
    5f32:	e321                	bnez	a4,5f72 <rf_rx_auto_txProcess+0x6e>
    5f34:	0107a303          	lw	t1,16(a5)
    5f38:	4601                	li	a2,0
    5f3a:	4581                	li	a1,0
    5f3c:	4511                	li	a0,4
    5f3e:	4422                	lw	s0,8(sp)
    5f40:	40b2                	lw	ra,12(sp)
    5f42:	0141                	addi	sp,sp,16
    5f44:	8302                	jr	t1
    5f46:	1fffc797          	auipc	a5,0x1fffc
    5f4a:	0b678793          	addi	a5,a5,182 # 20001ffc <gptrLLEReg>
    5f4e:	439c                	lw	a5,0(a5)
    5f50:	53fc                	lw	a5,100(a5)
    5f52:	e3ad                	bnez	a5,5fb4 <rf_rx_auto_txProcess+0xb0>
    5f54:	1fffc797          	auipc	a5,0x1fffc
    5f58:	0ac78793          	addi	a5,a5,172 # 20002000 <rfConfig>
    5f5c:	0007c703          	lbu	a4,0(a5)
    5f60:	843e                	mv	s0,a5
    5f62:	8b21                	andi	a4,a4,8
    5f64:	e719                	bnez	a4,5f72 <rf_rx_auto_txProcess+0x6e>
    5f66:	0107a303          	lw	t1,16(a5)
    5f6a:	4601                	li	a2,0
    5f6c:	4581                	li	a1,0
    5f6e:	4551                	li	a0,20
    5f70:	b7f9                	j	5f3e <rf_rx_auto_txProcess+0x3a>
    5f72:	1fffc797          	auipc	a5,0x1fffc
    5f76:	0ae78793          	addi	a5,a5,174 # 20002020 <rfInfo>
    5f7a:	43c8                	lw	a0,4(a5)
    5f7c:	1fffc617          	auipc	a2,0x1fffc
    5f80:	0a764603          	lbu	a2,167(a2) # 20002023 <rfInfo+0x3>
    5f84:	1fffc697          	auipc	a3,0x1fffc
    5f88:	09e6c683          	lbu	a3,158(a3) # 20002022 <rfInfo+0x2>
    5f8c:	c10d                	beqz	a0,5fae <rf_rx_auto_txProcess+0xaa>
    5f8e:	00154583          	lbu	a1,1(a0)
    5f92:	0509                	addi	a0,a0,2
    5f94:	f80ff0ef          	jal	ra,5714 <RF_Rx>
    5f98:	00044783          	lbu	a5,0(s0)
    5f9c:	9bdd                	andi	a5,a5,-9
    5f9e:	1fffc717          	auipc	a4,0x1fffc
    5fa2:	06f70123          	sb	a5,98(a4) # 20002000 <rfConfig>
    5fa6:	40b2                	lw	ra,12(sp)
    5fa8:	4422                	lw	s0,8(sp)
    5faa:	0141                	addi	sp,sp,16
    5fac:	8082                	ret
    5fae:	4581                	li	a1,0
    5fb0:	4501                	li	a0,0
    5fb2:	b7cd                	j	5f94 <rf_rx_auto_txProcess+0x90>
    5fb4:	4785                	li	a5,1
    5fb6:	82f18c23          	sb	a5,-1992(gp) # 200000c8 <tmosSign>
    5fba:	b7f5                	j	5fa6 <rf_rx_auto_txProcess+0xa2>

00005fbc <RFEND_RXFilter>:
    5fbc:	1fffc717          	auipc	a4,0x1fffc
    5fc0:	09470713          	addi	a4,a4,148 # 20002050 <gptrRFENDReg>
    5fc4:	431c                	lw	a5,0(a4)
    5fc6:	7641                	lui	a2,0xffff0
    5fc8:	167d                	addi	a2,a2,-1 # fffeffff <_eusrstack+0xdffdffff>
    5fca:	4bb4                	lw	a3,80(a5)
    5fcc:	8ef1                	and	a3,a3,a2
    5fce:	cbb4                	sw	a3,80(a5)
    5fd0:	4794                	lw	a3,8(a5)
    5fd2:	00200637          	lui	a2,0x200
    5fd6:	8ed1                	or	a3,a3,a2
    5fd8:	c794                	sw	a3,8(a5)
    5fda:	47d4                	lw	a3,12(a5)
    5fdc:	0106e693          	ori	a3,a3,16
    5fe0:	c7d4                	sw	a3,12(a5)
    5fe2:	47d4                	lw	a3,12(a5)
    5fe4:	9abd                	andi	a3,a3,-17
    5fe6:	c7d4                	sw	a3,12(a5)
    5fe8:	0001                	nop
    5fea:	0001                	nop
    5fec:	0001                	nop
    5fee:	0001                	nop
    5ff0:	4314                	lw	a3,0(a4)
    5ff2:	6605                	lui	a2,0x1
    5ff4:	46dc                	lw	a5,12(a3)
    5ff6:	0107e793          	ori	a5,a5,16
    5ffa:	c6dc                	sw	a5,12(a3)
    5ffc:	42dc                	lw	a5,4(a3)
    5ffe:	8fd1                	or	a5,a5,a2
    6000:	c2dc                	sw	a5,4(a3)
    6002:	1fffc797          	auipc	a5,0x1fffc
    6006:	ffa78793          	addi	a5,a5,-6 # 20001ffc <gptrLLEReg>
    600a:	4390                	lw	a2,0(a5)
    600c:	05000793          	li	a5,80
    6010:	d27c                	sw	a5,100(a2)
    6012:	527c                	lw	a5,100(a2)
    6014:	c791                	beqz	a5,6020 <RFEND_RXFilter+0x64>
    6016:	09c6a783          	lw	a5,156(a3)
    601a:	83a1                	srli	a5,a5,0x8
    601c:	8b85                	andi	a5,a5,1
    601e:	dbf5                	beqz	a5,6012 <RFEND_RXFilter+0x56>
    6020:	0001                	nop
    6022:	0001                	nop
    6024:	0001                	nop
    6026:	0001                	nop
    6028:	431c                	lw	a5,0(a4)
    602a:	6641                	lui	a2,0x10
    602c:	09c7a703          	lw	a4,156(a5)
    6030:	4bb4                	lw	a3,80(a5)
    6032:	8ed1                	or	a3,a3,a2
    6034:	cbb4                	sw	a3,80(a5)
    6036:	01f77693          	andi	a3,a4,31
    603a:	4bb8                	lw	a4,80(a5)
    603c:	9b01                	andi	a4,a4,-32
    603e:	8f55                	or	a4,a4,a3
    6040:	cbb8                	sw	a4,80(a5)
    6042:	4798                	lw	a4,8(a5)
    6044:	ffe006b7          	lui	a3,0xffe00
    6048:	16fd                	addi	a3,a3,-1 # ffdfffff <_eusrstack+0xdfdeffff>
    604a:	8f75                	and	a4,a4,a3
    604c:	c798                	sw	a4,8(a5)
    604e:	8082                	ret

00006050 <RFEND_RXAdc>:
    6050:	1fffc797          	auipc	a5,0x1fffc
    6054:	00078793          	mv	a5,a5
    6058:	439c                	lw	a5,0(a5)
    605a:	7741                	lui	a4,0xffff0
    605c:	177d                	addi	a4,a4,-1 # fffeffff <_eusrstack+0xdffdffff>
    605e:	4fb4                	lw	a3,88(a5)
    6060:	6641                	lui	a2,0x10
    6062:	8ef9                	and	a3,a3,a4
    6064:	cfb4                	sw	a3,88(a5)
    6066:	4794                	lw	a3,8(a5)
    6068:	8ed1                	or	a3,a3,a2
    606a:	c794                	sw	a3,8(a5)
    606c:	47d4                	lw	a3,12(a5)
    606e:	eff6f693          	andi	a3,a3,-257
    6072:	c7d4                	sw	a3,12(a5)
    6074:	43d4                	lw	a3,4(a5)
    6076:	8f75                	and	a4,a4,a3
    6078:	c3d8                	sw	a4,4(a5)
    607a:	47d4                	lw	a3,12(a5)
    607c:	1006e693          	ori	a3,a3,256
    6080:	c7d4                	sw	a3,12(a5)
    6082:	43d8                	lw	a4,4(a5)
    6084:	8f51                	or	a4,a4,a2
    6086:	c3d8                	sw	a4,4(a5)
    6088:	8082                	ret

0000608a <RFEND_TXCtune>:
    608a:	7139                	addi	sp,sp,-64
    608c:	dc22                	sw	s0,56(sp)
    608e:	1fffc417          	auipc	s0,0x1fffc
    6092:	fc240413          	addi	s0,s0,-62 # 20002050 <gptrRFENDReg>
    6096:	401c                	lw	a5,0(s0)
    6098:	de06                	sw	ra,60(sp)
    609a:	da26                	sw	s1,52(sp)
    609c:	d84a                	sw	s2,48(sp)
    609e:	d64e                	sw	s3,44(sp)
    60a0:	d452                	sw	s4,40(sp)
    60a2:	d256                	sw	s5,36(sp)
    60a4:	d05a                	sw	s6,32(sp)
    60a6:	ce5e                	sw	s7,28(sp)
    60a8:	cc62                	sw	s8,24(sp)
    60aa:	ca66                	sw	s9,20(sp)
    60ac:	c86a                	sw	s10,16(sp)
    60ae:	c66e                	sw	s11,12(sp)
    60b0:	43d8                	lw	a4,4(a5)
    60b2:	76fd                	lui	a3,0xfffff
    60b4:	16fd                	addi	a3,a3,-1 # ffffefff <_eusrstack+0xdffeefff>
    60b6:	eff77713          	andi	a4,a4,-257
    60ba:	c3d8                	sw	a4,4(a5)
    60bc:	5798                	lw	a4,40(a5)
    60be:	8f75                	and	a4,a4,a3
    60c0:	d798                	sw	a4,40(a5)
    60c2:	57d8                	lw	a4,44(a5)
    60c4:	000206b7          	lui	a3,0x20
    60c8:	9b3d                	andi	a4,a4,-17
    60ca:	d7d8                	sw	a4,44(a5)
    60cc:	4798                	lw	a4,8(a5)
    60ce:	8f55                	or	a4,a4,a3
    60d0:	c798                	sw	a4,8(a5)
    60d2:	43d8                	lw	a4,4(a5)
    60d4:	01076713          	ori	a4,a4,16
    60d8:	c3d8                	sw	a4,4(a5)
    60da:	1fffc717          	auipc	a4,0x1fffc
    60de:	f6e70713          	addi	a4,a4,-146 # 20002048 <ftuneFlag>
    60e2:	4314                	lw	a3,0(a4)
    60e4:	12345737          	lui	a4,0x12345
    60e8:	67870713          	addi	a4,a4,1656 # 12345678 <_data_lma+0x1233dd74>
    60ec:	4ae689e3          	beq	a3,a4,6d9e <RFEND_TXCtune+0xd14>
    60f0:	43d8                	lw	a4,4(a5)
    60f2:	7481                	lui	s1,0xfffe0
    60f4:	0ff48493          	addi	s1,s1,255 # fffe00ff <_eusrstack+0xdffd00ff>
    60f8:	9b79                	andi	a4,a4,-2
    60fa:	c3d8                	sw	a4,4(a5)
    60fc:	5f98                	lw	a4,56(a5)
    60fe:	66b1                	lui	a3,0xc
    6100:	f0068693          	addi	a3,a3,-256 # bf00 <_data_lma+0x45fc>
    6104:	8f65                	and	a4,a4,s1
    6106:	8f55                	or	a4,a4,a3
    6108:	df98                	sw	a4,56(a5)
    610a:	43d8                	lw	a4,4(a5)
    610c:	00176713          	ori	a4,a4,1
    6110:	c3d8                	sw	a4,4(a5)
    6112:	8a8fb0ef          	jal	ra,11ba <RFEND_WaitTune>
    6116:	401c                	lw	a5,0(s0)
    6118:	0907a703          	lw	a4,144(a5) # 200020e0 <_ebss+0xc>
    611c:	03f77713          	andi	a4,a4,63
    6120:	82e18d23          	sb	a4,-1990(gp) # 200000ca <nCO2401>
    6124:	0947a703          	lw	a4,148(a5)
    6128:	8329                	srli	a4,a4,0xa
    612a:	07f77713          	andi	a4,a4,127
    612e:	82e18da3          	sb	a4,-1989(gp) # 200000cb <nGA2401>
    6132:	43d8                	lw	a4,4(a5)
    6134:	66b9                	lui	a3,0xe
    6136:	70068693          	addi	a3,a3,1792 # e700 <_data_lma+0x6dfc>
    613a:	9b79                	andi	a4,a4,-2
    613c:	c3d8                	sw	a4,4(a5)
    613e:	5f98                	lw	a4,56(a5)
    6140:	8f65                	and	a4,a4,s1
    6142:	8f55                	or	a4,a4,a3
    6144:	df98                	sw	a4,56(a5)
    6146:	43d8                	lw	a4,4(a5)
    6148:	00176713          	ori	a4,a4,1
    614c:	c3d8                	sw	a4,4(a5)
    614e:	86cfb0ef          	jal	ra,11ba <RFEND_WaitTune>
    6152:	401c                	lw	a5,0(s0)
    6154:	0907a703          	lw	a4,144(a5)
    6158:	03f77713          	andi	a4,a4,63
    615c:	1fffc697          	auipc	a3,0x1fffc
    6160:	eee68ca3          	sb	a4,-263(a3) # 20002055 <nCO2480>
    6164:	0947a703          	lw	a4,148(a5)
    6168:	8329                	srli	a4,a4,0xa
    616a:	07f77713          	andi	a4,a4,127
    616e:	1fffc697          	auipc	a3,0x1fffc
    6172:	ece68f23          	sb	a4,-290(a3) # 2000204c <nGA2480>
    6176:	43d8                	lw	a4,4(a5)
    6178:	66b5                	lui	a3,0xd
    617a:	30068693          	addi	a3,a3,768 # d300 <_data_lma+0x59fc>
    617e:	9b79                	andi	a4,a4,-2
    6180:	c3d8                	sw	a4,4(a5)
    6182:	5f98                	lw	a4,56(a5)
    6184:	8f65                	and	a4,a4,s1
    6186:	8f55                	or	a4,a4,a3
    6188:	df98                	sw	a4,56(a5)
    618a:	43d8                	lw	a4,4(a5)
    618c:	00176713          	ori	a4,a4,1
    6190:	c3d8                	sw	a4,4(a5)
    6192:	828fb0ef          	jal	ra,11ba <RFEND_WaitTune>
    6196:	4018                	lw	a4,0(s0)
    6198:	09072783          	lw	a5,144(a4)
    619c:	03f7f793          	andi	a5,a5,63
    61a0:	1fffc697          	auipc	a3,0x1fffc
    61a4:	eaf68a23          	sb	a5,-332(a3) # 20002054 <nCO2440>
    61a8:	09472783          	lw	a5,148(a4)
    61ac:	83a9                	srli	a5,a5,0xa
    61ae:	07f7f793          	andi	a5,a5,127
    61b2:	1fffc717          	auipc	a4,0x1fffc
    61b6:	e8f70923          	sb	a5,-366(a4) # 20002044 <nGA2440>
    61ba:	401c                	lw	a5,0(s0)
    61bc:	1fffcc17          	auipc	s8,0x1fffc
    61c0:	e98c4c03          	lbu	s8,-360(s8) # 20002054 <nCO2440>
    61c4:	83a1c683          	lbu	a3,-1990(gp) # 200000ca <nCO2401>
    61c8:	0a07a703          	lw	a4,160(a5)
    61cc:	418686b3          	sub	a3,a3,s8
    61d0:	00f6f613          	andi	a2,a3,15
    61d4:	9b41                	andi	a4,a4,-16
    61d6:	8f51                	or	a4,a4,a2
    61d8:	0ae7a023          	sw	a4,160(a5)
    61dc:	02600713          	li	a4,38
    61e0:	02e68733          	mul	a4,a3,a4
    61e4:	02700613          	li	a2,39
    61e8:	0a07a583          	lw	a1,160(a5)
    61ec:	7e7d                	lui	t3,0xfffff
    61ee:	0ffe0e13          	addi	t3,t3,255 # fffff0ff <_eusrstack+0xdffef0ff>
    61f2:	f0f5f593          	andi	a1,a1,-241
    61f6:	02400513          	li	a0,36
    61fa:	7345                	lui	t1,0xffff1
    61fc:	137d                	addi	t1,t1,-1 # ffff0fff <_eusrstack+0xdffe0fff>
    61fe:	02300413          	li	s0,35
    6202:	02c74733          	div	a4,a4,a2
    6206:	fff108b7          	lui	a7,0xfff10
    620a:	18fd                	addi	a7,a7,-1 # fff0ffff <_eusrstack+0xdfefffff>
    620c:	02200813          	li	a6,34
    6210:	02100e93          	li	t4,33
    6214:	4f7d                	li	t5,31
    6216:	4ff9                	li	t6,30
    6218:	42f5                	li	t0,29
    621a:	43f1                	li	t2,28
    621c:	4d6d                	li	s10,27
    621e:	4bd1                	li	s7,20
    6220:	4b45                	li	s6,17
    6222:	44bd                	li	s1,15
    6224:	4939                	li	s2,14
    6226:	4a31                	li	s4,12
    6228:	4aad                	li	s5,11
    622a:	49b5                	li	s3,13
    622c:	8b3d                	andi	a4,a4,15
    622e:	0712                	slli	a4,a4,0x4
    6230:	8f4d                	or	a4,a4,a1
    6232:	02500593          	li	a1,37
    6236:	0ae7a023          	sw	a4,160(a5)
    623a:	02b68733          	mul	a4,a3,a1
    623e:	0a07a583          	lw	a1,160(a5)
    6242:	01c5f5b3          	and	a1,a1,t3
    6246:	02c74733          	div	a4,a4,a2
    624a:	8b3d                	andi	a4,a4,15
    624c:	0722                	slli	a4,a4,0x8
    624e:	8f4d                	or	a4,a4,a1
    6250:	0ae7a023          	sw	a4,160(a5)
    6254:	02a68733          	mul	a4,a3,a0
    6258:	0a07a583          	lw	a1,160(a5)
    625c:	f1000537          	lui	a0,0xf1000
    6260:	157d                	addi	a0,a0,-1 # f0ffffff <_eusrstack+0xd0feffff>
    6262:	0065f5b3          	and	a1,a1,t1
    6266:	02c74733          	div	a4,a4,a2
    626a:	8b3d                	andi	a4,a4,15
    626c:	0732                	slli	a4,a4,0xc
    626e:	8f4d                	or	a4,a4,a1
    6270:	0ae7a023          	sw	a4,160(a5)
    6274:	02868733          	mul	a4,a3,s0
    6278:	0a07a583          	lw	a1,160(a5)
    627c:	4461                	li	s0,24
    627e:	0115f5b3          	and	a1,a1,a7
    6282:	02c74733          	div	a4,a4,a2
    6286:	8b3d                	andi	a4,a4,15
    6288:	0742                	slli	a4,a4,0x10
    628a:	8f4d                	or	a4,a4,a1
    628c:	0ae7a023          	sw	a4,160(a5)
    6290:	03068733          	mul	a4,a3,a6
    6294:	0a07a583          	lw	a1,160(a5)
    6298:	ff100837          	lui	a6,0xff100
    629c:	187d                	addi	a6,a6,-1 # ff0fffff <_eusrstack+0xdf0effff>
    629e:	0105f5b3          	and	a1,a1,a6
    62a2:	02c74733          	div	a4,a4,a2
    62a6:	8b3d                	andi	a4,a4,15
    62a8:	0752                	slli	a4,a4,0x14
    62aa:	8f4d                	or	a4,a4,a1
    62ac:	0ae7a023          	sw	a4,160(a5)
    62b0:	03d68733          	mul	a4,a3,t4
    62b4:	0a07a583          	lw	a1,160(a5)
    62b8:	10000eb7          	lui	t4,0x10000
    62bc:	1efd                	addi	t4,t4,-1 # fffffff <_data_lma+0xfff86fb>
    62be:	8de9                	and	a1,a1,a0
    62c0:	02c74733          	div	a4,a4,a2
    62c4:	8b3d                	andi	a4,a4,15
    62c6:	0762                	slli	a4,a4,0x18
    62c8:	8f4d                	or	a4,a4,a1
    62ca:	0ae7a023          	sw	a4,160(a5)
    62ce:	00569713          	slli	a4,a3,0x5
    62d2:	02c74733          	div	a4,a4,a2
    62d6:	01c71593          	slli	a1,a4,0x1c
    62da:	0a07a703          	lw	a4,160(a5)
    62de:	01d77733          	and	a4,a4,t4
    62e2:	8f4d                	or	a4,a4,a1
    62e4:	0ae7a023          	sw	a4,160(a5)
    62e8:	03e68733          	mul	a4,a3,t5
    62ec:	4f5d                	li	t5,23
    62ee:	02c74733          	div	a4,a4,a2
    62f2:	00f77593          	andi	a1,a4,15
    62f6:	0a47a703          	lw	a4,164(a5)
    62fa:	9b41                	andi	a4,a4,-16
    62fc:	8f4d                	or	a4,a4,a1
    62fe:	0ae7a223          	sw	a4,164(a5)
    6302:	03f68733          	mul	a4,a3,t6
    6306:	0a47a583          	lw	a1,164(a5)
    630a:	4fd9                	li	t6,22
    630c:	f0f5f593          	andi	a1,a1,-241
    6310:	02c74733          	div	a4,a4,a2
    6314:	8b3d                	andi	a4,a4,15
    6316:	0712                	slli	a4,a4,0x4
    6318:	8f4d                	or	a4,a4,a1
    631a:	0ae7a223          	sw	a4,164(a5)
    631e:	02568733          	mul	a4,a3,t0
    6322:	0a47a583          	lw	a1,164(a5)
    6326:	42d5                	li	t0,21
    6328:	01c5f5b3          	and	a1,a1,t3
    632c:	02c74733          	div	a4,a4,a2
    6330:	8b3d                	andi	a4,a4,15
    6332:	0722                	slli	a4,a4,0x8
    6334:	8f4d                	or	a4,a4,a1
    6336:	0ae7a223          	sw	a4,164(a5)
    633a:	02768733          	mul	a4,a3,t2
    633e:	0a47a583          	lw	a1,164(a5)
    6342:	43cd                	li	t2,19
    6344:	0065f5b3          	and	a1,a1,t1
    6348:	02c74733          	div	a4,a4,a2
    634c:	8b3d                	andi	a4,a4,15
    634e:	0732                	slli	a4,a4,0xc
    6350:	8f4d                	or	a4,a4,a1
    6352:	0ae7a223          	sw	a4,164(a5)
    6356:	03a68733          	mul	a4,a3,s10
    635a:	0a47a583          	lw	a1,164(a5)
    635e:	4d49                	li	s10,18
    6360:	0115f5b3          	and	a1,a1,a7
    6364:	02c74733          	div	a4,a4,a2
    6368:	8b3d                	andi	a4,a4,15
    636a:	0742                	slli	a4,a4,0x10
    636c:	8f4d                	or	a4,a4,a1
    636e:	0ae7a223          	sw	a4,164(a5)
    6372:	4769                	li	a4,26
    6374:	02e68733          	mul	a4,a3,a4
    6378:	0a47a583          	lw	a1,164(a5)
    637c:	0105f5b3          	and	a1,a1,a6
    6380:	02c74733          	div	a4,a4,a2
    6384:	8b3d                	andi	a4,a4,15
    6386:	0752                	slli	a4,a4,0x14
    6388:	8f4d                	or	a4,a4,a1
    638a:	45e5                	li	a1,25
    638c:	0ae7a223          	sw	a4,164(a5)
    6390:	02b68733          	mul	a4,a3,a1
    6394:	0a47a583          	lw	a1,164(a5)
    6398:	8de9                	and	a1,a1,a0
    639a:	02c74733          	div	a4,a4,a2
    639e:	8b3d                	andi	a4,a4,15
    63a0:	0762                	slli	a4,a4,0x18
    63a2:	8f4d                	or	a4,a4,a1
    63a4:	0ae7a223          	sw	a4,164(a5)
    63a8:	02868733          	mul	a4,a3,s0
    63ac:	440d                	li	s0,3
    63ae:	02c74733          	div	a4,a4,a2
    63b2:	01c71593          	slli	a1,a4,0x1c
    63b6:	0a47a703          	lw	a4,164(a5)
    63ba:	01d77733          	and	a4,a4,t4
    63be:	8f4d                	or	a4,a4,a1
    63c0:	0ae7a223          	sw	a4,164(a5)
    63c4:	03e68733          	mul	a4,a3,t5
    63c8:	4f25                	li	t5,9
    63ca:	02c74733          	div	a4,a4,a2
    63ce:	00f77593          	andi	a1,a4,15
    63d2:	0a87a703          	lw	a4,168(a5)
    63d6:	9b41                	andi	a4,a4,-16
    63d8:	8f4d                	or	a4,a4,a1
    63da:	0ae7a423          	sw	a4,168(a5)
    63de:	03f68733          	mul	a4,a3,t6
    63e2:	0a87a583          	lw	a1,168(a5)
    63e6:	4f9d                	li	t6,7
    63e8:	f0f5f593          	andi	a1,a1,-241
    63ec:	02c74733          	div	a4,a4,a2
    63f0:	8b3d                	andi	a4,a4,15
    63f2:	0712                	slli	a4,a4,0x4
    63f4:	8f4d                	or	a4,a4,a1
    63f6:	0ae7a423          	sw	a4,168(a5)
    63fa:	02568733          	mul	a4,a3,t0
    63fe:	0a87a583          	lw	a1,168(a5)
    6402:	4299                	li	t0,6
    6404:	01c5f5b3          	and	a1,a1,t3
    6408:	02c74733          	div	a4,a4,a2
    640c:	8b3d                	andi	a4,a4,15
    640e:	0722                	slli	a4,a4,0x8
    6410:	8f4d                	or	a4,a4,a1
    6412:	0ae7a423          	sw	a4,168(a5)
    6416:	03768733          	mul	a4,a3,s7
    641a:	0a87a583          	lw	a1,168(a5)
    641e:	0065f5b3          	and	a1,a1,t1
    6422:	02c74733          	div	a4,a4,a2
    6426:	8b3d                	andi	a4,a4,15
    6428:	0732                	slli	a4,a4,0xc
    642a:	8f4d                	or	a4,a4,a1
    642c:	0ae7a423          	sw	a4,168(a5)
    6430:	02768733          	mul	a4,a3,t2
    6434:	0a87a583          	lw	a1,168(a5)
    6438:	4395                	li	t2,5
    643a:	0115f5b3          	and	a1,a1,a7
    643e:	02c74733          	div	a4,a4,a2
    6442:	8b3d                	andi	a4,a4,15
    6444:	0742                	slli	a4,a4,0x10
    6446:	8f4d                	or	a4,a4,a1
    6448:	0ae7a423          	sw	a4,168(a5)
    644c:	03a68733          	mul	a4,a3,s10
    6450:	0a87a583          	lw	a1,168(a5)
    6454:	4d29                	li	s10,10
    6456:	0105f5b3          	and	a1,a1,a6
    645a:	02c74733          	div	a4,a4,a2
    645e:	8b3d                	andi	a4,a4,15
    6460:	0752                	slli	a4,a4,0x14
    6462:	8f4d                	or	a4,a4,a1
    6464:	0ae7a423          	sw	a4,168(a5)
    6468:	03668733          	mul	a4,a3,s6
    646c:	0a87a583          	lw	a1,168(a5)
    6470:	8de9                	and	a1,a1,a0
    6472:	02c74733          	div	a4,a4,a2
    6476:	8b3d                	andi	a4,a4,15
    6478:	0762                	slli	a4,a4,0x18
    647a:	8f4d                	or	a4,a4,a1
    647c:	00469593          	slli	a1,a3,0x4
    6480:	02c5c5b3          	div	a1,a1,a2
    6484:	0ae7a423          	sw	a4,168(a5)
    6488:	0a87a703          	lw	a4,168(a5)
    648c:	01d77733          	and	a4,a4,t4
    6490:	05f2                	slli	a1,a1,0x1c
    6492:	8f4d                	or	a4,a4,a1
    6494:	029685b3          	mul	a1,a3,s1
    6498:	0ae7a423          	sw	a4,168(a5)
    649c:	0ac7a703          	lw	a4,172(a5)
    64a0:	9b41                	andi	a4,a4,-16
    64a2:	02c5c5b3          	div	a1,a1,a2
    64a6:	89bd                	andi	a1,a1,15
    64a8:	8f4d                	or	a4,a4,a1
    64aa:	0ae7a623          	sw	a4,172(a5)
    64ae:	03268733          	mul	a4,a3,s2
    64b2:	0ac7a583          	lw	a1,172(a5)
    64b6:	f0f5f593          	andi	a1,a1,-241
    64ba:	02c74733          	div	a4,a4,a2
    64be:	8b3d                	andi	a4,a4,15
    64c0:	0712                	slli	a4,a4,0x4
    64c2:	8f4d                	or	a4,a4,a1
    64c4:	0286c5b3          	div	a1,a3,s0
    64c8:	0ae7a623          	sw	a4,172(a5)
    64cc:	0ac7a703          	lw	a4,172(a5)
    64d0:	01c77733          	and	a4,a4,t3
    64d4:	89bd                	andi	a1,a1,15
    64d6:	05a2                	slli	a1,a1,0x8
    64d8:	8f4d                	or	a4,a4,a1
    64da:	0ae7a623          	sw	a4,172(a5)
    64de:	03468733          	mul	a4,a3,s4
    64e2:	0ac7a583          	lw	a1,172(a5)
    64e6:	0065f5b3          	and	a1,a1,t1
    64ea:	02c74733          	div	a4,a4,a2
    64ee:	8b3d                	andi	a4,a4,15
    64f0:	0732                	slli	a4,a4,0xc
    64f2:	8f4d                	or	a4,a4,a1
    64f4:	0ae7a623          	sw	a4,172(a5)
    64f8:	03568733          	mul	a4,a3,s5
    64fc:	0ac7a583          	lw	a1,172(a5)
    6500:	0115f5b3          	and	a1,a1,a7
    6504:	02c74733          	div	a4,a4,a2
    6508:	8b3d                	andi	a4,a4,15
    650a:	0742                	slli	a4,a4,0x10
    650c:	8f4d                	or	a4,a4,a1
    650e:	0ae7a623          	sw	a4,172(a5)
    6512:	03a68733          	mul	a4,a3,s10
    6516:	0ac7a583          	lw	a1,172(a5)
    651a:	0105f5b3          	and	a1,a1,a6
    651e:	02c74733          	div	a4,a4,a2
    6522:	8b3d                	andi	a4,a4,15
    6524:	0752                	slli	a4,a4,0x14
    6526:	8f4d                	or	a4,a4,a1
    6528:	0ae7a623          	sw	a4,172(a5)
    652c:	03e68733          	mul	a4,a3,t5
    6530:	0ac7a583          	lw	a1,172(a5)
    6534:	8de9                	and	a1,a1,a0
    6536:	02c74733          	div	a4,a4,a2
    653a:	8b3d                	andi	a4,a4,15
    653c:	0762                	slli	a4,a4,0x18
    653e:	8f4d                	or	a4,a4,a1
    6540:	00369593          	slli	a1,a3,0x3
    6544:	02c5c5b3          	div	a1,a1,a2
    6548:	0ae7a623          	sw	a4,172(a5)
    654c:	0ac7a703          	lw	a4,172(a5)
    6550:	01d77733          	and	a4,a4,t4
    6554:	05f2                	slli	a1,a1,0x1c
    6556:	8f4d                	or	a4,a4,a1
    6558:	03f685b3          	mul	a1,a3,t6
    655c:	0ae7a623          	sw	a4,172(a5)
    6560:	0b07a703          	lw	a4,176(a5)
    6564:	9b41                	andi	a4,a4,-16
    6566:	02c5c5b3          	div	a1,a1,a2
    656a:	89bd                	andi	a1,a1,15
    656c:	8f4d                	or	a4,a4,a1
    656e:	0ae7a823          	sw	a4,176(a5)
    6572:	02568733          	mul	a4,a3,t0
    6576:	0b07a583          	lw	a1,176(a5)
    657a:	f0f5f593          	andi	a1,a1,-241
    657e:	02c74733          	div	a4,a4,a2
    6582:	8b3d                	andi	a4,a4,15
    6584:	0712                	slli	a4,a4,0x4
    6586:	8f4d                	or	a4,a4,a1
    6588:	0ae7a823          	sw	a4,176(a5)
    658c:	02768733          	mul	a4,a3,t2
    6590:	0b07a583          	lw	a1,176(a5)
    6594:	01c5f5b3          	and	a1,a1,t3
    6598:	02c74733          	div	a4,a4,a2
    659c:	8b3d                	andi	a4,a4,15
    659e:	0722                	slli	a4,a4,0x8
    65a0:	8f4d                	or	a4,a4,a1
    65a2:	0ae7a823          	sw	a4,176(a5)
    65a6:	00269713          	slli	a4,a3,0x2
    65aa:	02c74733          	div	a4,a4,a2
    65ae:	0b07a583          	lw	a1,176(a5)
    65b2:	0065f5b3          	and	a1,a1,t1
    65b6:	8b3d                	andi	a4,a4,15
    65b8:	0732                	slli	a4,a4,0xc
    65ba:	8f4d                	or	a4,a4,a1
    65bc:	0336c5b3          	div	a1,a3,s3
    65c0:	0ae7a823          	sw	a4,176(a5)
    65c4:	0b07a703          	lw	a4,176(a5)
    65c8:	01177733          	and	a4,a4,a7
    65cc:	89bd                	andi	a1,a1,15
    65ce:	05c2                	slli	a1,a1,0x10
    65d0:	8f4d                	or	a4,a4,a1
    65d2:	0ae7a823          	sw	a4,176(a5)
    65d6:	00169713          	slli	a4,a3,0x1
    65da:	02c74733          	div	a4,a4,a2
    65de:	0b07a583          	lw	a1,176(a5)
    65e2:	0105f5b3          	and	a1,a1,a6
    65e6:	8b3d                	andi	a4,a4,15
    65e8:	0752                	slli	a4,a4,0x14
    65ea:	8f4d                	or	a4,a4,a1
    65ec:	02c6c5b3          	div	a1,a3,a2
    65f0:	0ae7a823          	sw	a4,176(a5)
    65f4:	0b07a703          	lw	a4,176(a5)
    65f8:	8f69                	and	a4,a4,a0
    65fa:	89bd                	andi	a1,a1,15
    65fc:	05e2                	slli	a1,a1,0x18
    65fe:	8f4d                	or	a4,a4,a1
    6600:	0ae7a823          	sw	a4,176(a5)
    6604:	0b07a703          	lw	a4,176(a5)
    6608:	02800593          	li	a1,40
    660c:	01d77733          	and	a4,a4,t4
    6610:	0ae7a823          	sw	a4,176(a5)
    6614:	1fffc717          	auipc	a4,0x1fffc
    6618:	a4174703          	lbu	a4,-1471(a4) # 20002055 <nCO2480>
    661c:	40ec0733          	sub	a4,s8,a4
    6620:	02b74db3          	div	s11,a4,a1
    6624:	0b47ac83          	lw	s9,180(a5)
    6628:	ff0cfc93          	andi	s9,s9,-16
    662c:	03774bb3          	div	s7,a4,s7
    6630:	00fdfd93          	andi	s11,s11,15
    6634:	01bcecb3          	or	s9,s9,s11
    6638:	0b97aa23          	sw	s9,180(a5)
    663c:	0b47ac83          	lw	s9,180(a5)
    6640:	4dcd                	li	s11,19
    6642:	f0fcfc93          	andi	s9,s9,-241
    6646:	00fbfb93          	andi	s7,s7,15
    664a:	0b92                	slli	s7,s7,0x4
    664c:	017cebb3          	or	s7,s9,s7
    6650:	0b77aa23          	sw	s7,180(a5)
    6654:	02870bb3          	mul	s7,a4,s0
    6658:	0b47ac83          	lw	s9,180(a5)
    665c:	01ccfcb3          	and	s9,s9,t3
    6660:	02bbcbb3          	div	s7,s7,a1
    6664:	00fbfb93          	andi	s7,s7,15
    6668:	0ba2                	slli	s7,s7,0x8
    666a:	017cebb3          	or	s7,s9,s7
    666e:	03a74cb3          	div	s9,a4,s10
    6672:	0b77aa23          	sw	s7,180(a5)
    6676:	0b47ab83          	lw	s7,180(a5)
    667a:	006bfbb3          	and	s7,s7,t1
    667e:	00fcfc93          	andi	s9,s9,15
    6682:	0cb2                	slli	s9,s9,0xc
    6684:	019bebb3          	or	s7,s7,s9
    6688:	0b77aa23          	sw	s7,180(a5)
    668c:	4ba1                	li	s7,8
    668e:	03774bb3          	div	s7,a4,s7
    6692:	0b47ac83          	lw	s9,180(a5)
    6696:	011cfcb3          	and	s9,s9,a7
    669a:	00fbfb93          	andi	s7,s7,15
    669e:	0bc2                	slli	s7,s7,0x10
    66a0:	017cebb3          	or	s7,s9,s7
    66a4:	0b77aa23          	sw	s7,180(a5)
    66a8:	02570bb3          	mul	s7,a4,t0
    66ac:	0b47ac83          	lw	s9,180(a5)
    66b0:	010cfcb3          	and	s9,s9,a6
    66b4:	02bbcbb3          	div	s7,s7,a1
    66b8:	00fbfb93          	andi	s7,s7,15
    66bc:	0bd2                	slli	s7,s7,0x14
    66be:	017cebb3          	or	s7,s9,s7
    66c2:	0b77aa23          	sw	s7,180(a5)
    66c6:	03f70bb3          	mul	s7,a4,t6
    66ca:	0b47ac83          	lw	s9,180(a5)
    66ce:	00acfcb3          	and	s9,s9,a0
    66d2:	02bbcbb3          	div	s7,s7,a1
    66d6:	00fbfb93          	andi	s7,s7,15
    66da:	0be2                	slli	s7,s7,0x18
    66dc:	017cebb3          	or	s7,s9,s7
    66e0:	02774cb3          	div	s9,a4,t2
    66e4:	0b77aa23          	sw	s7,180(a5)
    66e8:	0b47ab83          	lw	s7,180(a5)
    66ec:	01dbfbb3          	and	s7,s7,t4
    66f0:	0cf2                	slli	s9,s9,0x1c
    66f2:	019bebb3          	or	s7,s7,s9
    66f6:	03e70cb3          	mul	s9,a4,t5
    66fa:	0b77aa23          	sw	s7,180(a5)
    66fe:	0b87ab83          	lw	s7,184(a5)
    6702:	ff0bfb93          	andi	s7,s7,-16
    6706:	02bcccb3          	div	s9,s9,a1
    670a:	03570ab3          	mul	s5,a4,s5
    670e:	00fcfc93          	andi	s9,s9,15
    6712:	019bebb3          	or	s7,s7,s9
    6716:	0b77ac23          	sw	s7,184(a5)
    671a:	4b91                	li	s7,4
    671c:	0b87ac83          	lw	s9,184(a5)
    6720:	f0fcfc93          	andi	s9,s9,-241
    6724:	03774bb3          	div	s7,a4,s7
    6728:	03470a33          	mul	s4,a4,s4
    672c:	00fbfb93          	andi	s7,s7,15
    6730:	0b92                	slli	s7,s7,0x4
    6732:	017cebb3          	or	s7,s9,s7
    6736:	0b77ac23          	sw	s7,184(a5)
    673a:	0b87ab83          	lw	s7,184(a5)
    673e:	4cd5                	li	s9,21
    6740:	01cbfbb3          	and	s7,s7,t3
    6744:	02bacab3          	div	s5,s5,a1
    6748:	033709b3          	mul	s3,a4,s3
    674c:	00fafa93          	andi	s5,s5,15
    6750:	0aa2                	slli	s5,s5,0x8
    6752:	015beab3          	or	s5,s7,s5
    6756:	0b57ac23          	sw	s5,184(a5)
    675a:	0b87aa83          	lw	s5,184(a5)
    675e:	4bd9                	li	s7,22
    6760:	006afab3          	and	s5,s5,t1
    6764:	02ba4a33          	div	s4,s4,a1
    6768:	03270933          	mul	s2,a4,s2
    676c:	00fa7a13          	andi	s4,s4,15
    6770:	0a32                	slli	s4,s4,0xc
    6772:	014aea33          	or	s4,s5,s4
    6776:	0b47ac23          	sw	s4,184(a5)
    677a:	0b87aa03          	lw	s4,184(a5)
    677e:	4ae1                	li	s5,24
    6780:	011a7a33          	and	s4,s4,a7
    6784:	02b9c9b3          	div	s3,s3,a1
    6788:	029704b3          	mul	s1,a4,s1
    678c:	00f9f993          	andi	s3,s3,15
    6790:	09c2                	slli	s3,s3,0x10
    6792:	013a69b3          	or	s3,s4,s3
    6796:	0b37ac23          	sw	s3,184(a5)
    679a:	0b87a983          	lw	s3,184(a5)
    679e:	4a65                	li	s4,25
    67a0:	0109f9b3          	and	s3,s3,a6
    67a4:	02b94933          	div	s2,s2,a1
    67a8:	02b4c4b3          	div	s1,s1,a1
    67ac:	00f97913          	andi	s2,s2,15
    67b0:	0952                	slli	s2,s2,0x14
    67b2:	0129e933          	or	s2,s3,s2
    67b6:	0b27ac23          	sw	s2,184(a5)
    67ba:	0b87a903          	lw	s2,184(a5)
    67be:	49e9                	li	s3,26
    67c0:	00a97933          	and	s2,s2,a0
    67c4:	03670b33          	mul	s6,a4,s6
    67c8:	88bd                	andi	s1,s1,15
    67ca:	04e2                	slli	s1,s1,0x18
    67cc:	009964b3          	or	s1,s2,s1
    67d0:	00471913          	slli	s2,a4,0x4
    67d4:	0a97ac23          	sw	s1,184(a5)
    67d8:	0b87a483          	lw	s1,184(a5)
    67dc:	01d4f4b3          	and	s1,s1,t4
    67e0:	02b94933          	div	s2,s2,a1
    67e4:	02bb4b33          	div	s6,s6,a1
    67e8:	0972                	slli	s2,s2,0x1c
    67ea:	0124e4b3          	or	s1,s1,s2
    67ee:	0a97ac23          	sw	s1,184(a5)
    67f2:	0bc7a483          	lw	s1,188(a5)
    67f6:	98c1                	andi	s1,s1,-16
    67f8:	00fb7b13          	andi	s6,s6,15
    67fc:	0164eb33          	or	s6,s1,s6
    6800:	44c9                	li	s1,18
    6802:	029704b3          	mul	s1,a4,s1
    6806:	0b67ae23          	sw	s6,188(a5)
    680a:	0bc7a903          	lw	s2,188(a5)
    680e:	4b5d                	li	s6,23
    6810:	f0f97913          	andi	s2,s2,-241
    6814:	02b4c4b3          	div	s1,s1,a1
    6818:	88bd                	andi	s1,s1,15
    681a:	0492                	slli	s1,s1,0x4
    681c:	009964b3          	or	s1,s2,s1
    6820:	0a97ae23          	sw	s1,188(a5)
    6824:	03b704b3          	mul	s1,a4,s11
    6828:	0bc7a903          	lw	s2,188(a5)
    682c:	4df5                	li	s11,29
    682e:	01c97933          	and	s2,s2,t3
    6832:	02b4c4b3          	div	s1,s1,a1
    6836:	88bd                	andi	s1,s1,15
    6838:	04a2                	slli	s1,s1,0x8
    683a:	009964b3          	or	s1,s2,s1
    683e:	0a97ae23          	sw	s1,188(a5)
    6842:	4489                	li	s1,2
    6844:	029744b3          	div	s1,a4,s1
    6848:	0bc7a903          	lw	s2,188(a5)
    684c:	00697933          	and	s2,s2,t1
    6850:	88bd                	andi	s1,s1,15
    6852:	04b2                	slli	s1,s1,0xc
    6854:	009964b3          	or	s1,s2,s1
    6858:	0a97ae23          	sw	s1,188(a5)
    685c:	039704b3          	mul	s1,a4,s9
    6860:	0bc7a903          	lw	s2,188(a5)
    6864:	4cf9                	li	s9,30
    6866:	01197933          	and	s2,s2,a7
    686a:	02b4c4b3          	div	s1,s1,a1
    686e:	88bd                	andi	s1,s1,15
    6870:	04c2                	slli	s1,s1,0x10
    6872:	009964b3          	or	s1,s2,s1
    6876:	0a97ae23          	sw	s1,188(a5)
    687a:	037704b3          	mul	s1,a4,s7
    687e:	0bc7a903          	lw	s2,188(a5)
    6882:	4bfd                	li	s7,31
    6884:	01097933          	and	s2,s2,a6
    6888:	02b4c4b3          	div	s1,s1,a1
    688c:	88bd                	andi	s1,s1,15
    688e:	04d2                	slli	s1,s1,0x14
    6890:	009964b3          	or	s1,s2,s1
    6894:	0a97ae23          	sw	s1,188(a5)
    6898:	036704b3          	mul	s1,a4,s6
    689c:	0bc7a903          	lw	s2,188(a5)
    68a0:	02100b13          	li	s6,33
    68a4:	00a97933          	and	s2,s2,a0
    68a8:	02b4c4b3          	div	s1,s1,a1
    68ac:	88bd                	andi	s1,s1,15
    68ae:	04e2                	slli	s1,s1,0x18
    68b0:	009964b3          	or	s1,s2,s1
    68b4:	0a97ae23          	sw	s1,188(a5)
    68b8:	035704b3          	mul	s1,a4,s5
    68bc:	0bc7a903          	lw	s2,188(a5)
    68c0:	02200a93          	li	s5,34
    68c4:	01d97933          	and	s2,s2,t4
    68c8:	02b4c4b3          	div	s1,s1,a1
    68cc:	04f2                	slli	s1,s1,0x1c
    68ce:	009964b3          	or	s1,s2,s1
    68d2:	0a97ae23          	sw	s1,188(a5)
    68d6:	034704b3          	mul	s1,a4,s4
    68da:	0c07a903          	lw	s2,192(a5)
    68de:	02300a13          	li	s4,35
    68e2:	ff097913          	andi	s2,s2,-16
    68e6:	02b4c4b3          	div	s1,s1,a1
    68ea:	88bd                	andi	s1,s1,15
    68ec:	009964b3          	or	s1,s2,s1
    68f0:	0c97a023          	sw	s1,192(a5)
    68f4:	033704b3          	mul	s1,a4,s3
    68f8:	0c07a903          	lw	s2,192(a5)
    68fc:	02400993          	li	s3,36
    6900:	f0f97913          	andi	s2,s2,-241
    6904:	02b4c4b3          	div	s1,s1,a1
    6908:	88bd                	andi	s1,s1,15
    690a:	0492                	slli	s1,s1,0x4
    690c:	009964b3          	or	s1,s2,s1
    6910:	496d                	li	s2,27
    6912:	0c97a023          	sw	s1,192(a5)
    6916:	032704b3          	mul	s1,a4,s2
    691a:	0c07a903          	lw	s2,192(a5)
    691e:	01c97933          	and	s2,s2,t3
    6922:	02b4c4b3          	div	s1,s1,a1
    6926:	88bd                	andi	s1,s1,15
    6928:	04a2                	slli	s1,s1,0x8
    692a:	009964b3          	or	s1,s2,s1
    692e:	0c97a023          	sw	s1,192(a5)
    6932:	44f1                	li	s1,28
    6934:	029704b3          	mul	s1,a4,s1
    6938:	0c07a903          	lw	s2,192(a5)
    693c:	00697933          	and	s2,s2,t1
    6940:	02b4c4b3          	div	s1,s1,a1
    6944:	88bd                	andi	s1,s1,15
    6946:	04b2                	slli	s1,s1,0xc
    6948:	009964b3          	or	s1,s2,s1
    694c:	0c97a023          	sw	s1,192(a5)
    6950:	03b704b3          	mul	s1,a4,s11
    6954:	0c07a903          	lw	s2,192(a5)
    6958:	01197933          	and	s2,s2,a7
    695c:	02b4c4b3          	div	s1,s1,a1
    6960:	88bd                	andi	s1,s1,15
    6962:	04c2                	slli	s1,s1,0x10
    6964:	009964b3          	or	s1,s2,s1
    6968:	0c97a023          	sw	s1,192(a5)
    696c:	039704b3          	mul	s1,a4,s9
    6970:	0c07a903          	lw	s2,192(a5)
    6974:	01097933          	and	s2,s2,a6
    6978:	02b4c4b3          	div	s1,s1,a1
    697c:	88bd                	andi	s1,s1,15
    697e:	04d2                	slli	s1,s1,0x14
    6980:	009964b3          	or	s1,s2,s1
    6984:	0c97a023          	sw	s1,192(a5)
    6988:	037704b3          	mul	s1,a4,s7
    698c:	0c07a903          	lw	s2,192(a5)
    6990:	00a97933          	and	s2,s2,a0
    6994:	02b4c4b3          	div	s1,s1,a1
    6998:	88bd                	andi	s1,s1,15
    699a:	04e2                	slli	s1,s1,0x18
    699c:	009964b3          	or	s1,s2,s1
    69a0:	0c97a023          	sw	s1,192(a5)
    69a4:	00571493          	slli	s1,a4,0x5
    69a8:	02b4c4b3          	div	s1,s1,a1
    69ac:	01c49913          	slli	s2,s1,0x1c
    69b0:	0c07a483          	lw	s1,192(a5)
    69b4:	02c70633          	mul	a2,a4,a2
    69b8:	01d4f4b3          	and	s1,s1,t4
    69bc:	0124e4b3          	or	s1,s1,s2
    69c0:	0c97a023          	sw	s1,192(a5)
    69c4:	0c47a903          	lw	s2,196(a5)
    69c8:	ff097913          	andi	s2,s2,-16
    69cc:	036704b3          	mul	s1,a4,s6
    69d0:	02b4c4b3          	div	s1,s1,a1
    69d4:	88bd                	andi	s1,s1,15
    69d6:	009964b3          	or	s1,s2,s1
    69da:	0c97a223          	sw	s1,196(a5)
    69de:	035704b3          	mul	s1,a4,s5
    69e2:	0c47a903          	lw	s2,196(a5)
    69e6:	f0f97913          	andi	s2,s2,-241
    69ea:	02b4c4b3          	div	s1,s1,a1
    69ee:	88bd                	andi	s1,s1,15
    69f0:	0492                	slli	s1,s1,0x4
    69f2:	009964b3          	or	s1,s2,s1
    69f6:	0c97a223          	sw	s1,196(a5)
    69fa:	034704b3          	mul	s1,a4,s4
    69fe:	0c47a903          	lw	s2,196(a5)
    6a02:	01c97933          	and	s2,s2,t3
    6a06:	02b4c4b3          	div	s1,s1,a1
    6a0a:	88bd                	andi	s1,s1,15
    6a0c:	04a2                	slli	s1,s1,0x8
    6a0e:	009964b3          	or	s1,s2,s1
    6a12:	0c97a223          	sw	s1,196(a5)
    6a16:	033704b3          	mul	s1,a4,s3
    6a1a:	0c47a903          	lw	s2,196(a5)
    6a1e:	00697933          	and	s2,s2,t1
    6a22:	02b4c4b3          	div	s1,s1,a1
    6a26:	88bd                	andi	s1,s1,15
    6a28:	04b2                	slli	s1,s1,0xc
    6a2a:	009964b3          	or	s1,s2,s1
    6a2e:	02500913          	li	s2,37
    6a32:	0c97a223          	sw	s1,196(a5)
    6a36:	032704b3          	mul	s1,a4,s2
    6a3a:	0c47a903          	lw	s2,196(a5)
    6a3e:	01197933          	and	s2,s2,a7
    6a42:	02b4c4b3          	div	s1,s1,a1
    6a46:	88bd                	andi	s1,s1,15
    6a48:	04c2                	slli	s1,s1,0x10
    6a4a:	009964b3          	or	s1,s2,s1
    6a4e:	0c97a223          	sw	s1,196(a5)
    6a52:	02600493          	li	s1,38
    6a56:	029704b3          	mul	s1,a4,s1
    6a5a:	0c47a903          	lw	s2,196(a5)
    6a5e:	01097933          	and	s2,s2,a6
    6a62:	02b4c4b3          	div	s1,s1,a1
    6a66:	02b64633          	div	a2,a2,a1
    6a6a:	88bd                	andi	s1,s1,15
    6a6c:	04d2                	slli	s1,s1,0x14
    6a6e:	009964b3          	or	s1,s2,s1
    6a72:	0c97a223          	sw	s1,196(a5)
    6a76:	0c47a483          	lw	s1,196(a5)
    6a7a:	8ce9                	and	s1,s1,a0
    6a7c:	8a3d                	andi	a2,a2,15
    6a7e:	0662                	slli	a2,a2,0x18
    6a80:	8e45                	or	a2,a2,s1
    6a82:	0cc7a223          	sw	a2,196(a5)
    6a86:	0c47a603          	lw	a2,196(a5)
    6a8a:	01c71493          	slli	s1,a4,0x1c
    6a8e:	01d67633          	and	a2,a2,t4
    6a92:	8e45                	or	a2,a2,s1
    6a94:	0cc7a223          	sw	a2,196(a5)
    6a98:	02900613          	li	a2,41
    6a9c:	02c70633          	mul	a2,a4,a2
    6aa0:	0c87a483          	lw	s1,200(a5)
    6aa4:	98c1                	andi	s1,s1,-16
    6aa6:	02b64633          	div	a2,a2,a1
    6aaa:	8a3d                	andi	a2,a2,15
    6aac:	8e45                	or	a2,a2,s1
    6aae:	0cc7a423          	sw	a2,200(a5)
    6ab2:	02a00613          	li	a2,42
    6ab6:	02c70633          	mul	a2,a4,a2
    6aba:	02b645b3          	div	a1,a2,a1
    6abe:	0c87a603          	lw	a2,200(a5)
    6ac2:	f0f67613          	andi	a2,a2,-241
    6ac6:	89bd                	andi	a1,a1,15
    6ac8:	0592                	slli	a1,a1,0x4
    6aca:	8dd1                	or	a1,a1,a2
    6acc:	0cb7a423          	sw	a1,200(a5)
    6ad0:	1fffb597          	auipc	a1,0x1fffb
    6ad4:	5745c583          	lbu	a1,1396(a1) # 20002044 <nGA2440>
    6ad8:	1fffb617          	auipc	a2,0x1fffb
    6adc:	57464603          	lbu	a2,1396(a2) # 2000204c <nGA2480>
    6ae0:	40c58633          	sub	a2,a1,a2
    6ae4:	03a604b3          	mul	s1,a2,s10
    6ae8:	0c87a903          	lw	s2,200(a5)
    6aec:	01c97933          	and	s2,s2,t3
    6af0:	02e4c4b3          	div	s1,s1,a4
    6af4:	0084e493          	ori	s1,s1,8
    6af8:	88bd                	andi	s1,s1,15
    6afa:	04a2                	slli	s1,s1,0x8
    6afc:	009964b3          	or	s1,s2,s1
    6b00:	0c97a423          	sw	s1,200(a5)
    6b04:	03e604b3          	mul	s1,a2,t5
    6b08:	0c87a903          	lw	s2,200(a5)
    6b0c:	00697933          	and	s2,s2,t1
    6b10:	02e4c4b3          	div	s1,s1,a4
    6b14:	0084e493          	ori	s1,s1,8
    6b18:	88bd                	andi	s1,s1,15
    6b1a:	04b2                	slli	s1,s1,0xc
    6b1c:	009964b3          	or	s1,s2,s1
    6b20:	0c97a423          	sw	s1,200(a5)
    6b24:	00361493          	slli	s1,a2,0x3
    6b28:	02e4c4b3          	div	s1,s1,a4
    6b2c:	0c87a903          	lw	s2,200(a5)
    6b30:	01197933          	and	s2,s2,a7
    6b34:	0084e493          	ori	s1,s1,8
    6b38:	88bd                	andi	s1,s1,15
    6b3a:	04c2                	slli	s1,s1,0x10
    6b3c:	009964b3          	or	s1,s2,s1
    6b40:	0c97a423          	sw	s1,200(a5)
    6b44:	03f604b3          	mul	s1,a2,t6
    6b48:	0c87a903          	lw	s2,200(a5)
    6b4c:	01097933          	and	s2,s2,a6
    6b50:	02e4c4b3          	div	s1,s1,a4
    6b54:	0084e493          	ori	s1,s1,8
    6b58:	88bd                	andi	s1,s1,15
    6b5a:	04d2                	slli	s1,s1,0x14
    6b5c:	009964b3          	or	s1,s2,s1
    6b60:	0c97a423          	sw	s1,200(a5)
    6b64:	025604b3          	mul	s1,a2,t0
    6b68:	0c87a903          	lw	s2,200(a5)
    6b6c:	00a97933          	and	s2,s2,a0
    6b70:	02e4c4b3          	div	s1,s1,a4
    6b74:	0084e493          	ori	s1,s1,8
    6b78:	88bd                	andi	s1,s1,15
    6b7a:	04e2                	slli	s1,s1,0x18
    6b7c:	009964b3          	or	s1,s2,s1
    6b80:	0c97a423          	sw	s1,200(a5)
    6b84:	027604b3          	mul	s1,a2,t2
    6b88:	0c87a903          	lw	s2,200(a5)
    6b8c:	01d97933          	and	s2,s2,t4
    6b90:	02e4c4b3          	div	s1,s1,a4
    6b94:	0084e493          	ori	s1,s1,8
    6b98:	04f2                	slli	s1,s1,0x1c
    6b9a:	009964b3          	or	s1,s2,s1
    6b9e:	0c97a423          	sw	s1,200(a5)
    6ba2:	00261493          	slli	s1,a2,0x2
    6ba6:	02e4c4b3          	div	s1,s1,a4
    6baa:	0cc7a903          	lw	s2,204(a5)
    6bae:	ff097913          	andi	s2,s2,-16
    6bb2:	0084e493          	ori	s1,s1,8
    6bb6:	88bd                	andi	s1,s1,15
    6bb8:	009964b3          	or	s1,s2,s1
    6bbc:	0c97a623          	sw	s1,204(a5)
    6bc0:	028604b3          	mul	s1,a2,s0
    6bc4:	0cc7a903          	lw	s2,204(a5)
    6bc8:	f0f97913          	andi	s2,s2,-241
    6bcc:	02e4c4b3          	div	s1,s1,a4
    6bd0:	0084e493          	ori	s1,s1,8
    6bd4:	88bd                	andi	s1,s1,15
    6bd6:	0492                	slli	s1,s1,0x4
    6bd8:	009964b3          	or	s1,s2,s1
    6bdc:	0c97a623          	sw	s1,204(a5)
    6be0:	00161493          	slli	s1,a2,0x1
    6be4:	02e4c4b3          	div	s1,s1,a4
    6be8:	0cc7a903          	lw	s2,204(a5)
    6bec:	01c97933          	and	s2,s2,t3
    6bf0:	02e64733          	div	a4,a2,a4
    6bf4:	0084e493          	ori	s1,s1,8
    6bf8:	88bd                	andi	s1,s1,15
    6bfa:	04a2                	slli	s1,s1,0x8
    6bfc:	009964b3          	or	s1,s2,s1
    6c00:	0c97a623          	sw	s1,204(a5)
    6c04:	0cc7a603          	lw	a2,204(a5)
    6c08:	00667633          	and	a2,a2,t1
    6c0c:	00876713          	ori	a4,a4,8
    6c10:	8b3d                	andi	a4,a4,15
    6c12:	0732                	slli	a4,a4,0xc
    6c14:	8f51                	or	a4,a4,a2
    6c16:	0ce7a623          	sw	a4,204(a5)
    6c1a:	0cc7a703          	lw	a4,204(a5)
    6c1e:	01177733          	and	a4,a4,a7
    6c22:	0ce7a623          	sw	a4,204(a5)
    6c26:	83b1c703          	lbu	a4,-1989(gp) # 200000cb <nGA2401>
    6c2a:	8f0d                	sub	a4,a4,a1
    6c2c:	02d74633          	div	a2,a4,a3
    6c30:	07f5f593          	andi	a1,a1,127
    6c34:	05e2                	slli	a1,a1,0x18
    6c36:	8a3d                	andi	a2,a2,15
    6c38:	01461493          	slli	s1,a2,0x14
    6c3c:	0cc7a603          	lw	a2,204(a5)
    6c40:	02870433          	mul	s0,a4,s0
    6c44:	01067633          	and	a2,a2,a6
    6c48:	8e45                	or	a2,a2,s1
    6c4a:	0cc7a623          	sw	a2,204(a5)
    6c4e:	00171613          	slli	a2,a4,0x1
    6c52:	0cc7a483          	lw	s1,204(a5)
    6c56:	8ce9                	and	s1,s1,a0
    6c58:	02d64633          	div	a2,a2,a3
    6c5c:	8a3d                	andi	a2,a2,15
    6c5e:	0662                	slli	a2,a2,0x18
    6c60:	8e45                	or	a2,a2,s1
    6c62:	0cc7a623          	sw	a2,204(a5)
    6c66:	0cc7a603          	lw	a2,204(a5)
    6c6a:	02d44433          	div	s0,s0,a3
    6c6e:	01d67eb3          	and	t4,a2,t4
    6c72:	00271613          	slli	a2,a4,0x2
    6c76:	027703b3          	mul	t2,a4,t2
    6c7a:	0472                	slli	s0,s0,0x1c
    6c7c:	008ee433          	or	s0,t4,s0
    6c80:	0c87a623          	sw	s0,204(a5)
    6c84:	02d64633          	div	a2,a2,a3
    6c88:	025702b3          	mul	t0,a4,t0
    6c8c:	00f67e93          	andi	t4,a2,15
    6c90:	0d07a603          	lw	a2,208(a5)
    6c94:	9a41                	andi	a2,a2,-16
    6c96:	01d66633          	or	a2,a2,t4
    6c9a:	0cc7a823          	sw	a2,208(a5)
    6c9e:	0d07a603          	lw	a2,208(a5)
    6ca2:	02d3c3b3          	div	t2,t2,a3
    6ca6:	f0f67613          	andi	a2,a2,-241
    6caa:	02d2c2b3          	div	t0,t0,a3
    6cae:	00f3f393          	andi	t2,t2,15
    6cb2:	0392                	slli	t2,t2,0x4
    6cb4:	007663b3          	or	t2,a2,t2
    6cb8:	0c77a823          	sw	t2,208(a5)
    6cbc:	0d07a603          	lw	a2,208(a5)
    6cc0:	01c67e33          	and	t3,a2,t3
    6cc4:	03f70fb3          	mul	t6,a4,t6
    6cc8:	00f2f293          	andi	t0,t0,15
    6ccc:	02a2                	slli	t0,t0,0x8
    6cce:	005e62b3          	or	t0,t3,t0
    6cd2:	0c57a823          	sw	t0,208(a5)
    6cd6:	0d07a603          	lw	a2,208(a5)
    6cda:	00667333          	and	t1,a2,t1
    6cde:	00371613          	slli	a2,a4,0x3
    6ce2:	02dfcfb3          	div	t6,t6,a3
    6ce6:	03e70f33          	mul	t5,a4,t5
    6cea:	00ffff93          	andi	t6,t6,15
    6cee:	0fb2                	slli	t6,t6,0xc
    6cf0:	01f36fb3          	or	t6,t1,t6
    6cf4:	0df7a823          	sw	t6,208(a5)
    6cf8:	0d07a303          	lw	t1,208(a5)
    6cfc:	011378b3          	and	a7,t1,a7
    6d00:	02d64633          	div	a2,a2,a3
    6d04:	03a70d33          	mul	s10,a4,s10
    6d08:	8a3d                	andi	a2,a2,15
    6d0a:	0642                	slli	a2,a2,0x10
    6d0c:	00c8e633          	or	a2,a7,a2
    6d10:	0cc7a823          	sw	a2,208(a5)
    6d14:	0d07a603          	lw	a2,208(a5)
    6d18:	01067833          	and	a6,a2,a6
    6d1c:	02df4f33          	div	t5,t5,a3
    6d20:	02dd46b3          	div	a3,s10,a3
    6d24:	00ff7f13          	andi	t5,t5,15
    6d28:	0f52                	slli	t5,t5,0x14
    6d2a:	01e86f33          	or	t5,a6,t5
    6d2e:	0de7a823          	sw	t5,208(a5)
    6d32:	0d07a703          	lw	a4,208(a5)
    6d36:	8d79                	and	a0,a0,a4
    6d38:	8abd                	andi	a3,a3,15
    6d3a:	06e2                	slli	a3,a3,0x18
    6d3c:	8ec9                	or	a3,a3,a0
    6d3e:	0cd7a823          	sw	a3,208(a5)
    6d42:	43d8                	lw	a4,4(a5)
    6d44:	6685                	lui	a3,0x1
    6d46:	9b3d                	andi	a4,a4,-17
    6d48:	c3d8                	sw	a4,4(a5)
    6d4a:	43d8                	lw	a4,4(a5)
    6d4c:	9b79                	andi	a4,a4,-2
    6d4e:	c3d8                	sw	a4,4(a5)
    6d50:	5798                	lw	a4,40(a5)
    6d52:	8f55                	or	a4,a4,a3
    6d54:	d798                	sw	a4,40(a5)
    6d56:	57d8                	lw	a4,44(a5)
    6d58:	810006b7          	lui	a3,0x81000
    6d5c:	16fd                	addi	a3,a3,-1 # 80ffffff <_eusrstack+0x60feffff>
    6d5e:	01076713          	ori	a4,a4,16
    6d62:	d7d8                	sw	a4,44(a5)
    6d64:	03fc7713          	andi	a4,s8,63
    6d68:	0387ac03          	lw	s8,56(a5)
    6d6c:	fc0c7c13          	andi	s8,s8,-64
    6d70:	00ec6c33          	or	s8,s8,a4
    6d74:	0387ac23          	sw	s8,56(a5)
    6d78:	5f98                	lw	a4,56(a5)
    6d7a:	8f75                	and	a4,a4,a3
    6d7c:	8dd9                	or	a1,a1,a4
    6d7e:	df8c                	sw	a1,56(a5)
    6d80:	5462                	lw	s0,56(sp)
    6d82:	50f2                	lw	ra,60(sp)
    6d84:	54d2                	lw	s1,52(sp)
    6d86:	5942                	lw	s2,48(sp)
    6d88:	59b2                	lw	s3,44(sp)
    6d8a:	5a22                	lw	s4,40(sp)
    6d8c:	5a92                	lw	s5,36(sp)
    6d8e:	5b02                	lw	s6,32(sp)
    6d90:	4bf2                	lw	s7,28(sp)
    6d92:	4c62                	lw	s8,24(sp)
    6d94:	4cd2                	lw	s9,20(sp)
    6d96:	4d42                	lw	s10,16(sp)
    6d98:	4db2                	lw	s11,12(sp)
    6d9a:	6121                	addi	sp,sp,64
    6d9c:	8082                	ret
    6d9e:	1fffb797          	auipc	a5,0x1fffb
    6da2:	2a07a523          	sw	zero,682(a5) # 20002048 <ftuneFlag>
    6da6:	c14ff06f          	j	61ba <RFEND_TXCtune+0x130>

00006daa <RFEND_TXFtune>:
    6daa:	1fffb797          	auipc	a5,0x1fffb
    6dae:	2a678793          	addi	a5,a5,678 # 20002050 <gptrRFENDReg>
    6db2:	4398                	lw	a4,0(a5)
    6db4:	435c                	lw	a5,4(a4)
    6db6:	1007e793          	ori	a5,a5,256
    6dba:	c35c                	sw	a5,4(a4)
    6dbc:	8082                	ret

00006dbe <tmos_memory_getlen>:
    6dbe:	1fffb797          	auipc	a5,0x1fffb
    6dc2:	30e78793          	addi	a5,a5,782 # 200020cc <MemCtlStart>
    6dc6:	1fffb717          	auipc	a4,0x1fffb
    6dca:	2fe70713          	addi	a4,a4,766 # 200020c4 <MemCtlEnd>
    6dce:	439c                	lw	a5,0(a5)
    6dd0:	4318                	lw	a4,0(a4)
    6dd2:	4501                	li	a0,0
    6dd4:	00f71363          	bne	a4,a5,6dda <tmos_memory_getlen+0x1c>
    6dd8:	8082                	ret
    6dda:	0067d683          	lhu	a3,6(a5)
    6dde:	e681                	bnez	a3,6de6 <tmos_memory_getlen+0x28>
    6de0:	0047d683          	lhu	a3,4(a5)
    6de4:	9536                	add	a0,a0,a3
    6de6:	439c                	lw	a5,0(a5)
    6de8:	b7f5                	j	6dd4 <tmos_memory_getlen+0x16>

00006dea <tmos_memory_init>:
    6dea:	1fffb797          	auipc	a5,0x1fffb
    6dee:	04e78793          	addi	a5,a5,78 # 20001e38 <ble>
    6df2:	438c                	lw	a1,0(a5)
    6df4:	1fffb717          	auipc	a4,0x1fffb
    6df8:	04875703          	lhu	a4,72(a4) # 20001e3c <ble+0x4>
    6dfc:	1141                	addi	sp,sp,-16
    6dfe:	22058613          	addi	a2,a1,544
    6e02:	1fffb797          	auipc	a5,0x1fffb
    6e06:	2cc7a523          	sw	a2,714(a5) # 200020cc <MemCtlStart>
    6e0a:	ff858793          	addi	a5,a1,-8
    6e0e:	97ba                	add	a5,a5,a4
    6e10:	6505                	lui	a0,0x1
    6e12:	1fffb697          	auipc	a3,0x1fffb
    6e16:	2af6a923          	sw	a5,690(a3) # 200020c4 <MemCtlEnd>
    6e1a:	c606                	sw	ra,12(sp)
    6e1c:	051d                	addi	a0,a0,7 # 1007 <LLE_IRQSubHandler+0x183>
    6e1e:	00375693          	srli	a3,a4,0x3
    6e22:	00e57463          	bgeu	a0,a4,6e2a <tmos_memory_init+0x40>
    6e26:	20000693          	li	a3,512
    6e2a:	00d60733          	add	a4,a2,a3
    6e2e:	1fffb517          	auipc	a0,0x1fffb
    6e32:	28e52d23          	sw	a4,666(a0) # 200020c8 <MemCtlPartition>
    6e36:	22e5a023          	sw	a4,544(a1)
    6e3a:	16e1                	addi	a3,a3,-8
    6e3c:	00d61223          	sh	a3,4(a2)
    6e40:	00061323          	sh	zero,6(a2)
    6e44:	c31c                	sw	a5,0(a4)
    6e46:	8f99                	sub	a5,a5,a4
    6e48:	17e1                	addi	a5,a5,-8
    6e4a:	00f71223          	sh	a5,4(a4)
    6e4e:	00071323          	sh	zero,6(a4)
    6e52:	f6dff0ef          	jal	ra,6dbe <tmos_memory_getlen>
    6e56:	40b2                	lw	ra,12(sp)
    6e58:	1fffb797          	auipc	a5,0x1fffb
    6e5c:	f8a79b23          	sh	a0,-106(a5) # 20001dee <gTmosPara+0x6>
    6e60:	0141                	addi	sp,sp,16
    6e62:	8082                	ret

00006e64 <LL_InitiateSetRF>:
    6e64:	1fffb717          	auipc	a4,0x1fffb
    6e68:	17774703          	lbu	a4,375(a4) # 20001fdb <gBleIPPara+0x7>
    6e6c:	4795                	li	a5,5
    6e6e:	00f70b63          	beq	a4,a5,6e84 <LL_InitiateSetRF+0x20>
    6e72:	1fffb797          	auipc	a5,0x1fffb
    6e76:	16278793          	addi	a5,a5,354 # 20001fd4 <gBleIPPara>
    6e7a:	0077c783          	lbu	a5,7(a5)
    6e7e:	470d                	li	a4,3
    6e80:	00f71f63          	bne	a4,a5,6e9e <LL_InitiateSetRF+0x3a>
    6e84:	1fffb797          	auipc	a5,0x1fffb
    6e88:	1597c783          	lbu	a5,345(a5) # 20001fdd <gBleIPPara+0x9>
    6e8c:	12079d63          	bnez	a5,6fc6 <LL_InitiateSetRF+0x162>
    6e90:	10700793          	li	a5,263
    6e94:	1fffb717          	auipc	a4,0x1fffb
    6e98:	14f71423          	sh	a5,328(a4) # 20001fdc <gBleIPPara+0x8>
    6e9c:	8082                	ret
    6e9e:	1141                	addi	sp,sp,-16
    6ea0:	1fffb797          	auipc	a5,0x1fffb
    6ea4:	ff878793          	addi	a5,a5,-8 # 20001e98 <gBleLlPara>
    6ea8:	450d                	li	a0,3
    6eaa:	c422                	sw	s0,8(sp)
    6eac:	c226                	sw	s1,4(sp)
    6eae:	0947a403          	lw	s0,148(a5)
    6eb2:	c606                	sw	ra,12(sp)
    6eb4:	c04a                	sw	s2,0(sp)
    6eb6:	1fffb497          	auipc	s1,0x1fffb
    6eba:	11248493          	addi	s1,s1,274 # 20001fc8 <gptrBBReg>
    6ebe:	d36fe0ef          	jal	ra,53f4 <phy_status_clear>
    6ec2:	4098                	lw	a4,0(s1)
    6ec4:	8e89c7b7          	lui	a5,0x8e89c
    6ec8:	ed678793          	addi	a5,a5,-298 # 8e89bed6 <_eusrstack+0x6e88bed6>
    6ecc:	c71c                	sw	a5,8(a4)
    6ece:	005557b7          	lui	a5,0x555
    6ed2:	55578793          	addi	a5,a5,1365 # 555555 <_data_lma+0x54dc51>
    6ed6:	c35c                	sw	a5,4(a4)
    6ed8:	03a44783          	lbu	a5,58(s0)
    6edc:	0ff00713          	li	a4,255
    6ee0:	00e78763          	beq	a5,a4,6eee <LL_InitiateSetRF+0x8a>
    6ee4:	02f40ca3          	sb	a5,57(s0)
    6ee8:	57fd                	li	a5,-1
    6eea:	02f40d23          	sb	a5,58(s0)
    6eee:	03944503          	lbu	a0,57(s0)
    6ef2:	4789                	li	a5,2
    6ef4:	00f50663          	beq	a0,a5,6f00 <LL_InitiateSetRF+0x9c>
    6ef8:	4785                	li	a5,1
    6efa:	02f40ca3          	sb	a5,57(s0)
    6efe:	4501                	li	a0,0
    6f00:	1fffb917          	auipc	s2,0x1fffb
    6f04:	0fc90913          	addi	s2,s2,252 # 20001ffc <gptrLLEReg>
    6f08:	00092703          	lw	a4,0(s2)
    6f0c:	4601                	li	a2,0
    6f0e:	02500593          	li	a1,37
    6f12:	435c                	lw	a5,4(a4)
    6f14:	0017e793          	ori	a5,a5,1
    6f18:	c35c                	sw	a5,4(a4)
    6f1a:	fb200793          	li	a5,-78
    6f1e:	00f40323          	sb	a5,6(s0)
    6f22:	479d                	li	a5,7
    6f24:	1fffb717          	auipc	a4,0x1fffb
    6f28:	0af70ba3          	sb	a5,183(a4) # 20001fdb <gBleIPPara+0x7>
    6f2c:	1fffb797          	auipc	a5,0x1fffb
    6f30:	0a078423          	sb	zero,168(a5) # 20001fd4 <gBleIPPara>
    6f34:	a7cfe0ef          	jal	ra,51b0 <BLE_SetPHYRxMode>
    6f38:	1fffb717          	auipc	a4,0x1fffb
    6f3c:	11870713          	addi	a4,a4,280 # 20002050 <gptrRFENDReg>
    6f40:	4314                	lw	a3,0(a4)
    6f42:	4501                	li	a0,0
    6f44:	56dc                	lw	a5,44(a3)
    6f46:	9bf5                	andi	a5,a5,-3
    6f48:	d6dc                	sw	a5,44(a3)
    6f4a:	00544783          	lbu	a5,5(s0)
    6f4e:	4090                	lw	a2,0(s1)
    6f50:	844a                	mv	s0,s2
    6f52:	07f7f693          	andi	a3,a5,127
    6f56:	421c                	lw	a5,0(a2)
    6f58:	893a                	mv	s2,a4
    6f5a:	f807f793          	andi	a5,a5,-128
    6f5e:	8fd5                	or	a5,a5,a3
    6f60:	c21c                	sw	a5,0(a2)
    6f62:	1fffb797          	auipc	a5,0x1fffb
    6f66:	f2a7c783          	lbu	a5,-214(a5) # 20001e8c <bleClock_t+0xc>
    6f6a:	c791                	beqz	a5,6f76 <LL_InitiateSetRF+0x112>
    6f6c:	1fffb797          	auipc	a5,0x1fffb
    6f70:	16478793          	addi	a5,a5,356 # 200020d0 <pfnInitHandle>
    6f74:	4388                	lw	a0,0(a5)
    6f76:	fd2f90ef          	jal	ra,748 <TMOS_SysRegister>
    6f7a:	4098                	lw	a4,0(s1)
    6f7c:	003306b7          	lui	a3,0x330
    6f80:	431c                	lw	a5,0(a4)
    6f82:	e7f7f793          	andi	a5,a5,-385
    6f86:	c31c                	sw	a5,0(a4)
    6f88:	431c                	lw	a5,0(a4)
    6f8a:	e7f7f793          	andi	a5,a5,-385
    6f8e:	1007e793          	ori	a5,a5,256
    6f92:	c31c                	sw	a5,0(a4)
    6f94:	00092703          	lw	a4,0(s2)
    6f98:	40b2                	lw	ra,12(sp)
    6f9a:	4492                	lw	s1,4(sp)
    6f9c:	471c                	lw	a5,8(a4)
    6f9e:	4902                	lw	s2,0(sp)
    6fa0:	8fd5                	or	a5,a5,a3
    6fa2:	c71c                	sw	a5,8(a4)
    6fa4:	401c                	lw	a5,0(s0)
    6fa6:	05900713          	li	a4,89
    6faa:	4422                	lw	s0,8(sp)
    6fac:	cbb8                	sw	a4,80(a5)
    6fae:	1fffb717          	auipc	a4,0x1fffb
    6fb2:	020705a3          	sb	zero,43(a4) # 20001fd9 <gBleIPPara+0x5>
    6fb6:	1fffb717          	auipc	a4,0x1fffb
    6fba:	00070fa3          	sb	zero,31(a4) # 20001fd5 <gBleIPPara+0x1>
    6fbe:	4705                	li	a4,1
    6fc0:	c398                	sw	a4,0(a5)
    6fc2:	0141                	addi	sp,sp,16
    6fc4:	8082                	ret
    6fc6:	8082                	ret
    6fc8:	b7e5                	j	6fb0 <LL_InitiateSetRF+0x14c>
    6fca:	e6b2                	.2byte	0xe6b2
    6fcc:	b694                	sb	a3,9(a3)
    6fce:	88e5                	andi	s1,s1,25
    6fd0:	20b0                	lbu	a2,2(s1)
    6fd2:	656c                	.2byte	0x656c
    6fd4:	5f64                	lw	s1,124(a4)
    6fd6:	6174                	.2byte	0x6174
    6fd8:	e5206b73          	csrrsi	s6,0xe52,0
    6fdc:	80e9918f          	.4byte	0x80e9918f
    6fe0:	e781                	bnez	a5,6fe8 <LL_InitiateSetRF+0x184>
    6fe2:	849a                	mv	s1,t1
    6fe4:	b8e4                	sb	s1,23(s1)
    6fe6:	e58d                	bnez	a1,7010 <LL_InitiateSetRF+0x1ac>
    6fe8:	a6b8                	sb	a4,10(a3)
    6fea:	95e6                	add	a1,a1,s9
    6fec:	e6b0                	.2byte	0xe6b0
    6fee:	ae8d                	j	7360 <gpio_pins+0x68>
    6ff0:	b6e6                	sh	s1,46(a3)
    6ff2:	e688                	.2byte	0xe688
    6ff4:	af81                	j	7744 <__clz_tab+0x34>
    6ff6:	0d8280e3          	beq	t0,s8,78b6 <__sf_fake_stdin+0x66>
    6ffa:	0000                	unimp
    6ffc:	4d70                	lw	a2,92(a0)
    6ffe:	3e2d6773          	csrrsi	a4,0x3e2,26
    7002:	7665                	lui	a2,0xffff9
    7004:	6e65                	lui	t3,0x19
    7006:	3d74                	lbu	a3,31(a0)
    7008:	7825                	lui	a6,0xfffe9
    700a:	708cbcef          	jal	s9,d2712 <_data_lma+0xcae0e>
    700e:	734d                	lui	t1,0xffff3
    7010:	733e2d67          	.4byte	0x733e2d67
    7014:	6174                	.2byte	0x6174
    7016:	7574                	.2byte	0x7574
    7018:	78253d73          	csrrc	s10,0x782,a0
    701c:	0a0d                	addi	s4,s4,3
    701e:	0000                	unimp
    7020:	4d70                	lw	a2,92(a0)
    7022:	3e2d6773          	csrrsi	a4,0x3e2,26
    7026:	7665                	lui	a2,0xffff9
    7028:	6e65                	lui	t3,0x19
    702a:	2074                	lbu	a3,6(s0)
    702c:	3025                	jal	6854 <RFEND_TXCtune+0x7ca>
    702e:	7834                	.2byte	0x7834
    7030:	0a0d                	addi	s4,s4,3
    7032:	0000                	unimp
    7034:	88e6                	mv	a7,s9
    7036:	e590                	.2byte	0xe590
    7038:	9f8a                	add	t6,t6,sp
    703a:	94e6                	add	s1,s1,s9
    703c:	e5b6                	.2byte	0xe5b6
    703e:	b088                	sb	a0,1(s1)
    7040:	6c20                	.2byte	0x6c20
    7042:	6465                	lui	s0,0x19
    7044:	745f 7361 206b      	.byte	0x5f, 0x74, 0x61, 0x73, 0x6b, 0x20
    704a:	e6849ae7          	.4byte	0xe6849ae7
    704e:	88b6                	mv	a7,a3
    7050:	81e6                	mv	gp,s9
    7052:	8cbcefaf          	.4byte	0x8cbcefaf
    7056:	b9e5                	j	6d4e <RFEND_TXCtune+0xcc4>
    7058:	e8b6                	.2byte	0xe8b6
    705a:	8fe5a6a7          	.4byte	0x8fe5a6a7
    705e:	2091                	jal	70a2 <LL_InitiateSetRF+0x23e>
    7060:	656c                	.2byte	0x656c
    7062:	4d64                	lw	s1,92(a0)
    7064:	745f6773          	csrrsi	a4,0x745,30
    7068:	7361                	lui	t1,0xffff8
    706a:	9ae7206b          	.4byte	0x9ae7206b
    706e:	e484                	.2byte	0xe484
    7070:	8bba                	mv	s7,a4
    7072:	bbe4                	sb	s1,23(a5)
    7074:	32b6                	lhu	a3,34(a3)
    7076:	0d8280e3          	beq	t0,s8,7936 <_data_lma+0x32>
    707a:	0000                	unimp
    707c:	b7e5                	j	7064 <LL_InitiateSetRF+0x200>
    707e:	e6b2                	.2byte	0xe6b2
    7080:	b694                	sb	a3,9(a3)
    7082:	88e5                	andi	s1,s1,25
    7084:	20b0                	lbu	a2,2(s1)
    7086:	656c                	.2byte	0x656c
    7088:	4d64                	lw	s1,92(a0)
    708a:	745f6773          	csrrsi	a4,0x745,30
    708e:	7361                	lui	t1,0xffff8
    7090:	8fe5206b          	.4byte	0x8fe5206b
    7094:	e991                	bnez	a1,70a8 <LL_InitiateSetRF+0x244>
    7096:	8180                	lbu	s0,3(sp)
    7098:	e5849ae7          	.4byte	0xe5849ae7
    709c:	a6b8                	sb	a4,10(a3)
    709e:	95e6                	add	a1,a1,s9
    70a0:	e6b0                	.2byte	0xe6b0
    70a2:	ae8d                	j	7414 <gpio_pins+0x11c>
    70a4:	b6e6                	sh	s1,46(a3)
    70a6:	e688                	.2byte	0xe688
    70a8:	af81                	j	77f8 <__clz_tab+0xe8>
    70aa:	0d8280e3          	beq	t0,s8,796a <_data_lma+0x66>
    70ae:	0000                	unimp
    70b0:	6164                	.2byte	0x6164
    70b2:	6174                	.2byte	0x6174
    70b4:	003a                	c.slli	zero,0xe
    70b6:	0000                	unimp
    70b8:	2520                	lbu	s0,10(a0)
    70ba:	0064                	addi	s1,sp,12
    70bc:	89e6                	mv	s3,s9
    70be:	80bce593          	ori	a1,s9,-2037
    70c2:	6c20                	.2byte	0x6c20
    70c4:	6465                	lui	s0,0x19
    70c6:	352c                	lbu	a1,11(a0)
    70c8:	3030                	lbu	a2,3(s0)
    70ca:	736d                	lui	t1,0xffffb
    70cc:	e520                	.2byte	0xe520
    70ce:	8e90                	.2byte	0x8e90
    70d0:	85e5                	srai	a1,a1,0x19
    70d2:	ad97e9b3          	.4byte	0xad97e9b3
    70d6:	0d20                	addi	s0,sp,664
    70d8:	0000                	unimp
    70da:	0000                	unimp
    70dc:	85e5                	srai	a1,a1,0x19
    70de:	ad97e9b3          	.4byte	0xad97e9b3
    70e2:	6c20                	.2byte	0x6c20
    70e4:	6465                	lui	s0,0x19
    70e6:	312c                	lbu	a1,3(a0)
    70e8:	3030                	lbu	a2,3(s0)
    70ea:	6d30                	.2byte	0x6d30
    70ec:	90e52073          	csrs	0x90e,a0
    70f0:	e58e                	.2byte	0xe58e
    70f2:	80bc                	lhu	a5,16(sp)
    70f4:	90e5                	srli	s1,s1,0x39
    70f6:	000d20af          	amoadd.w	ra,zero,(s10)
    70fa:	0000                	unimp
    70fc:	7552                	.2byte	0x7552
    70fe:	206e                	lhu	a1,6(s0)
    7100:	4554                	lw	a3,12(a0)
    7102:	455f5453          	.4byte	0x455f5453
    7106:	4556                	lw	a0,84(sp)
    7108:	544e                	lw	s0,240(sp)
    710a:	335f 6920 206e      	.byte	0x5f, 0x33, 0x20, 0x69, 0x6e, 0x20
    7110:	656c                	.2byte	0x656c
    7112:	5f64                	lw	s1,124(a4)
    7114:	6574                	.2byte	0x6574
    7116:	000d6b73          	csrrsi	s6,ustatus,26
    711a:	0000                	unimp
    711c:	202a                	lhu	a0,2(s0)
    711e:	0000                	unimp
    7120:	32334843          	.4byte	0x32334843
    7124:	3256                	lhu	a3,36(a2)
    7126:	7830                	.2byte	0x7830
    7128:	425f 454c 4c5f      	.byte	0x5f, 0x42, 0x4c, 0x45, 0x5f, 0x4c
    712e:	4249                	li	tp,18
    7130:	565f 2e31 0034      	.byte	0x5f, 0x56, 0x31, 0x2e, 0x34, 0x00
    7136:	0000                	unimp
    7138:	6568                	.2byte	0x6568
    713a:	6461                	lui	s0,0x18
    713c:	6620                	.2byte	0x6620
    713e:	6c69                	lui	s8,0x1a
    7140:	2065                	jal	71e8 <LL_InitiateSetRF+0x384>
    7142:	7265                	lui	tp,0xffff9
    7144:	6f72                	.2byte	0x6f72
    7146:	2e72                	lhu	a2,30(a2)
    7148:	2e2e                	lhu	a1,26(a2)
    714a:	0000                	unimp
    714c:	494c                	lw	a1,20(a0)
    714e:	2042                	lhu	s0,4(s0)
    7150:	6e69                	lui	t3,0x1a
    7152:	7469                	lui	s0,0xffffa
    7154:	6520                	.2byte	0x6520
    7156:	7272                	.2byte	0x7272
    7158:	6320726f          	jal	tp,e78a <_data_lma+0x6e86>
    715c:	3a65646f          	jal	s0,5d502 <_data_lma+0x55bfe>
    7160:	2520                	lbu	s0,10(a0)
    7162:	2078                	lbu	a4,6(s0)
    7164:	2e2e                	lhu	a1,26(a2)
    7166:	0a2e                	slli	s4,s4,0xb
    7168:	0000                	unimp
    716a:	0000                	unimp
    716c:	4d54                	lw	a3,28(a0)
    716e:	545f534f          	.4byte	0x545f534f
    7172:	6d69                	lui	s10,0x1a
    7174:	7265                	lui	tp,0xffff9
    7176:	6e49                	lui	t3,0x12
    7178:	7469                	lui	s0,0xffffa
    717a:	6520                	.2byte	0x6520
    717c:	7272                	.2byte	0x7272
    717e:	2520                	lbu	s0,10(a0)
    7180:	0a78                	addi	a4,sp,284
    7182:	0000                	unimp
    7184:	2a9c                	lbu	a5,16(a3)
    7186:	0000                	unimp
    7188:	2ac0                	lbu	s0,20(a3)
    718a:	0000                	unimp
    718c:	2ab6                	lhu	a3,18(a3)
    718e:	0000                	unimp
    7190:	2a9c                	lbu	a5,16(a3)
    7192:	0000                	unimp
    7194:	2abc                	lbu	a5,18(a3)
    7196:	0000                	unimp
    7198:	4150                	lw	a2,4(a0)
    719a:	0030                	addi	a2,sp,8
    719c:	4150                	lw	a2,4(a0)
    719e:	0031                	c.nop	12
    71a0:	4150                	lw	a2,4(a0)
    71a2:	0032                	c.slli	zero,0xc
    71a4:	4150                	lw	a2,4(a0)
    71a6:	41500033          	neg	zero,s5
    71aa:	0034                	addi	a3,sp,8
    71ac:	4150                	lw	a2,4(a0)
    71ae:	0035                	c.nop	13
    71b0:	4150                	lw	a2,4(a0)
    71b2:	0036                	c.slli	zero,0xd
    71b4:	4150                	lw	a2,4(a0)
    71b6:	41500037          	lui	zero,0x41500
    71ba:	0038                	addi	a4,sp,8
    71bc:	4150                	lw	a2,4(a0)
    71be:	0039                	c.nop	14
    71c0:	4150                	lw	a2,4(a0)
    71c2:	3031                	jal	69ce <RFEND_TXCtune+0x944>
    71c4:	0000                	unimp
    71c6:	0000                	unimp
    71c8:	4150                	lw	a2,4(a0)
    71ca:	3131                	jal	6dd6 <tmos_memory_getlen+0x18>
    71cc:	0000                	unimp
    71ce:	0000                	unimp
    71d0:	4150                	lw	a2,4(a0)
    71d2:	3231                	jal	6ade <RFEND_TXCtune+0xa54>
    71d4:	0000                	unimp
    71d6:	0000                	unimp
    71d8:	4150                	lw	a2,4(a0)
    71da:	3331                	jal	6ee6 <LL_InitiateSetRF+0x82>
    71dc:	0000                	unimp
    71de:	0000                	unimp
    71e0:	4150                	lw	a2,4(a0)
    71e2:	3431                	jal	6bee <RFEND_TXCtune+0xb64>
    71e4:	0000                	unimp
    71e6:	0000                	unimp
    71e8:	4150                	lw	a2,4(a0)
    71ea:	3531                	jal	6ff6 <LL_InitiateSetRF+0x192>
    71ec:	0000                	unimp
    71ee:	0000                	unimp
    71f0:	4250                	lw	a2,4(a2)
    71f2:	0030                	addi	a2,sp,8
    71f4:	4250                	lw	a2,4(a2)
    71f6:	0031                	c.nop	12
    71f8:	4250                	lw	a2,4(a2)
    71fa:	0032                	c.slli	zero,0xc
    71fc:	4250                	lw	a2,4(a2)
    71fe:	42500033          	.4byte	0x42500033
    7202:	0034                	addi	a3,sp,8
    7204:	4250                	lw	a2,4(a2)
    7206:	0035                	c.nop	13
    7208:	4250                	lw	a2,4(a2)
    720a:	0036                	c.slli	zero,0xd
    720c:	4250                	lw	a2,4(a2)
    720e:	42500037          	lui	zero,0x42500
    7212:	0038                	addi	a4,sp,8
    7214:	4250                	lw	a2,4(a2)
    7216:	0039                	c.nop	14
    7218:	4250                	lw	a2,4(a2)
    721a:	3031                	jal	6a26 <RFEND_TXCtune+0x99c>
    721c:	0000                	unimp
    721e:	0000                	unimp
    7220:	4250                	lw	a2,4(a2)
    7222:	3131                	jal	6e2e <tmos_memory_init+0x44>
    7224:	0000                	unimp
    7226:	0000                	unimp
    7228:	4250                	lw	a2,4(a2)
    722a:	3231                	jal	6b36 <RFEND_TXCtune+0xaac>
    722c:	0000                	unimp
    722e:	0000                	unimp
    7230:	4250                	lw	a2,4(a2)
    7232:	3331                	jal	6f3e <LL_InitiateSetRF+0xda>
    7234:	0000                	unimp
    7236:	0000                	unimp
    7238:	4250                	lw	a2,4(a2)
    723a:	3431                	jal	6c46 <RFEND_TXCtune+0xbbc>
    723c:	0000                	unimp
    723e:	0000                	unimp
    7240:	4250                	lw	a2,4(a2)
    7242:	3531                	jal	704e <LL_InitiateSetRF+0x1ea>
    7244:	0000                	unimp
    7246:	0000                	unimp
    7248:	4350                	lw	a2,4(a4)
    724a:	0030                	addi	a2,sp,8
    724c:	4350                	lw	a2,4(a4)
    724e:	0031                	c.nop	12
    7250:	4350                	lw	a2,4(a4)
    7252:	0032                	c.slli	zero,0xc
    7254:	4350                	lw	a2,4(a4)
    7256:	43500033          	.4byte	0x43500033
    725a:	0034                	addi	a3,sp,8
    725c:	4350                	lw	a2,4(a4)
    725e:	0035                	c.nop	13
    7260:	4350                	lw	a2,4(a4)
    7262:	0036                	c.slli	zero,0xd
    7264:	4350                	lw	a2,4(a4)
    7266:	43500037          	lui	zero,0x43500
    726a:	0038                	addi	a4,sp,8
    726c:	4350                	lw	a2,4(a4)
    726e:	0039                	c.nop	14
    7270:	4350                	lw	a2,4(a4)
    7272:	3031                	jal	6a7e <RFEND_TXCtune+0x9f4>
    7274:	0000                	unimp
    7276:	0000                	unimp
    7278:	4350                	lw	a2,4(a4)
    727a:	3131                	jal	6e86 <LL_InitiateSetRF+0x22>
    727c:	0000                	unimp
    727e:	0000                	unimp
    7280:	4350                	lw	a2,4(a4)
    7282:	3231                	jal	6b8e <RFEND_TXCtune+0xb04>
    7284:	0000                	unimp
    7286:	0000                	unimp
    7288:	4350                	lw	a2,4(a4)
    728a:	3331                	jal	6f96 <LL_InitiateSetRF+0x132>
    728c:	0000                	unimp
    728e:	0000                	unimp
    7290:	4350                	lw	a2,4(a4)
    7292:	3431                	jal	6c9e <RFEND_TXCtune+0xc14>
    7294:	0000                	unimp
    7296:	0000                	unimp
    7298:	4350                	lw	a2,4(a4)
    729a:	3531                	jal	70a6 <LL_InitiateSetRF+0x242>
    729c:	0000                	unimp
    729e:	0000                	unimp
    72a0:	4450                	lw	a2,12(s0)
    72a2:	0030                	addi	a2,sp,8
    72a4:	4450                	lw	a2,12(s0)
    72a6:	0031                	c.nop	12
    72a8:	4450                	lw	a2,12(s0)
    72aa:	0032                	c.slli	zero,0xc
    72ac:	4450                	lw	a2,12(s0)
    72ae:	44500033          	.4byte	0x44500033
    72b2:	0034                	addi	a3,sp,8
    72b4:	4450                	lw	a2,12(s0)
    72b6:	0035                	c.nop	13
    72b8:	4450                	lw	a2,12(s0)
    72ba:	0036                	c.slli	zero,0xd
    72bc:	4450                	lw	a2,12(s0)
    72be:	44500037          	lui	zero,0x44500
    72c2:	0038                	addi	a4,sp,8
    72c4:	4450                	lw	a2,12(s0)
    72c6:	0039                	c.nop	14
    72c8:	4450                	lw	a2,12(s0)
    72ca:	3031                	jal	6ad6 <RFEND_TXCtune+0xa4c>
    72cc:	0000                	unimp
    72ce:	0000                	unimp
    72d0:	4450                	lw	a2,12(s0)
    72d2:	3131                	jal	6ede <LL_InitiateSetRF+0x7a>
    72d4:	0000                	unimp
    72d6:	0000                	unimp
    72d8:	4450                	lw	a2,12(s0)
    72da:	3231                	jal	6be6 <RFEND_TXCtune+0xb5c>
    72dc:	0000                	unimp
    72de:	0000                	unimp
    72e0:	4450                	lw	a2,12(s0)
    72e2:	3331                	jal	6fee <LL_InitiateSetRF+0x18a>
    72e4:	0000                	unimp
    72e6:	0000                	unimp
    72e8:	4450                	lw	a2,12(s0)
    72ea:	3431                	jal	6cf6 <RFEND_TXCtune+0xc6c>
    72ec:	0000                	unimp
    72ee:	0000                	unimp
    72f0:	4450                	lw	a2,12(s0)
    72f2:	3531                	jal	70fe <LL_InitiateSetRF+0x29a>
    72f4:	0000                	unimp
	...

000072f8 <gpio_pins>:
    72f8:	0000 0000 0800 4001 0001 0000 7198 0000     .......@.....q..
    7308:	0001 0000 0800 4001 0002 0000 719c 0000     .......@.....q..
    7318:	0002 0000 0800 4001 0004 0000 71a0 0000     .......@.....q..
    7328:	0003 0000 0800 4001 0008 0000 71a4 0000     .......@.....q..
    7338:	0004 0000 0800 4001 0010 0000 71a8 0000     .......@.....q..
    7348:	0005 0000 0800 4001 0020 0000 71ac 0000     .......@ ....q..
    7358:	0006 0000 0800 4001 0040 0000 71b0 0000     .......@@....q..
    7368:	0007 0000 0800 4001 0080 0000 71b4 0000     .......@.....q..
    7378:	0008 0000 0800 4001 0100 0000 71b8 0000     .......@.....q..
    7388:	0009 0000 0800 4001 0200 0000 71bc 0000     .......@.....q..
    7398:	000a 0000 0800 4001 0400 0000 71c0 0000     .......@.....q..
    73a8:	000b 0000 0800 4001 0800 0000 71c8 0000     .......@.....q..
    73b8:	000c 0000 0800 4001 1000 0000 71d0 0000     .......@.....q..
    73c8:	000d 0000 0800 4001 2000 0000 71d8 0000     .......@. ...q..
    73d8:	000e 0000 0800 4001 4000 0000 71e0 0000     .......@.@...q..
    73e8:	000f 0000 0800 4001 8000 0000 71e8 0000     .......@.....q..
    73f8:	0010 0000 0c00 4001 0001 0000 71f0 0000     .......@.....q..
    7408:	0011 0000 0c00 4001 0002 0000 71f4 0000     .......@.....q..
    7418:	0012 0000 0c00 4001 0004 0000 71f8 0000     .......@.....q..
    7428:	0013 0000 0c00 4001 0008 0000 71fc 0000     .......@.....q..
    7438:	0014 0000 0c00 4001 0010 0000 7200 0000     .......@.....r..
    7448:	0015 0000 0c00 4001 0020 0000 7204 0000     .......@ ....r..
    7458:	0016 0000 0c00 4001 0040 0000 7208 0000     .......@@....r..
    7468:	0017 0000 0c00 4001 0080 0000 720c 0000     .......@.....r..
    7478:	0018 0000 0c00 4001 0100 0000 7210 0000     .......@.....r..
    7488:	0019 0000 0c00 4001 0200 0000 7214 0000     .......@.....r..
    7498:	001a 0000 0c00 4001 0400 0000 7218 0000     .......@.....r..
    74a8:	001b 0000 0c00 4001 0800 0000 7220 0000     .......@.... r..
    74b8:	001c 0000 0c00 4001 1000 0000 7228 0000     .......@....(r..
    74c8:	001d 0000 0c00 4001 2000 0000 7230 0000     .......@. ..0r..
    74d8:	001e 0000 0c00 4001 4000 0000 7238 0000     .......@.@..8r..
    74e8:	001f 0000 0c00 4001 8000 0000 7240 0000     .......@....@r..
    74f8:	0020 0000 1000 4001 0001 0000 7248 0000      ......@....Hr..
    7508:	0021 0000 1000 4001 0002 0000 724c 0000     !......@....Lr..
    7518:	0022 0000 1000 4001 0004 0000 7250 0000     "......@....Pr..
    7528:	0023 0000 1000 4001 0008 0000 7254 0000     #......@....Tr..
    7538:	0024 0000 1000 4001 0010 0000 7258 0000     $......@....Xr..
    7548:	0025 0000 1000 4001 0020 0000 725c 0000     %......@ ...\r..
    7558:	0026 0000 1000 4001 0040 0000 7260 0000     &......@@...`r..
    7568:	0027 0000 1000 4001 0080 0000 7264 0000     '......@....dr..
    7578:	0028 0000 1000 4001 0100 0000 7268 0000     (......@....hr..
    7588:	0029 0000 1000 4001 0200 0000 726c 0000     )......@....lr..
    7598:	002a 0000 1000 4001 0400 0000 7270 0000     *......@....pr..
    75a8:	002b 0000 1000 4001 0800 0000 7278 0000     +......@....xr..
    75b8:	002c 0000 1000 4001 1000 0000 7280 0000     ,......@.....r..
    75c8:	002d 0000 1000 4001 2000 0000 7288 0000     -......@. ...r..
    75d8:	002e 0000 1000 4001 4000 0000 7290 0000     .......@.@...r..
    75e8:	002f 0000 1000 4001 8000 0000 7298 0000     /......@.....r..
    75f8:	0030 0000 1400 4001 0001 0000 72a0 0000     0......@.....r..
    7608:	0031 0000 1400 4001 0002 0000 72a4 0000     1......@.....r..
    7618:	0032 0000 1400 4001 0004 0000 72a8 0000     2......@.....r..
    7628:	0033 0000 1400 4001 0008 0000 72ac 0000     3......@.....r..
    7638:	0034 0000 1400 4001 0010 0000 72b0 0000     4......@.....r..
    7648:	0035 0000 1400 4001 0020 0000 72b4 0000     5......@ ....r..
    7658:	0036 0000 1400 4001 0040 0000 72b8 0000     6......@@....r..
    7668:	0037 0000 1400 4001 0080 0000 72bc 0000     7......@.....r..
    7678:	0038 0000 1400 4001 0100 0000 72c0 0000     8......@.....r..
    7688:	0039 0000 1400 4001 0200 0000 72c4 0000     9......@.....r..
    7698:	003a 0000 1400 4001 0400 0000 72c8 0000     :......@.....r..
    76a8:	003b 0000 1400 4001 0800 0000 72d0 0000     ;......@.....r..
    76b8:	003c 0000 1400 4001 1000 0000 72d8 0000     <......@.....r..
    76c8:	003d 0000 1400 4001 2000 0000 72e0 0000     =......@. ...r..
    76d8:	003e 0000 1400 4001 4000 0000 72e8 0000     >......@.@...r..
    76e8:	003f 0000 1400 4001 8000 0000 72f0 0000     ?......@.....r..

000076f8 <VER_LIB>:
    76f8:	4843 3233 3256 7830 425f 454c 4c5f 4249     CH32V20x_BLE_LIB
    7708:	565f 2e31 3034 0000                         _V1.40..

00007710 <__clz_tab>:
    7710:	0100 0202 0303 0303 0404 0404 0404 0404     ................
    7720:	0505 0505 0505 0505 0505 0505 0505 0505     ................
    7730:	0606 0606 0606 0606 0606 0606 0606 0606     ................
    7740:	0606 0606 0606 0606 0606 0606 0606 0606     ................
    7750:	0707 0707 0707 0707 0707 0707 0707 0707     ................
    7760:	0707 0707 0707 0707 0707 0707 0707 0707     ................
    7770:	0707 0707 0707 0707 0707 0707 0707 0707     ................
    7780:	0707 0707 0707 0707 0707 0707 0707 0707     ................
    7790:	0808 0808 0808 0808 0808 0808 0808 0808     ................
    77a0:	0808 0808 0808 0808 0808 0808 0808 0808     ................
    77b0:	0808 0808 0808 0808 0808 0808 0808 0808     ................
    77c0:	0808 0808 0808 0808 0808 0808 0808 0808     ................
    77d0:	0808 0808 0808 0808 0808 0808 0808 0808     ................
    77e0:	0808 0808 0808 0808 0808 0808 0808 0808     ................
    77f0:	0808 0808 0808 0808 0808 0808 0808 0808     ................
    7800:	0808 0808 0808 0808 0808 0808 0808 0808     ................

00007810 <__sf_fake_stderr>:
	...

00007830 <__sf_fake_stdout>:
	...

00007850 <__sf_fake_stdin>:
	...
    7870:	2d23 2b30 0020 0000 6c68 004c 6665 4567     #-0+ ...hlL.efgE
    7880:	4746 0000 3130 3332 3534 3736 3938 4241     FG..0123456789AB
    7890:	4443 4645 0000 0000 3130 3332 3534 3736     CDEF....01234567
    78a0:	3938 6261 6463 6665 0000 0000 c9b0 ffff     89abcdef........
    78b0:	c9c6 ffff c986 ffff c986 ffff c986 ffff     ................
    78c0:	c986 ffff c9c6 ffff c986 ffff c986 ffff     ................
    78d0:	c986 ffff c986 ffff cb24 ffff ca2a ffff     ........$...*...
    78e0:	cabe ffff c986 ffff c986 ffff cb52 ffff     ............R...
    78f0:	c986 ffff ca2a ffff c986 ffff c986 ffff     ....*...........
    7900:	cac6 ffff                                   ....
