:040000006F405017E6
:10000400000000000000000044A2000054A2000010
:10001400000000004001000000000000000000009B
:1000240040010000724900000000000000000000D0
:100034007249000000000000724900000000000046
:1000440072490000724900007249000072490000C0
:100054007249000072490000DC9200000C93000019
:100064003C9300006C9300009C93000072490000D4
:100074007249000072490000724900007249000090
:100084007249000072490000724900007249000080
:10009400363800007249000072490000CC93000019
:1000A4007249000072490000724900007249000060
:1000B40080A20000724900007249000072490000E9
:1000C4007249000072490000724900007249000040
:1000D40072490000724900005C8700007249000008
:1000E40072490000108400001E38000072490000AC
:1000F4007249000072490000724900006CA20000BD
:100104002414000072490000724900007249000082
:100114007249000072490000000000000000000065
:1001240000000000000000000000000000000000CB
:0C013400000000000000000000000000BF
:100140009305000273A04580824573901534924058
:100150002242B2424243D2436244F2440255925593
:100160002256B2564257D2576258F258064996491B
:10017000264AB64A464BD64B664CF64C065D965D13
:10018000265EB65E465FD65F09617300203041117E
:1001900006C622C40008C52BFDBF23AC05FE1C41CA
:1001A00081E70CC18280BA8703A787FF6DFF23AC6C
:1001B000B7FE8280411126C24AC0B744024006C63B
:1001C00022C403A9C42023A604200F10000009E9BB
:1001D00023A62421B2402244924402494101828054
:1001E0002A842105BD654205C18D4181EF10C00003
:1001F00001CDFD5723200500231285002303F500C0
:1002000023A624212105F9B723A624210145D9B726
:1002100001114AC84EC6B747024006CE22CC26CAB4
:1002200083A9C7202A8923A607200F10000097372B
:100230000020938727B080438144014619E499E860
:10024000A1654A85EFB0703A15A08347E4FF639B30
:10025000270395CCA685173500201305A5ADEFB073
:10026000E07179DCA1654A85EFB03012F24062445A
:10027000B747024023A6372126854249D244B249D6
:100280000561828091E02286032484FF45BFA28419
:10029000E5BF973700209387E7AE9C4399E33E85FF
:1002A000828003D727006316B70003C70700E3085F
:1002B000A7FEDC47E5B7B747024003A7C72023A640
:1002C00007200F10000001C599C1814711E6B7470B
:1002D000024023A6E7208280B386F50003C806000B
:1002E000B306F500850723800601E317F6FEC5B7C0
:1002F000374702408327C720232607200F1000001E
:1003000019C191C111E6374702402326F7208280A8
:10031000910503A7C5FF11057D16232EE5FEDDB768
:10032000374702408327C720232607200F100000ED
:1003300001C53307C50011E6374702402326F720E1
:1003400082800505A30FB5FEE31DE5FEF5B7B747AF
:10035000024083A6C72023A607200F100000814774
:100360003307F5000307070019E737470240232644
:10037000D7203E8582808507E5B7011126CA4AC885
:10038000B747024006CE22CC83A4C7202A892E86F6
:1003900023A607200F100000131506019305F00493
:1003A000418132C6EF0050652A8401C53246CA85B4
:1003B00019372285F2406244B747024023A69720AE
:1003C0004249D24405618280B747024003A7C72053
:1003D00023A607200F10000001C599C1814711EA2B
:1003E000B747024023A6E720054582808507E30939
:1003F000F6FE3308F500B386F5000348080083C60F
:100400000600E305D8FEB747024023A6E7200145D2
:100410008280B747024003A7C72023A607200F10FA
:1004200000009307F6FFBE952A966317C500B747ED
:10043000024023A6E7208280FD1583C7150005052D
:10044000A30FF5FEDDB7374702408327C7202326D9
:1004500007200F10000001C53307C50019E6374714
:1004600002402326F7200145828005058346F5FFDB
:10047000E397B6FEE31BE5FE374702402326F7204D
:10048000054582807971973700209387A78F22D402
:10049000804306D626D24AD04ECE52CC56CA5AC82F
:1004A0005EC669C0B7C4C901014B97390020938962
:1004B000E98C9384F437173A0020130AEA8C973AB0
:1004C0000020938A6A87173900201309699083579F
:1004D000240095E35C44631D0B00173700202323A1
:1004E000F78A832BC4002285EF00F05F5E84A9A801
:1004F0002326FB00FDB783A7090082971C4433071E
:10050000F5406376F500032749001D8F2A9763E0C5
:10051000E4089737002023A9078283552400034568
:100520000400EFB080665C405844A1CB0C44032625
:100530004900AE97BE8663E4B70063E4C700B386A4
:10054000C74014C4228B3A8459F097270020938720
:10055000A77E9C4B05476372F706FD1717270020FF
:100560002324F77EB250225492540259F249624A2F
:10057000D24A424BB24B4561828063170B009737DA
:10058000002023A1E780B1BF2326EB0099BF0327FA
:100590008A0209CF63EFA7003385A74083A70A012A
:1005A0006376F5009727002023A0A77A228B40448A
:1005B00061BF03274900BA97C5B79727002023A535
:1005C00007784DB701114EC6B747024006CE22CC80
:1005D00026CA4AC852C483A9C72023A607200F10E1
:1005E0000000172900201309A97E9727002083C740
:1005F000E77E03254900ADC39737002083D7C7891D
:10060000A1CF972700209387E77D03A4070B6305FD
:10061000A4049727002093872772984B3E8A63078C
:10062000A71097240020938464759C408297636B85
:10063000A40E9C40098C829703270A016373E4008F
:100640002287B307A7003E858326490063E4E700BD
:1006500063E4D7003385D740B747024023A637214C
:1006600083274900639FA702172400201304C46C4A
:10067000184897270020938767709C43631AA70A3E
:10068000829783264900B74736FE938707C8B697F7
:100690003387A7003A856364F7006364D7003305A6
:1006A000D740173400201304A4875C5081CF9737BC
:1006B00000209387A78E94433707CDFF7D179C4674
:1006C000F98F9CC619E1032549008547173700209B
:1006D000232EF784972700209387076B9C578297D8
:1006E00011ED5C5099CB5C4489CBEFC0203CEFB05E
:1006F000305C9737002023AB078269335C5099CB7D
:1007000097370020938787899843B70633001C47A3
:10071000D58F1CC7F2406244D2444249B249224AB2
:1007200005618280832749003E9421B722852DB739
:100730008297144803274900B387A6003E8563E4E7
:10074000D700E3E0E7F63385E740A1BF23A2A18805
:1007500001C585472384F1888280938741889C4323
:1007600081CF411106C6829783C7818899E323A26E
:100770000188B2404101828083C7818881E723A23A
:10078000018882808280411126C206C622C4972732
:10079000002083C7A764972400209384A45C9DE76E
:1007A0009727002083C71778858B1727002013070A
:1007B000277789CF8347770099466395F60C97276B
:1007C0000020A38107762526DC4482979C4491C3B0
:1007D0008297172400201304A45A184017260020DB
:1007E000034696559727002083C707559396170011
:1007F000BA9683D60600DDC29727002083C7C75369
:1008000063E8C70A9727002023880752972700200C
:1008100083C797719724002093848470639607128E
:1008200097270020938787559C43638A0710972753
:1008300000209387E759DC43172700202326F75031
:10084000913197270020938727549C576389070E7F
:1008500083C7740011476364F70E9727002083C78E
:10086000A771918BE9EF83C78188F1EB1040972640
:10087000002083C6764C63C6D70E2244B240924411
:10088000410189B3834777001D47E311F7F49727A8
:100890000020A3890768A12C9C4805BF850793F712
:1008A000F70F972600202389F648E3EDC7F2A9B792
:1008B00086073E97835507002310070097270020DF
:1008C000239C074A97270020938787499C43172535
:1008D00000200345654613172500BA979C4382976D
:1008E0009727002083D74749172700200347C7448D
:1008F00093C7F7FF7D8D9317170018403E978357D6
:1009000007005D8D2310A7009727002083C7C742EB
:1009100091C78507172700202300F7429C4091C705
:1009200082979727002023AF07421727002003470D
:10093000A7409727002083C73740E375F7ECB24004
:10094000224492444101828083C7740093F7F70FD9
:10095000E39807EC97270020A388075CEFB050626C
:10096000C1B51397170032970357070069FB850736
:1009700019B7374702408326C720F177FD17F58F57
:100980002326F72001000100972700209387C73A0C
:10099000C84F832787262326D7206A0593C7F7FFEA
:1009A00099835D8D82809727002083C7173999CF5F
:1009B0009727002083C7874281CF972700209387FE
:1009C000274203A3070063070300028305458280D3
:1009D000094582801305F00F8280972600209386B8
:1009E00066539842411126C21C5F06C622C49983F1
:1009F000858BB684CDC3930700061CDF97270020A4
:100A000083C7075293F707041724002013044451A7
:100A10009DC397270020938767369C43829797272B
:100A2000002023ADA7508347040093F7F70B172747
:100A300000202307F74E8347040093F707029DC366
:100A400083470400A16693F7F70D172700202309B9
:100A5000F74C172700201307274F5C4818438607D9
:100A600014C77CD78347440093F707048DE7854775
:100A700017270020A308F74A972700209387C74C21
:100A80009C43096798C7130700FC97260020238B17
:100A9000E6481848F8D398401C5F9183858B81CB3A
:100AA000C1471CDF854797260020238DF6461C5F33
:100AB0009D83858B89CB930700081CDF854717270B
:100AC00000202301F74697270020938767449C4323
:100AD000D8430583058B19C7D843759BD8C3D84322
:100AE000799BD8C3B2402244924441018280972727
:100AF00000209387674594439727002093874742B8
:100B000003C70700058B09EB03C71700058B09E72F
:100B1000F8527DF783C7570097270020A38407402A
:100B20008280172800201308E83E032708001C5F76
:100B30009583858BBDEB09C61C5BBD832300F60046
:100B400085CA83270800985B460793576701635659
:100B5000070093E707C0C207C18303970600C207D7
:100B6000C18709C7BA970947B3C7E7022390F600C0
:100B700095C18347150099CF3E958347950005475A
:100B8000194593F6F7066393E602E207E1873945D4
:100B900063CE07008327080001459C5FED838D8BA2
:100BA00017270020A303F738828005458280411172
:100BB00022C406C6172400201304043918403DE55A
:100BC000AE877453FDFE3E85B28597270020238AA9
:100BD0000734EFB0B013972700209387A7339C43C7
:100BE000B70680009843558F98C3D857719BD8D7C4
:100BF00097270020A388073297270020A382073277
:100C00001C40094798C31440172700201307473199
:100C100083472700858B99E783473700858B99E3C6
:100C2000FC52FDF7B2402244410182808D4763109F
:100C3000F502972700209387E72D9C43B706800095
:100C40009843558F98C3D857719BD8D76DBF8547A8
:100C5000E31BF5FA5447F977FD17F58F5CC70F10C2
:100C600000001C40096798C7130700F817260020EA
:100C7000230AE62A172700201307C7291043184222
:100C800031830D8B11E713076019F8D3D4C7A5BFC3
:100C90001842094631830D8B6315C7001307E043E3
:100CA000EDB71307E01BD5B75D7152DC172A0020A2
:100CB000130A4A2603270A0086C6A2C4A6C2CAC0CF
:100CC0004EDE1C43972900209389492D17290020C7
:100CD0001309892793F7F7E793E707081CC383A64F
:100CE00009003707CEFF7D179C46130680022A8431
:100CF000F98F9CC6832709002800AE8423A8070427
:100D000093051008EFF0CFE13545EFB0103A832797
:100D10000A009376F41F3706330023A40700984B8C
:100D2000370FFCFF4E881367F70398CBF84FCA883C
:100D3000130510F8137707E0558FF8CF9843F57631
:100D4000FD16758F98C317270020A30D071C832657
:100D5000090017270020A305071C054798C29843E0
:100D6000D285B70204001377F7E798C3984393033B
:100D7000802511491377F7E71367071098C303A776
:100D800009007D1F85491C47930F8002D18F1CC726
:100D900093079005BCCA01473400135337002693CC
:100DA0008347030013767700B3D7C740858BDDCF29
:100DB0009C41832E0800239C07042390070603AE62
:100DC000CE02137EDEFF23A6CE0383AE0700137E82
:100DD000F70793FE0EF833EECE0123A0C70103AE52
:100DE0004702336E5E0023A2C70383AE0800014EA4
:100DF00023A27E0603DA070663074E0303AE07034A
:100E0000038A0600135EFE00620E135E8E41635875
:100E1000CA0103AE0703135EFE002380C60103DE92
:100E20000706137EFE0F03AA4E0663060A0003DAC6
:100E30008705E37F49FB03AE4702337EEE0123A221
:100E4000C70383870600635CF400034E03003396F8
:100E5000C9001346F6FF3376C6012300C3003E8661
:100E600063D3A7002A8613158601618505071377CA
:100E7000F70F8506E313F7F3B64026449644064978
:100E8000F259625A61618280972700209387C70BCD
:100E90009C43D8479316170163D5060298479316CB
:100EA000170163D006027D57B8D717270020130714
:100EB000A7E8584F05079726002023ADE6E81167FD
:100EC00098C798470D83058B1DC31727002003473C
:100ED000470513671700972600202384E6041307AD
:100EE00000F897260020238FE602214798C79847ED
:100EF000058B09CF172700200347970213671700B8
:100F000097260020A38EE600054798C798470983D7
:100F1000058B09E798470583058B35C31727002004
:100F2000A3020700984717260020130666FF97269E
:100F30000020938626FE0983058B9442B2856300C8
:100F40000710984231830D8B65EBB04BD851137667
:100F50000602034717005DCA69EF1307D005D8CF13
:100F600003C705001367170017260020230AE6FAB7
:100F7000114798C7D856719B13671700D8D6984762
:100F80009316370163D606029726002083C646EDE6
:100F9000C18A172700201307E7E4C5CE0347C70718
:100FA0001367070297260020238CE6EA056798C797
:100FB00098479316270163D106021727002003479D
:100FC00067F6620761876357070005479726002089
:100FD000238AE6F4096798C798479316070163D6F2
:100FE00006029726002083C6B6E7858A17270020C9
:100FF000130747DFADCE0347D707136727009726B0
:101000000020A38FE6E4216798C7828039D7054680
:101010006315C7001307100699B709466315C70083
:10102000130750062DBF0D466315C7001307900622
:101030003DB71307B00625B71307C0060DB7034722
:1010400036001367170017260020A30CE6EC0947AB
:101050000DB78346C7070946BD8A6388C6000347A4
:10106000C7078D463D8BE313D7F4114725BF834651
:10107000D707918AC9DA0347D7071367870041B7B3
:1010800097270020938747EC9C439847972600209A
:1010900023A4E6EA944717270020130767E88D8208
:1010A000858A8DC28346270093E616001726002006
:1010B0002309D6E6930600F8172600202304D6E677
:1010C000A14694C79447858A99CA8346170093E638
:1010D000160017260020A305D6E4854694C794473A
:1010E0008982858A89E694478582858AA1CE97265A
:1010F0000020A38906E2944717260020130686E104
:1011000010428982858AD5C21442B1828D8AD9EA79
:10111000AC4B545393F5050283C61600B1CDC1E222
:101120009306D005D4CF8346070093E61600972593
:1011300000202387D5DE914694C75456F19A93E652
:10114000160054D6944713962601635F06000347A2
:10115000470062076187635707000547972600200D
:101160002382E6DC096798C798479316070163D482
:101170000600216798C78280C5D685456395B6006D
:101180009306100645B789456395B6009306500649
:1011900051BF8D456395B6009306900661B79306DF
:1011A000B00649B79306C006B5BF8346370093E63D
:1011B000160097250020A386D5D68946B5BF972768
:1011C0000020938767D898438567938707777CD3F8
:1011D00097270020938787DC9C4383A607091396F3
:1011E00056006358060083A60709139666006344F9
:1011F00006007453FDF28280411122C4B7470240B9
:1012000006C603A4C72023A607200F10000011C1A3
:1012100099E5B747024023A6872001457DA893079B
:101220003500C207C183F19BC207C1831307400386
:101230006369F70217270020130707DE0843172703
:1012400000201307E7DC14436392A602172700204F
:10125000130787B3585B55DFC207DD8D054502973D
:101260004DBF172700201307E7DAC9BF03576500F2
:101270002DEB035745006366F706B306F74021469A
:10128000637CD60203280500938687001D8FAA96EB
:10129000611717260020035686AA2392E60023A092
:1012A00006012393060014C12312F500130786FFDD
:1012B000972600202395E6A82313B5009725002044
:1012C00083D5E5A7B387F540172700202319F7A694
:1012D000B747024023A687202105B240224441019E
:1012E0008280084195B7B747024003A8C72023A6CC
:1012F00007200F10000001E523A607218280972711
:101300000020938767D103AE0700972700209387BB
:1013100027D003A307008146F28763F0670C83A8F8
:101320000700636FF50A63EDA80A138787006366F9
:10133000E50A03D66700216705076317E60003C7C0
:1013400091880507A384E188972500209385C59E91
:1013500003D6470003D7650023930700329742075F
:10136000418317250020231CE59C638AC7031725AA
:101370000020130525CA08416303F50203D5660062
:1013800019ED83D7460023A0160121073E962106BA
:101390002392C600972700202393E79AB6879843A5
:1013A000630D6702972600209386C6C694426306A3
:1013B000D7028356670095E283D64700035647005D
:1013C0001843A106B2962392D70098C383D765002D
:1013D000A107172700202314F796B747024029BF1B
:1013E000BE86C6871DBF972700209387E7C2972632
:1013F00000209386E6C19C4390422A87B305B540FE
:101400006314F6003A8529A8938687009C43E36914
:10141000D7FEE377F7FE2E85E3E4D5FEE3F2F5FE93
:1014200082800000197106C212C416C61AC81ECAEC
:1014300022CC26CE2AD02ED232D436D63AD83EDA94
:1014400042DC46DECAC0CEC2D2C4D6C6DAC8DECAC4
:10145000E2CCE6CEEAD0EED2F2D4F6D6FAD8FEDA74
:10146000938501878841E700050092402242B242FD
:101470004243D2436244F244025592552256B25638
:101480004257D2576258F25806499649264AB64AF8
:10149000464BD64B664CF64C065D965D265EB65EB8
:1014A000465FD65F0961730020300000EFF0EFAABD
:1014B0007300000000000000938281880383020013
:1014C00023800200630F0300F32510342EC097051C
:1014D00000009385E5FD73901534EFF07FBA73003B
:1014E000203086DCEFF05F9AE6508280000000003A
:1014F000011106CE22CC0010AA872317F4FE8357D1
:10150000E4FE99E783A7418305479AAB814701A889
:1015100083A701849C43829783A74183A9073E85C3
:10152000F240624405618280411106C622C400086F
:1015300083A74183B833B7070020938787129C3372
:1015400063E6E70283A74183BC238DE383A741833E
:10155000DE2389EF03A7418383A741833833B8A7EC
:1015600083A70184DC438297814711A089473E8588
:10157000B240224441018280011106CE22CC0010EB
:10158000AA872317F4FE8357E4FE99E783A74183D4
:1015900005479AAB814701A883A701849C4782979E
:1015A00083A74183B1073E85F24062440561828092
:1015B000011106CE22CC001083A781839C4F03A784
:1015C0004183543303A741833833BA8536858297E4
:1015D0002326A4FE83A74183BC27B9C38327C4FE67
:1015E00089EB83A74183DC2389E783A74183BC235D
:1015F00099C389473DA08327C4FE9DE383A7018447
:10160000DC47829703A7418383A741835833B8B748
:1016100003A7418383A741833833D8A7814711A00B
:1016200089473E85F240624405618280797106D621
:1016300022D40018AA87231FF4FC8357E4FD99E7FE
:1016400083A7418309479AAB81473DA22398018232
:1016500083A741839C2393F7F707ADE383A74183D7
:101660009C37A306F4FE8347D4FE93F7070291CB81
:1016700083C7018393E7270013F7F70F2388E182DD
:1016800001A883C70183F59B13F7F70F2388E18235
:101690008347D4FE93F7070491CB83C7018393E775
:1016A000170013F7F70F2388E182C9A083C70183CE
:1016B000F99B13F7F70F2388E1824DA883A7418395
:1016C0009C2313F7F70785476315F700938701837A
:1016D00065A083A741839C2313F7F7078947631508
:1016E000F70883A74183DC33A307F4FE8347F4FEA6
:1016F000BD8B2307F4FE8307F4FE63DC07028347F8
:10170000E4FE13972700B7670040938707C0BA9796
:101710009C43C207C18313F70703C1476318F7044B
:1017200083C7018393E7170013F7F70F2388E1823C
:1017300035A88347E4FE13972700B76700409387D7
:1017400007C0BA979C43C207C1833E878D677D8FD0
:101750008567631DF70083C7018393E7170013F7BD
:10176000F70F2388E18219A0814739A083A701845C
:101770009C4B8297938701833E85B25022544561EA
:101780008280797106D622D426D2001883A741839D
:101790009C2393F7F7072324F4FE832784FE89EF25
:1017A00083A74183983783A741831377F7FD137786
:1017B000F70F98B78147D1A4032784FE8947631D9B
:1017C000F72A83A74183BE2389E783A74183DC23CC
:1017D00099C389475DA4B707002093878712232206
:1017E000F4FE83A74183DC332320F4FE832704FE29
:1017F00093F7F7F7232EF4FC8327C4FD232CF4FC86
:1018000083A74183DC33E207E18763D307028327A1
:1018100084FD13972700B7670040938707C0BA97E6
:101820009C43C207C18393F707032326F4FE15A048
:10183000832784FD13972700B7670040938707C06D
:10184000BA979C43C207C1833E878D67F98F2326D1
:10185000F4FE832744FE9C233E878327C4FD63F95F
:10186000E7008327C4FE89C783A74183BC2799E388
:10187000894721A4832704FE93F70708B9C3832768
:1018800084FD13972700B7670040938707C0BA9776
:101890009C43C207C18313F70703C1476318F71CB2
:1018A000832784FD93F7F70F3E85EF10703683276B
:1018B00084FD93F7F70F930500033E85EF10E07C5E
:1018C00075A2832784FD13972700B767004093878D
:1018D00007C0BA979C43C207C1833E878D677D8F3F
:1018E00085676315F718832784FDE9E7832784FD5F
:1018F00013F7F70FB70700209387070583C7C702C1
:10190000BE853A85EF10704F832784FD139727001B
:10191000B7670040938707C0BA979C4313970701A6
:101920004183F1779387F7F8F98F93940701C1808A
:101930008567A58F93940701C1808967A58F9394CC
:101940000701C180E17793870708C58F9396070148
:10195000C182832784FD13972700B76700409387D0
:1019600007C0BA97368798C31DA0E1779387070809
:10197000C58F93960701C182832784FD13972700A3
:10198000B7670040938707C0BA97368798C3832705
:1019900084FD13972700B7670040938707C0BA9765
:1019A0009C43C207C1833E878D677D8F8D67E31E91
:1019B000F7FA6DA8832784FD93F7F70F3E85EF10A4
:1019C000901D832784FD13972700B76700409387F6
:1019D00007C0BA979C43139707014183F177938718
:1019E000F7F8F98F93940701C1808567A58F9394C9
:1019F0000701C1808967A58F93940701C180E177B2
:101A000093870708C58F93960701C182832784FDBA
:101A100013972700B7670040938707C0BA973687A8
:101A200098C31DA0E17793870708C58F9396070198
:101A3000C182832784FD13972700B76700409387EF
:101A400007C0BA97368798C3832784FD139727006A
:101A5000B7670040938707C0BA979C43C207C1830A
:101A60003E878D677D8F8D67E31EF7FA83A701841C
:101A7000DC4B8297814711A089473E85B2502254A2
:101A8000925445618280011106CE22CC26CA0010F4
:101A900083A74183DC332324F4FE832784FE93F75A
:101AA000F7F72322F4FE832744FE2320F4FE83A7C6
:101AB0004183DC33E207E18763D30702832704FE17
:101AC00013972700B7670040938707C0BA979C43D6
:101AD000C207C18393F707032326F4FE15A08327CB
:101AE00004FE13972700B7670040938707C0BA9793
:101AF0009C43C207C1833E878D67F98F2326F4FE7E
:101B0000B707002083C787123E87832704FE63FD43
:101B1000E70083A74183BE2381EB8327C4FE89C7E7
:101B200083A74183BC2799E3894799AA832784FE29
:101B300093F70708CDC3832704FE13972700B767E1
:101B40000040938707C0BA979C43139707014183CE
:101B5000E5779387F7FBF98F93940701C18093C7CB
:101B6000040193940701C180E17793870708C58F2B
:101B700093960701C182832704FE13972700B76756
:101B80000040938707C0BA97368798C31DA0E177B6
:101B900093870708C58F93960701C182832704FEA8
:101BA00013972700B7670040938707C0BA97368717
:101BB00098C3832704FE13972700B76700409387D5
:101BC00007C0BA979C43C207C18313F70703C147F5
:101BD000E31FF7FA4DA0832704FE13972700B7678A
:101BE0000040938707C0BA979C431397070141832E
:101BF000F1779387F7F8F98F93940701C180856790
:101C0000A58F93940701C180E17793870708C58F5B
:101C100093960701C182832704FE13972700B767B5
:101C20000040938707C0BA97368798C31DA0E17715
:101C300093870708C58F93960701C182832704FE07
:101C400013972700B7670040938707C0BA97368776
:101C500098C3832704FE13972700B7670040938734
:101C600007C0BA979C43C207C1833E878D677D8FAB
:101C70008567E31EF7FA83A701849C4F829781470B
:101C80003E85F2406244D24405618280411106C61D
:101C900022C4000883A74183983783A74183136731
:101CA00007021377F70F98B783A70184DC4F829759
:101CB00081473E85B240224441018280797106D637
:101CC00022D40018AA87232CB4FC231FF4FC83A77A
:101CD0004183BE2B2326F4FE8357E4FD95E383273F
:101CE00084FDD6238327C4FE13970701418383A76E
:101CF00041833387E640420741839AAB814739A04D
:101D0000832784FD98438327C4FEBA973E85B2504B
:101D1000225445618280011106CE22CC001083A797
:101D20004183C1072324F4FE832784FE9E232322BC
:101D3000F4FE832784FE9C47D1CB832744FED9C77A
:101D4000832784FEDE232326F4FE0327C4FE832795
:101D500044FE63F6E700832744FE2326F4FE832730
:101D600084FE9C470327C4FE420741833A8582973D
:101D70002320A4FE832784FE9A238327C4FEC20760
:101D8000C183B307F740139707014183832784FE7C
:101D90009AA3832784FEBA238327C4FEC207C18384
:101DA000BA97139707014183832784FEBAA301459D
:101DB000EF10007CAA873E878327C4FEC207C18339
:101DC0003E86BA85032504FEEF10001A832784FEA1
:101DD0009E2381CF0D672392E18481450145EF1059
:101DE000207D130700032393E184832784FE9A2335
:101DF000832784FEDE236367F70083A741830D47B3
:101E000098A7A9A0832784FE9E2391C783A7418317
:101E1000154798A725A8832784FE9E2385EB83A7D3
:101E20004183194798A7B7670040938707C59C432C
:101E3000C207C1833E87B73700208907BA97860754
:101E400023A00700130700032393E1840100F2405D
:101E5000624405618280797106D622D4001883A776
:101E60004183C1072322F4FE832744FE9E232320BF
:101E7000F4FE83A741839C272326F4FE832704FED8
:101E8000A9EB0327C4FE91476315F70483C7218399
:101E900095CBB7670040938707C59C43C207C183B2
:101EA0003E87B73700208907BA97860723A0070027
:101EB000130700032393E18491472326F4FE23892B
:101EC0000182D1A89D472326F4FE41472393E18454
:101ED000D9A0832744FEDE232324F4FE032704FE37
:101EE000832784FE63E6E70091472326F4FE21A0C2
:101EF00089472326F4FE032784FE832704FE63F626
:101F0000E700832704FE2324F4FE832744FE9C4736
:101F1000032784FE420741833A858297232EA4FC3F
:101F20000145EF100061AA873E87832784FEC20720
:101F3000C1833E86BA850325C4FDEF003078832730
:101F400084FEC207C183BE850145EF10606683270A
:101F500044FE9A23832784FEC207C183B307F74058
:101F6000139707014183832744FE9AA3832744FEE6
:101F7000BA23832784FEC207C183BA971397070148
:101F80004183832744FEBAA3130700032393E1840C
:101F90000D672392E18483A741830327C4FE13774F
:101FA000F70F98A70100B2502254456182800111B9
:101FB00006CE22CC001089472326F4FE83A7418356
:101FC0009C332322F4FE83A741839C2393F7F707D6
:101FD000DDEF032744FEA5476317F700EFF0CFD4EA
:101FE0002326A4FE31A2032744FE9547631CF70273
:101FF00083A74183BC33E207E18763CE070083A751
:102000004183BC2389EB83A74183DE2389E783A730
:102010004183BC2789C7A1472324F4FE35AA232680
:1020200004FEF9A0032744FE8D476314F70283A73B
:102030004183B8338547631AF70083A74183DE23C2
:1020400089E7A9312326A4FE65A089472326F4FE4B
:1020500045A0032744FE8547631CF70883A74183F7
:10206000B83385476311F70283A74183DE2381EFED
:1020700083A741839C3793F7070291C7EFF06FF076
:102080002326A4FEB5A089472326F4FE95A083A7A6
:1020900041839C2313F7F7078547631CF700032749
:1020A00044FEAD476316F704EFF08FD02326A4FE5D
:1020B00081A083A741839C2313F7F7078947631601
:1020C000F702032744FE85476317F700EFF06FEB35
:1020D0002326A4FE31A8032744FE8D47631AF70088
:1020E000EFF07F9A2326A4FE21A089472326F4FE41
:1020F0008327C4FE8DC783A78183DC4B032744FE5F
:102100001377F70F3A8582972326A4FE0327C4FE90
:102110008D476316F700A5472324F4FE35A88327CF
:10212000C4FE89C7A1472324F4FE3DA09947232478
:10213000F4FEB7670040938707C59C43C207C1837D
:102140003E87B73700208907BA97860723A0070084
:10215000130700032393E18483A74183032784FEAD
:102160001377F70F98A70100F2406244056182805F
:10217000397106DE22DC800083A741839C33232053
:10218000F4FE232604FE232E04FC032704FE9947B5
:10219000631FF70483A741839C2393F7F70763909A
:1021A000072083A74183BC23A309F4FC034734FD24
:1021B00085476318F70083A78183DC4F2326F4FE4D
:1021C000F9AA034734FD89476318F70083A7818381
:1021D0009C532326F4FEE1A2034734FD8D47631090
:1021E000F71C83A78183DC532326F4FE4DAA8327A3
:1021F00004FE6394071283A74183BE23639F0710E5
:1022000083A74183FA2389476319F71083A7418382
:10221000DC236394071083A741839C2393F7F7077C
:1022200099EB83A74183DE2399E785679387C7628C
:102230002326F4FEA5A283A741839C2313F7F70767
:1022400085476319F70283A781839C4F03A74183C6
:10225000583381453A858297AA876391071483A7EB
:102260004183BC27638C071285679387C762232647
:10227000F4FE2DA283A741839C2313F7F707894718
:10228000631EF71083A74183DC33BD8B232CF4FC42
:1022900083A74183DC3393F70707232AF4FC83A742
:1022A0004183DC33E207E18763D30702832784FDA0
:1022B00013972700B7670040938707C0BA979C43DE
:1022C000C207C18393F707032322F4FE15A08327D7
:1022D00084FD13972700B7670040938707C0BA971C
:1022E0009C43C207C1833E878D67F98F2322F4FE8A
:1022F000B707002083C787123E87832784FD63FFCB
:10230000E708832744FDD9EB832744FEC1CB8567CB
:102310009387C7622326F4FE51A0032704FEA1473A
:10232000631EF70083A741839C2393F7F707A5EB70
:1023300085679387074F2326F4FE95A0032704FEA5
:10234000A947631EF70483A741839C2313F7F7076C
:1023500085476316F70483A74183BC27A9C383A7D6
:102360004183BE238DEF83A74183DC238DEB83A7BD
:102370004183FA2385476314F70283A781839C4F27
:1023800003A74183583381453A858297AA8781EB19
:102390008567938787572326F4FE11A001008327C2
:1023A000C4FE85C783A741830327C4FD4207418339
:1023B000BAAB83A741830327C4FE98CF8327C4FE0B
:1023C00001458297232404FE2DA083A781839C4B83
:1023D00003A7418318333A8582972324A4FE032759
:1023E00084FE8D476317F70083A74183254798A78D
:1023F000D9A883A741839A2BC167FD176317F700FC
:1024000083A74183254798A77DA8032784FE894792
:102410006306F70083A741839E2B91E783A741833F
:10242000214798A74DA083A741839C23E207E1871A
:1024300063D3070883A74183FE232326F4FC83A7E5
:1024400041839E2B3E878327C4FC63FAE700032762
:10245000C4FC83A74183420741839AAB99A083A719
:1024600041839A2B83A74183FE23637CF70283A7D2
:1024700041839E2B03A781830347C70263F5E700CF
:102480002389018239A883A741839E2B3E8783A796
:10249000818383C7C702B367F70281E705472389B2
:1024A000E18283A7818303C7C70283A74183DAAB95
:1024B000EFF07F9A01A883A741830D4798A70D6786
:1024C0002392E1840100F250625421618280011163
:1024D00006CE22CC26CA001085472317F4FEB76724
:1024E0000040938707C59C43C207C1833E87B73727
:1024F00000209107BA9786079C43C207C1838607CD
:102500003E87B7670040BA972324F4FE83A7418330
:102510009827A5476300F70A832784FE13871700CF
:102520002324E4FE03A741839C231CA3832784FE6A
:10253000138717002324E4FE03A741839C231CB3C5
:10254000032784FE8357E4FE8607BA972324F4FE0C
:10255000832784FE138727002324E4FE9A2383A481
:1025600041833A85EF106023AA87BEA0032784FE2B
:102570008357E4FE8607BA972324F4FE832784FE5C
:10258000138727002324E4FE9A2383A441833A85FA
:10259000EF10A020AA87DEA0032784FE8357E4FE65
:1025A0008607BA972324F4FE032784FE83A741837A
:1025B0001A23FAA383A74183054798A783A74183DA
:1025C000FE2381E7EFF0BF9E11A05D362D2AAA877A
:1025D0003E85F2406244D24405618280011106CEFC
:1025E00022CC001083A741839C272326F4FE0327D7
:1025F000C4FE89476307F7000327C4FE9147631AA7
:10260000F700EFF05F8583A741839C272326F4FE24
:10261000B1A00327C4FE9947631FF70283A7418334
:10262000983395476311F70283A741839C2393F75F
:10263000F70791EB83A74183BC333E85212A83A70B
:1026400001849C53829783A781839C478297A147EB
:102650002326F4FE21A0A1472326F4FE83A741836D
:102660000327C4FE1377F70F98A77128AA873E8522
:10267000F240624405618280011106CE22CC001036
:1026800083A741839C272326F4FE0327C4FE8947A2
:102690006307F7000327C4FE91476316F700A147BD
:1026A0002326F4FE99A00327C4FE8D476307F70095
:1026B0000327C4FE9547631AF700EFF0CFE583A721
:1026C00041839C272326F4FE0DA00327C4FE9D47CB
:1026D000631AF70083A78183DC478297A1472326EB
:1026E000F4FE21A0A1472326F4FE83A741830327FC
:1026F000C4FE1377F70F98A73920AA873E85F240CA
:10270000624405618280411106C622C40008B707F1
:1027100000209387070583C7C702BE850145EF00E8
:10272000D06D83A741839827A1476318F7000567F9
:102730002392E18441472393E18483A741839C272B
:10274000DD1793B7170093F7F70F3E85B240224489
:1027500041018280797106D622D40018AA87A30F7E
:10276000F4FCB707002083C787122324F4FE232636
:1027700004FE85A08327C4FE93F7F70F1397270065
:10278000B7670040938707C0BA979C43C207C183CD
:102790003E8785679387F7F07D8FA167938707084A
:1027A000D98F0327C4FE1377F70FB3E6E70083271B
:1027B000C4FE93F7F70F13972700B767004093877E
:1027C00007C0BA97368798C38327C4FE8507232698
:1027D000F4FE0327C4FE832784FEE36DF7F88347E6
:1027E000F4FD93E707F813F7F70FB76700409387F7
:1027F000C7C498C30100B250225445618280411180
:1028000006C622C400080100B24022444101828071
:10281000411106C622C400081387C18923AAE18298
:1028200083A74183094798A73707002013070705A7
:1028300023ACE182370700201307070823A0E184B7
:1028400083A781839C4382970100B24022444101C7
:102850008280011106CE22CC26CA4AC80010231756
:1028600004FE15AD83D7C184C207C18393F7F70F68
:10287000BD8B13F7F70FA389E18283C7318363937D
:102880000754B7670040938707C09C43139707011D
:1028900041832392E18483D74184C207C18393F7A4
:1028A00007031397070141832393E18483D741846E
:1028B0001397070141838D67F98F139707014183B0
:1028C0002392E184B7670040938707C09C43C20707
:1028D000C1833E87A5679387F7FB3379F700B76716
:1028E0000040938707C09C43C207C1833E87B167FE
:1028F0009387F7F8B374F7008967BD8C1349090211
:1029000093170901C183B3E6F400B76700409387CA
:1029100007C0216713070708558F98C305A0131731
:1029200009014183E17793870708D98F139707013E
:102930004183B7670040938707C098C3B7670040DB
:10294000938707C09C43C207C18313F7070393070C
:102950000002E316F7FC05A0139704014183E17719
:1029600093870708D98F139707014183B767004002
:10297000938707C098C3B7670040938707C09C43FD
:10298000C207C1833E878D677D8F8967E316F7FC99
:1029900083D7C184C207C183C18B63990714B7670A
:1029A0000040938707C09C43C207C183BE86B767B8
:1029B0000040938707C025671307F7F0758F98C30A
:1029C0003139B7670040938707C09C43C207C18372
:1029D0003E87A5679387F7FB3379F700B767004019
:1029E000938707C09C43C207C1833E87B167938723
:1029F000F7F8B374F70083D7418413970701418335
:102A00008567F98FC207C18399C38567BD8C83D75A
:102A100041841397070141838967F98FC207C183F6
:102A200099C38967BD8C83D76184C207C183C18B79
:102A3000C207C18399C31349090183D76184C207BF
:102A4000C18393F70702C207C18399C313490902DF
:102A500093170901C183B3E6F400B7670040938779
:102A600007C0216713070708558F98C305A01317E0
:102A700009014183E17793870708D98F13970701ED
:102A80004183B7670040938707C098C3B76700408A
:102A9000938707C09C43C207C18393F7070303D7FB
:102AA000618442074183E394E7FC05A01397040186
:102AB0004183E17793870708D98F139707014183F3
:102AC000B7670040938707C098C3B76700409387F4
:102AD00007C09C43C207C1833E878D67F98F03D728
:102AE000418442074183E393E7FCD9A6B7670040DE
:102AF000938707C09C43C207C1832317F4FE835703
:102B0000E4FEC207C1833E87856793870780F98FFC
:102B1000638A0714B7670040938707C09C43C207C6
:102B2000C183BE86B7670040938707C00567130758
:102B3000F7F8758F98C3EFF09F99B76700409387B8
:102B400007C09C43C207C1833E87A5679387F7FBF5
:102B50003379F700B7670040938707C09C43C207EB
:102B6000C1833E87B1679387F7F8B374F70083D7C3
:102B700041841397070141838567F98FC207C18399
:102B800099C38567BD8C83D741841397070141831F
:102B90008967F98FC207C18399C38967BD8C83D7C1
:102BA0006184C207C183C18BC207C18399C3134922
:102BB000090183D76184C207C18393F70702C20763
:102BC000C18399C31349090293170901C183B3E66D
:102BD000F400B7670040938707C021671307070811
:102BE000558F98C305A0131709014183E177938797
:102BF0000708D98F139707014183B7670040938770
:102C000007C098C3B7670040938707C09C43C207BB
:102C1000C18393F7070303D7618442074183E39499
:102C2000E7FC05A0139704014183E1779387070828
:102C3000D98F139707014183B7670040938707C077
:102C400098C3B7670040938707C09C43C207C183FE
:102C50003E878D67F98F03D7418442074183E39311
:102C6000E7FCB9A48357E4FEC207C183C207C1874A
:102C700063D30722B7670040938707C09C43C2070E
:102C8000C183BE86B7670040938707C005671307F7
:102C9000F7F8758F98C3EFF03F9EB76700409387B2
:102CA00007C09C43C207C1833E87A5679387F7FB94
:102CB0003379F700B7670040938707C09C43C2078A
:102CC000C1833E87B1679387F7F8B374F70083D762
:102CD00041841397070141838567F98FC207C18338
:102CE00099C38567BD8C83D74184139707014183BE
:102CF0008967F98FC207C18399C38967BD8C83D760
:102D00006184C207C183C18BC207C18399C31349C0
:102D1000090183D76184C207C18393F70702C20701
:102D2000C18399C31349090293170901C183B3E60B
:102D3000F400B7670040938707C0216713070708AF
:102D4000558F98C305A0131709014183E177938735
:102D50000708D98F139707014183B767004093870E
:102D600007C098C3B7670040938707C09C43C2075A
:102D7000C18393F7070303D7618442074183E39438
:102D8000E7FC05A0139704014183E17793870708C7
:102D9000D98F139707014183B7670040938707C016
:102DA00098C3B7670040938707C09C43C207C1839D
:102DB0003E878D67F98F03D7418442074183E393B0
:102DC000E7FCFDA083C7318313972700B767004056
:102DD000938707C0BA979C43C207C1832317F4FEA9
:102DE0008357E4FEC207C183C207C18763D80704C3
:102DF00083C7318313972700B7670040938707C0C5
:102E0000BA979C43C207C183BE8683C73183139799
:102E10002700B7670040938707C0BA970567130775
:102E2000F7F8758F98C383C73183FD1737070020E4
:102E3000130747038A07BA979C4382978357E4FE98
:102E4000C207C18393F70708B9C783C731831397B4
:102E50002700B7670040938707C0BA979C43C20713
:102E6000C183BE8683C7318313972700B7670040AD
:102E7000938707C0BA9725671307F7F0758F98C334
:102E800083C73183FD1737070020130787018A079F
:102E9000BA979C438297B7670040938747C49C4387
:102EA000C207C1832396F184C207C187E3CC079A86
:102EB000F2406244D244424905618280397106DEA3
:102EC00022DC80002326A4FCAE8732872315F4FC85
:102ED000BA872314F4FC835784FC85078587232253
:102EE000F4FE0357A4FCB7370020BA9786072324C3
:102EF000F4FE832744FE2326F4FEB1A88327C4FCF6
:102F00009C232320F4FE8327C4FC85072326F4FC9E
:102F10008327C4FC9C23A207032704FED98F232EFA
:102F2000F4FC832784FE138727002324E4FE032771
:102F3000C4FD420741839AA3832784FE8907232483
:102F4000F4FE8327C4FC85072326F4FC8327C4FEF4
:102F5000FD172326F4FE8327C4FECDF301000100F4
:102F6000F250625421618280797106D622D4001811
:102F7000232EA4FCAE873287231DF4FCBA87231CC2
:102F8000F4FC835784FD850785872322F4FE0357CD
:102F9000A4FDB7370020BA9786072324F4FE8327C1
:102FA00044FE2326F4FE25A8832784FE13874700CA
:102FB0002324E4FE94438327C4FD13871700232EA4
:102FC000E4FC1397060141839AA38327C4FD850778
:102FD000232EF4FC8327C4FEFD172326F4FE83274B
:102FE000C4FEF9F301000100B25022544561828011
:102FF000011106CE22CC0010AA872317F4FE8356B7
:10300000E4FEB7670040938707C541676117758F76
:1030100098C30100F240624405618280011106CE2E
:1030200022CC0010AA872E87A307F4FEBA872316A6
:10303000F4FE8347F4FE13972700B7670040938799
:1030400007C0BA979C43139707014187E577938799
:10305000F798F98F1397070141878317C4FED98F1B
:10306000C207C18793960701C1828347F4FE139775
:103070002700B7670040938707C0BA97368798C381
:103080000100F240624405618280011106CE22CC2B
:1030900026CA0010AA872E87A307F4FEBA87231634
:1030A000F4FE8347F4FE13972700B7670040938729
:1030B00007C0BA979C43139707014183E57793872D
:1030C000F7FBF98F93940701C1808357C4FEC18B2E
:1030D000C207C18391C793C7040193940701C180BC
:1030E0008357C4FE93F70702C207C18391C793C7F2
:1030F000040293940701C180E17793870708C58F85
:1031000093960701C1828347F4FE13972700B767A0
:103110000040938707C0BA97368798C31DA0E17710
:1031200093870708C58F93960701C1828347F4FEF2
:1031300013972700B7670040938707C0BA97368771
:1031400098C38347F4FE13972700B767004093871F
:1031500007C0BA979C43C207C18313F7070383577D
:10316000C4FEE31EF7FA01000100F2406244D244BB
:1031700005618280011106CE22CC26CA0010AA87E2
:103180002E87A307F4FEBA872316F4FE8347F4FEC6
:1031900013972700B7670040938707C0BA979C43EF
:1031A000139707014183F1779387F7F8F98F939489
:1031B0000701C1808357C4FE3E878567F98FC20728
:1031C000C18391C78567A58F93940701C1808357F9
:1031D000C4FE3E878967F98FC207C18391C789679B
:1031E000A58F93940701C180E17793870708C58F66
:1031F00093960701C1828347F4FE13972700B767B0
:103200000040938707C0BA97368798C31DA0E1771F
:1032100093870708C58F93960701C1828347F4FE01
:1032200013972700B7670040938707C0BA97368780
:1032300098C38347F4FE13972700B767004093872E
:1032400007C0BA979C43C207C1833E878D677D8FB5
:103250008357C4FEE31DF7FA01000100F240624407
:10326000D24405618280011106CE22CC26CA00100C
:10327000AA87A307F4FE8347F4FE13972700B767D6
:103280000040938707C0BA979C4313970701418377
:10329000F1779387F7F8F98F93940701C1808567D9
:1032A000A58F93940701C1808967A58F9394070127
:1032B000C180E17793870708C58F93960701C18284
:1032C0008347F4FE13972700B7670040938707C032
:1032D000BA97368798C31DA0E17793870708C58FF3
:1032E00093960701C1828347F4FE13972700B767BF
:1032F0000040938707C0BA97368798C38347F4FE88
:1033000013972700B7670040938707C0BA979C437D
:10331000C207C1833E878D677D8F8D67E31EF7FAF5
:1033200001000100F2406244D24405618280011133
:1033300006CE22CC0010AA87A307F4FE8347F4FE32
:1033400013972700B7670040938707C0BA979C433D
:1033500013970701418785679387F7E0F98F1397E4
:1033600007014187E17793870708D98FC207C18793
:1033700093960701C1828347F4FE13972700B7672E
:103380000040938707C0BA97368798C30100F24080
:10339000624405618280011106CE22CC0010AA870A
:1033A000A307F4FE8347F4FE13972700B767004096
:1033B000938707C0BA979C43C207C1833E87916732
:1033C000F98FB1C38347F4FE13972700B767004016
:1033D000938707C0BA979C43C207C1833E8785671E
:1033E0009387F7F07D8FB16793870708B366F7007F
:1033F0008347F4FE13972700B7670040938707C001
:10340000BA97368798C30100F24062440561828012
:10341000011106CE22CC0010AA87A307F4FE834731
:10342000F4FE13972700B7670040938707C0BA9749
:103430009C43C207C18393F70704B1C38347F4FEDB
:1034400013972700B7670040938707C0BA979C433C
:10345000C207C1833E8785679387F7F07D8FA16799
:103460009387070CB366F7008347F4FE1397270092
:10347000B7670040938707C0BA97368798C30100A3
:10348000F240624405618280011106CE22CC001018
:10349000AA872E87A307F4FEBA872316F4FE835764
:1034A000C4FE8583C207C183BE86B7670040938789
:1034B00007C59C43C207C1833E878347F4FE8E073E
:1034C0003E97B7370020BA9786073E879397160036
:1034D0001CC30100F240624405618280011106CEE6
:1034E00022CC0010AA872E87A307F4FEBA872316E2
:1034F000F4FE8357C4FE8583C207C183BE86B767C7
:103500000040938707C59C43C207C1833E8783471A
:10351000F4FE8E073E97B73700209107BA978607CB
:103520003E87939716001CC30100F2406244056178
:103530008280011106CE22CC0010AA87A307F4FED8
:10354000B7670040938707C59C43C207C1833E8786
:103550008347F4FE8E073E97B7370020BA97860759
:103560009C43C207C1833E85F2406244056182806C
:10357000011106CE22CC0010AA87A307F4FEB7677C
:103580000040938707C59C43C207C1833E8783479A
:10359000F4FE8E073E97B73700209107BA9786074B
:1035A0009C43C207C1833E85F2406244056182802C
:1035B000011106CE22CC0010AA872E87A307F4FEA5
:1035C000BA872316F4FEB7670040938707C59C436C
:1035D000C207C1833E878347F4FE8E073E97B73705
:1035E00000208907BA9786073E878357C4FE1CC30D
:1035F0000100F240624405618280797106D622D4CE
:103600000018AA872E87A30FF4FCBA87231EF4FCA8
:10361000B7670040938707C59C43C207C1833E87B5
:103620008347F4FD8E073E97B73700209907BA9776
:1036300086072324F4FE0357C4FD9307E00363FBCE
:10364000E7028357C4FD95832317F4FE8357C4FD17
:10365000FD8B91E78357E4FEFD172317F4FE835794
:10366000E4FE1397A700A167D98F3E87832784FEC6
:1036700098C335A08357C4FD85832317F4FE835771
:10368000C4FD858B91C78357E4FE85072317F4FE9D
:103690008357E4FE1397A700832784FE98C38347CC
:1036A000F4FDDDE3B70700209387070503C7C702D2
:1036B0009307E00363FAE704B70700209387070541
:1036C00083C7C702958393F7F70F2316F4FEB70756
:1036D00000209387070583C7C702FD8B91E78357B7
:1036E000C4FEFD172316F4FE8317C4FEAA07139722
:1036F00007014187E177D98FC207C1871397070177
:1037000041832395E18489A0B707002093870705AB
:1037100083C7C702858393F7F70F2316F4FEB70715
:1037200000209387070583C7C702858B91C78357FE
:10373000C4FE85072316F4FE8357C4FEAA07139719
:10374000070141832395E1840100B2502254456171
:103750008280011106CE22CC0010AA87A307F4FEB6
:10376000B7670040938707C59C43C207C1833E8764
:103770008347F4FE8E073E97B73700209907BA9724
:1037800086079C43C207C18393F7F73FC207C183F3
:103790003E85F240624405618280797106D622D46A
:1037A0000018AA87231FF4FC8357E4FDA307F4FE47
:1037B0008357E4FDA183C207C183139707014187A3
:1037C0008347F4FEC207C187A207C207C187D98F0A
:1037D000C207C1872316F4FE8357C4FE3E85B2504C
:1037E000225445618280411106C622C40008B76791
:1037F0000040938747C423A007007177130707F0A1
:10380000239EE18203D7C183B7670040938707C433
:1038100098C381473E85B2402244410182804111D4
:1038200022C6000837050400EF109028010032443A
:10383000410173002030411122C600081D21010002
:103840003244410173002030797106D622D4001829
:10385000232E04FC232004FE232204FE232404FE42
:10386000232604FE9307C4FD3E85EF20701E032728
:10387000C4FDB7479508938707406316F7000945CD
:10388000EF20500491A80327C4FDB7E7B80593873C
:1038900007806316F7000545EF20D00235A80327FF
:1038A000C4FDB777DC02938707C06316F7000145B4
:1038B000EF20500115A00327C4FDB7274E0E9387B4
:1038C00007C0631BF700EF2010582A878547631550
:1038D000F7000D45EF20007F854537058000EF207C
:1038E000B0480100B250225445618280411106C6A1
:1038F00022C400080D4723ACE1840100B2402244F9
:1039000041018280011106CE22CC00109387C1892B
:103910002326F4FE8327C4FEBC2789C7154723ACA2
:10392000E18421A0054723ACE1840100F240624418
:1039300005618280797106D622D40018370504000B
:10394000EF101017B7070400232CF4FC232E04FCFF
:10395000C1472320F4FE85472322F4FE930784FD0C
:103960003E85EF100078930740022304F4FE894758
:10397000A304F4FE85472305F4FE85472326F4FEC1
:10398000930784FE3E85EF20805F9307A003230406
:10399000F4FEA30404FE930784FE3E85EF20205E20
:1039A0000100B250225445618280011106CE22CC22
:1039B00000102326A4FE2324B4FE85451145EF20E4
:1039C00010368327C4FEADCBB7670040938707C48A
:1039D0009C43C207C1833E87B7670040938707C4F3
:1039E000759B98C3B717014093870780D443B717D7
:1039F0000140938707803717F0FF7D17758FD8C375
:103A0000B717014093870780D447B71701409387C2
:103A1000078079771307F77F758FD8C7B7170140ED
:103A200093870780D443B7170140938707803747B0
:103A30000400558FD8C39DA8B7670040938707C47B
:103A40009C43C207C18393E7270013970701418373
:103A5000B7670040938707C498C3B717014093879F
:103A60000780D443B7170140938707803717F0FFCB
:103A70007D17758FD8C3B717014093870780D44748
:103A8000B71701409387078079771307F77F758F02
:103A9000D8C7B717014093870780D443B7170140B1
:103AA0009387078037370300558FD8C3832784FE59
:103AB00091CFB7470240938707809843B7470240AA
:103AC000938707801367270098C321A8B747024050
:103AD000938707809843B747024093870780759B79
:103AE00098C30100F240624405618280411106C61C
:103AF00022C400080100B240224441018280011129
:103B000006CE22CC26CA00100945A131AA87232659
:103B1000F4FE938781CD98271377F70F9C3793F79F
:103B2000F70FA207D98FC207C18313976700938746
:103B300001D2B304F7000945EFF09FA3AA873E879F
:103B40008327C4FEC207C1833E86BA852685EFF06F
:103B5000AFC1938781CD98271377F70F9C3793F7E1
:103B6000F70FA207D98FC207C18313976700938706
:103B700001D2BA970327C4FE42074183BA853E8526
:103B8000EF600028938781CD98271377F70F9C3734
:103B900093F7F70FA207D98FC207C1833E86832709
:103BA000C4FE139707014183938681CD93171600B6
:103BB000B6979376F70FF027018AD18EF4A7218369
:103BC00042074183F437818A558FF8B7938781CDB7
:103BD00098271377F70F9C3793F7F70FA207D98F22
:103BE000C207C1838507139707014183938781CD5E
:103BF0009376F70F9027018AD18E94A721834207ED
:103C000041839437818A558F98B7938781CD9827C0
:103C10001377F70F9C3793F7F70FA207D98F1397F6
:103C200007014183BD4763FAE700938781CD982759
:103C3000018B98A79837018B98B70945EFF0AFE251
:103C40000100F2406244D24405618280411106C6FF
:103C500022C40008238401840100B24022444101AF
:103C60008280397106DE22DC8000232604FEB767DD
:103C70000040938707C59C43C207C1833E87B7377F
:103C800000209907BA9786079843C167938707C0B2
:103C9000F98F03D7A1846382E704B7670040938755
:103CA00007C5944393970601C1833E87B737002029
:103CB0009907BA978607984383D7A1843E86C16740
:103CC000938707C0F18FC206C1823686B7360020BF
:103CD0009906B2968606D98F9CC2B7670040938733
:103CE00047C49C431397070141832396E18483D7FC
:103CF000C184C207C18393F7072003D7C183F98F1B
:103D000095C3B7670040938747C441671307F7DF40
:103D100098C383C7E18493F7F70F850713F7F70F6D
:103D20002387E18483D7C184C207C1833E87A1670B
:103D3000F98F03D7C183F98F99C3EFE09FB183D780
:103D4000C184C207C18393F7074003D7C183F98FAA
:103D500099CFB7670040938747C441671307F7BF00
:103D600098C3B707002093870705DC43829783D762
:103D7000C184C207C1833E878967F98F03D7C18396
:103D8000F98F81CBB7670040938747C439677D17A8
:103D900098C383D7C184C207C1833E878567F98FE3
:103DA00003D7C183F98F99CBB7670040938747C486
:103DB0003D677D1798C30145EF00502483D7C18428
:103DC000C207C1833E87856793870780F98F03D732
:103DD000C183F98F85C783C7418193F7F70F81C7E7
:103DE000EF00F00621A00945EF005021B767004021
:103DF000938747C43D671307F77F98C383D7C18470
:103E0000C207C18393F7071003D7C183F98F63807B
:103E10000716B7670040938747C441671307F7EF5A
:103E200098C3B7670040938787C49C43C207C18784
:103E300063DA071283A701851387170023A8E1849B
:103E400003A701858D4763F1E712B76700409387A9
:103E500007C49C43C207C183A18B63970710B76750
:103E60000040938707C49C43C207C1833E8723AAAF
:103E7000E184232604FE15A88327C4FE1397270098
:103E8000B7670040938707C0BA979C43C207C183B6
:103E9000BE860327C4FE9307C4FC0A07BA9794C3DF
:103EA0008327C4FE85072326F4FE0327C4FE9D470F
:103EB000E3F4E7FC83A7418513E7170023AAE18415
:103EC00083A74185139707014183B7670040938714
:103ED00007C498C383A7418513F7E7FF23AAE184AA
:103EE00083A74185139707014183B76700409387F4
:103EF00007C498C30100B7670040938747C49C4339
:103F0000C207C18393F70740FDD7B7670040938787
:103F100047C441671307F7BF98C3232604FE1DA8B3
:103F20000327C4FE9307C4FC0A07BA979C439396E1
:103F30000701C1828327C4FE13972700B76700409B
:103F4000938707C0BA97368798C38327C4FE85072F
:103F50002326F4FE0327C4FE9D47E3F3E7FC23A8D2
:103F6000018419A023A801841D45EF003009010038
:103F7000F250625421618280011106CE22CC0010E1
:103F80009387C1892326F4FE8327C4FEBC2781C7FB
:103F9000154723ACE1840100F24062440561828050
:103FA000411106C622C40008114723ACE184010078
:103FB000B240224441018280411106C622C4000859
:103FC0000100B240224441018280411106C622C450
:103FD00000080100B240224441018280011106CE56
:103FE00022CC001083A741839C332326F4FE83A7B1
:103FF00041839C2313F7F70793071002631AF70016
:104000000327C4FE930700026314F700EF403075E6
:104010000100F240624405618280411106C622C45B
:1040200000080100B240224441018280011106CE05
:1040300022CC001083A7418323850700552BA307BB
:1040400004FE89A08347F4FE13972700B76700405A
:10405000938707C0BA979C43C207C183BE86834734
:10406000F4FE13972700B7670040938707C0BA97FD
:1040700005671307F7F0758F98C38347F4FE85072C
:10408000A307F4FE0347F4FE9D47E3FDE7FAB76795
:104090000040938747C41307F00F98C3EFF0AFF4C5
:1040A00023AC018481450145EFF03F905145EF403D
:1040B000404585450545EFF05F8F0100F2406244C1
:1040C00005618280411106C622C4000883A741838E
:1040D0002385070083A741833D67130787867833CD
:1040E00098B783A74183A38507000145EFE05FF000
:1040F000930500200145EFE07FF2C1450145EFE067
:10410000DFF8930500040145EFF04FBD930500086B
:104110000145EFF06FB70145EFF06FA1B707002041
:104120009387070583C7C702BE850145EFF0EFCC33
:104130000145EFF04F93B7670040938707C09C435A
:10414000C207C1833E879167F98F95C7B767004063
:10415000938707C09C43C207C1833E8785679387C7
:10416000F7F07D8FB167938707085D8FB7670040D1
:10417000938707C098C3B7670040938707C09C43E5
:10418000C207C18393F7070495C7B76700409387B9
:1041900007C09C43C207C1833E8785679387F7F0BA
:1041A0007D8FA1679387070C5D8FB767004093876A
:1041B00007C098C3930500600545EFE03FE693050F
:1041C00000020545EFE07FEC9305000C0545EFF09C
:1041D000AFAB81450545EFE0FFF9B7670040938736
:1041E00047C09C43C207C18393F7070495C7B767CD
:1041F0000040938747C09C43C207C1833E878567C1
:104200009387F7F07D8FA1679387070C5D8FB76762
:104210000040938747C098C3B7670040938747C063
:104220009C43C207C1833E879167F98F95C7B767E3
:104230000040938747C09C43C207C1833E87856780
:104240009387F7F07D8FB167938707085D8FB76716
:104250000040938747C098C381450945EFE01FDCC4
:1042600081450945EFE07FE2930500100945EFF035
:10427000EFA6930500040945EFF02FB88D650945B9
:10428000EFE05FEFB7670040938787C09C43C207AA
:10429000C1833E879167F98F95C7B76700409387C1
:1042A00087C09C43C207C1833E8785679387F7F029
:1042B0007D8FB167938707085D8FB767004093874D
:1042C00087C098C3B7670040938787C09C43C207E5
:1042D000C18393F7070495C7B7670040938787C0EA
:1042E0009C43C207C1833E8785679387F7F07D8F24
:1042F000A1679387070C5D8FB7670040938787C0DE
:1043000098C381450D45EFE07FD1930500020D452F
:10431000EFE0BFD7930500140D45EFF0EF96814510
:104320000D45EFE03FE5B76700409387C7C09C436A
:10433000C207C18393F7070495C7B7670040938707
:10434000C7C09C43C207C1833E8785679387F7F048
:104350007D8FA1679387070C5D8FB76700409387B8
:10436000C7C098C3B76700409387C7C09C43C207C4
:10437000C1833E879167F98F95C7B76700409387E0
:10438000C7C09C43C207C1833E8785679387F7F008
:104390007D8FB167938707085D8FB767004093876C
:1043A000C7C098C30145EFE0EFBA238401840547F5
:1043B00023ACE1840100B24022444101828001111A
:1043C00006CE22CC0010AA872317F4FE0357E4FE82
:1043D000B70700209385C7123A85EFD03F8EAA8792
:1043E0003E85F240624405618280011106CE22CCF6
:1043F0000010AA872317F4FE0357E4FE9385C180BB
:104400003A85EFD0BF8BAA873E85F24062440561B2
:104410008280797106D622D40018AA87231FF4FC63
:1044200083A74183BC33A307F4FE0347F4FE9147FF
:1044300063F4E70081470DA08347F4FE139737002C
:10444000B70700209387470A3E978357E4FDBA8554
:104450003E85EFD0BF86AA873E85B2502254456183
:104460008280011106CE22CC0010AA872E87A307D6
:10447000F4FEBA872307F4FE8347E4FE99C3894715
:1044800009A80347F4FE854763F4E700894711A0B4
:1044900081473E85F240624405618280011106CE6B
:1044A00022CC0010AA872317F4FE8357E4FE99E775
:1044B00083A741831D479AAB814719A0938721D1D8
:1044C0003E85F240624405618280011106CE22CC15
:1044D0000010AA872317F4FE8357E4FE99E783A709
:1044E00041831D479AAB814719A0938721D13E850F
:1044F000F240624405618280797106D622D40018A8
:10450000AA87A30FF4FC83A741839C332324F4FEE2
:10451000232604FE83A741839C2313F7F7078547CF
:104520006314F7008947BDA083A741839C2313F739
:10453000F70793071002631CF702032784FE930713
:1045400010026318F70091679387C7492326F4FE8A
:1045500039A8032784FE930700026318F7009167C8
:104560009387A74C2326F4FE19A0894725A083270B
:10457000C4FE85C383A741830327C4FE98CF83A7C6
:104580004183239907008327C4FE01458297814711
:1045900011A089473E85B2502254456182807971CD
:1045A00006D622D40018AA87A30FF4FC83A7418360
:1045B0009C332326F4FE83A741839C2313F7F7073C
:1045C000930710026310F7020327C4FE930720022B
:1045D000630AF7000327C4FE930730026304F70061
:1045E000894711A081473E85B2502254456182809F
:1045F000011106CE22CC001085472317F4FEB767C1
:104600000040938707C40357E4FE98C3239E0182AA
:1046100003D7C183B7670040938707C498C3B767C0
:104620000040938747C423A007000967130707C00A
:10463000239EE18203D7C183B7670040938707C4F5
:1046400098C381473E85F240624405618280011132
:1046500006CE22CC0010232604FEB76700409387C5
:1046600007C49C432315F4FE232604FE15A88327C4
:10467000C4FE13972700B7670040938707C0BA9717
:104680009C43C207C183BE861387818B8327C4FEE8
:104690008A07BA9794C38327C4FE85072326F4FEAE
:1046A0000327C4FE9D47E3F4E7FC8357A4FE93E78A
:1046B00007402315F4FEB7670040938707C40357EC
:1046C000A4FE98C38357A4FE93E717002315F4FEB6
:1046D000B7670040938707C40357A4FE98C3835766
:1046E000A4FEF99B2315F4FEB7670040938707C427
:1046F0000357A4FE98C30100B7670040938747C4DF
:104700009C43C207C18393F70740FDD7B7670040BA
:10471000938747C441671307F7BF98C3232604FE56
:104720001DA81387818B8327C4FE8A07BA979C43F1
:1047300093960701C1828327C4FE13972700B767AA
:104740000040938707C0BA97368798C38327C4FE73
:1047500085072326F4FE0327C4FE9D47E3F3E7FC09
:104760008357A4FE93E787002315F4FEB767004044
:10477000938707C40357A4FE98C3B7670040938785
:1047800007C49C432315F4FE8357A4FE93E7470018
:104790002315F4FEB7670040938707C40357A4FEB0
:1047A00098C3EFF0AF940100F2406244056182804B
:1047B000011106CE22CC0010B7670040938707C4D2
:1047C0009C432317F4FE8357E4FEED9B2317F4FE6E
:1047D000B7670040938707C40357E4FE98C3EFF020
:1047E0006F92B7670040938707C43167130707F0DC
:1047F00098C30100F240624405618280797106D657
:1048000022D40018232EA4FC0327C4FD9D47630770
:10481000F7009387C1850327C4FD98C39387C1859B
:104820009C431547638FE70C15476367F7121147E1
:10483000638CE70811476361F7120D476380E70651
:104840000D47636BF71009476381E7040947636508
:10485000F71089C705476381E702FDA883A7418652
:1048600099E7B9379387C185194798C3F5A8938706
:10487000C185154798C3CDA8253F9387C1851147AA
:1048800098C3054723A2E186C5A09387C185094740
:10489000D8A39387C1850D4798C3F9A09387C18595
:1048A000DC2393F7F70FFD1713F7F70F9387C185F5
:1048B000D8A39387C185DC2393F7F70FDDE39387B4
:1048C000C185114798C371A8B7670040938707C493
:1048D0009C432317F4FE8357E4FE93E70701231755
:1048E000F4FEB7670040938707C40357E4FE98C3FC
:1048F0009387C185154798C39387C1852947D8A356
:10490000A5A09387C185DC2393F7F70FFD1713F755
:10491000F70F9387C185D8A39387C185DC2393F7CD
:10492000F70FB1E3B7670040938707C49C43231791
:10493000F4FE8357E4FEBD9B2317F4FEB7670040E7
:10494000938707C40357E4FE98C39387C18519472B
:1049500098C323A2018601A89387C185194798C3EC
:1049600021A0010011A001000100B25022544561B4
:10497000828001A097C1FF1F938141FB17B10020E6
:104980001301416817B50000130585D797B5FF1FC0
:104990009385456717B6FF1F1306467C63FAC5006B
:1049A0008322050023A0550011059105E3EAC5FE09
:1049B0001385018397E5FF1F938585666377B500AF
:1049C000232005001105E36DB5FEFD42739002BC86
:1049D0008D4273904280930280087390023097B2A8
:1049E000FFFF9382626293E2320073905230EF5085
:1049F0003010976200009382628A739012347300C1
:104A00002030011106CE22CC00102326A4FE03275D
:104A1000C4FEB727014093870740631DF700854513
:104A200013050020EF10F038814513050020EF102A
:104A300050381DA00327C4FEB73701409387078075
:104A4000631CF700854513050040EF109036814543
:104A500013050040EF10F0350100F240624405619B
:104A60008280797106D622D40018232EA4FC232C30
:104A7000B4FC232604FEA30504FE8327C4FDDC4307
:104A80002326F4FE0327C4FEB707F1E09387F7EF70
:104A9000F98F2326F4FE832784FD9843832784FD22
:104AA0009C4F5D8F832784FDDC4F5D8F832784FDC2
:104AB000DC43A207D98F0327C4FED98F2326F4FE37
:104AC0008327C4FD0327C4FED8C38327C4FD9C47A6
:104AD0002326F4FE0327C4FEB7F7F1FF9387D77FA1
:104AE000F98F2326F4FE832784FD984B832784FDCA
:104AF000DC475D8F832784FD9C478607D98F03277A
:104B0000C4FED98F2326F4FE8327C4FD0327C4FEE9
:104B100098C78327C4FDDC572326F4FE0327C4FE71
:104B2000B70710FFFD17F98F2326F4FE832784FDB6
:104B3000DC2BFD1793F7F70F0347B4FED98FA305BE
:104B4000F4FE8347B4FED2070327C4FED98F232681
:104B5000F4FE8327C4FD0327C4FED8D70100B2505A
:104B6000225445618280011106CE22CC00102326FA
:104B7000A4FE2324B4FE832784FE91CB8327C4FEA6
:104B80009C4713E717008327C4FE98C709A883270B
:104B9000C4FE9C4713F7E7FF8327C4FE98C70100B4
:104BA000F240624405618280011106CE22CC0010E1
:104BB0002326A4FE2324B4FE832784FE99CB8327D7
:104BC000C4FE9847B70750005D8F8327C4FE98C77F
:104BD00019A88327C4FE9847B707B0FFFD177D8F3C
:104BE0008327C4FE98C70100F240624405618280B9
:104BF000797106D622D40018232EA4FCAE873687FE
:104C0000A30DF4FCB287230DF4FCBA87A30CF4FCCB
:104C1000232604FE232404FE0347B4FDA54763F6C0
:104C2000E7068327C4FDDC472326F4FE8347B4FD53
:104C3000138767FFBA878607BA971D47B317F70030
:104C40002324F4FE832784FE93C7F7FF0327C4FEC3
:104C5000F98F2326F4FE834694FD8347B4FD138722
:104C600067FFBA878607BA97B397F6002324F4FE46
:104C70000327C4FE832784FED98F2326F4FE8327CF
:104C8000C4FD0327C4FED8C785A08327C4FD9C4B61
:104C90002326F4FE0347B4FDBA878607BA971D475B
:104CA000B317F7002324F4FE832784FE93C7F7FF8E
:104CB0000327C4FEF98F2326F4FE834694FD0347A1
:104CC000B4FDBA878607BA97B397F6002324F4FE9B
:104CD0000327C4FE832784FED98F2326F4FE83276F
:104CE000C4FD0327C4FE98CB0347A4FD994763E6A0
:104CF000E7068327C4FDDC5B2326F4FE8347A4FD7F
:104D00001387F7FFBA878A07BA977D47B317F7006B
:104D10002324F4FE832784FE93C7F7FF0327C4FEF2
:104D2000F98F2326F4FE8346B4FD8347A4FD138741
:104D3000F7FFBA878A07BA97B397F6002324F4FEE1
:104D40000327C4FE832784FED98F2326F4FE8327FE
:104D5000C4FD0327C4FED8DBE9A80347A4FDB1477F
:104D600063E6E7068327C4FD9C5B2326F4FE8347A6
:104D7000A4FD138797FFBA878A07BA977D47B317B1
:104D8000F7002324F4FE832784FE93C7F7FF03274D
:104D9000C4FEF98F2326F4FE8346B4FD8347A4FDA9
:104DA000138797FFBA878A07BA97B397F600232429
:104DB000F4FE0327C4FE832784FED98F2326F4FE46
:104DC0008327C4FD0327C4FE98DBA5A08327C4FD69
:104DD000DC572326F4FE8347A4FD138737FFBA87E9
:104DE0008A07BA977D47B317F7002324F4FE832779
:104DF00084FE93C7F7FF0327C4FEF98F2326F4FE32
:104E00008346B4FD8347A4FD138737FFBA878A071B
:104E1000BA97B397F6002324F4FE0327C4FE832732
:104E200084FED98F2326F4FE8327C4FD0327C4FE06
:104E3000D8D70100B250225445618280011106CEBC
:104E400022CC00102326A4FE8327C4FEFC47C20701
:104E5000C1833E85F240624405618280011106CE25
:104E600022CC00102326A4FE8327C4FE99CFB727A7
:104E70000140938707409447B72701409387074035
:104E800037078000558F98C739A8B7270140938707
:104E900007409447B727014093870740370780FFB3
:104EA0007D17758F98C70100F240624405618280CA
:104EB000797106D622D40018232EA4FCAE87A30D48
:104EC000F4FC232604FE8327C4FD98438347B4FDE6
:104ED000F98F89C785472326F4FE19A0232604FEEF
:104EE0008327C4FE3E85B250225445618280011161
:104EF00006CE22CC00102326A4FE2324B4FE832752
:104F000084FE99CB8327C4FED843B70700045D8F86
:104F10008327C4FED8C319A88327C4FED843B70784
:104F200000FCFD177D8F8327C4FED8C30100F2402B
:104F3000624405618280797106D622D40018232E3E
:104F4000A4FC232CB4FC232604FE8327C4FD9C432D
:104F50002326F4FE0327C4FEE177BD07F98F23263D
:104F6000F4FE832784FD9847832784FD9C535D8F3F
:104F7000832784FD9C4B5D8F832784FDDC4B5D8FF5
:104F8000832784FD9C4F5D8F832784FDDC4F5D8FDD
:104F9000832784FDDC535D8F832784FD9C57D98F45
:104FA0000327C4FED98F2326F4FE8327C4FD0327DD
:104FB000C4FE98C3832784FDD8478327C4FDD8C384
:104FC000832784FD98438327C4FD98C7832784FDE6
:104FD000D8438327C4FDD8C70100B250225445618D
:104FE0008280011106CE22CC00102326A4FE832746
:104FF000C4FE23A007008327C4FE23A20700832743
:10500000C4FE23A407008327C4FE23A6070083272A
:10501000C4FE23A807008327C4FE23AA0700832712
:10502000C4FE23AC07008327C4FE23AE07008327FA
:10503000C4FE23A007028327C4FE23A207028327FE
:10504000C4FE23A407020100F2406244056182808D
:10505000011106CE22CC00102326A4FE2324B4FE88
:10506000832784FE91CB8327C4FE9C4313E717005C
:105070008327C4FE98C311A88327C4FE9843C16741
:10508000F9177D8F8327C4FE98C30100F240624464
:1050900005618280011106CE22CC00102326A4FED9
:1050A0002324B4FE2322C4FE832744FE99CB832706
:1050B000C4FE9843832784FE5D8F8327C4FE98C374
:1050C00021A88327C4FE9843832784FE93C7F7FF54
:1050D0007D8F8327C4FE98C30100F24062440561BE
:1050E0008280797106D622D40018232EA4FC2326B0
:1050F00004FEB7070140938707402326F4FE832769
:10510000C4FDDC4763800712B7070140938707405F
:1051100094438327C4FD9C4313C7F7FFB70701409F
:1051200093870740758F98C3B7070140938707405F
:10513000D4438327C4FD9C4313C7F7FFB70701403F
:1051400093870740758FD8C38327C4FDDC430327AB
:10515000C4FEBA972326F4FE8327C4FE9443832714
:10516000C4FD98438327C4FE558F98C3B7070140F9
:105170009387074094478327C4FD9C4313C7F7FFD9
:10518000B707014093870740758F98C7B70701405D
:1051900093870740D4478327C4FD9C4313C7F7FF79
:1051A000B707014093870740758FD8C78327C4FD91
:1051B0009847C147631FF702B7070140938707402D
:1051C00094478327C4FD9843B7070140938707405E
:1051D000558F98C7B707014093870740D447832767
:1051E000C4FD9843B707014093870740558FD8C740
:1051F000B1A8B7070140938707402326F4FE832711
:10520000C4FD9C470327C4FEBA972326F4FE8327D8
:10521000C4FE94438327C4FD98438327C4FE558F5F
:1052200098C32DA08327C4FDDC430327C4FEBA978F
:105230002326F4FE8327C4FE94438327C4FD9C43A6
:1052400013C7F7FF8327C4FE758F98C30100B250C0
:10525000225445618280797106D622D40018232E0B
:10526000A4FC232604FE232404FEB70701409387F1
:1052700007409C430327C4FDF98F2324F4FEB7079E
:10528000014093870740D84B8327C4FDF98F81CB1A
:10529000832784FE89C785472326F4FE19A0232689
:1052A00004FE8327C4FE3E85B250225445618280AD
:1052B000011106CE22CC00102326A4FEB707014020
:1052C000938707400327C4FED8CB0100F240624415
:1052D00005618280411106C622C40008B72702403A
:1052E0003707674513073712D8C3B72702403797E8
:1052F000EFCD1307B79AD8C3B727024037076745E2
:1053000013073712D8D3B72702403797EFCD1307CB
:10531000B79AD8D30100B2402244410182804111A2
:1053200006C622C40008B7270240944BB7270240A4
:105330002167558F98CB0100B24022444101828001
:10534000011106CE22CC00102326A4FE8327C4FE22
:1053500093F707F02326F4FEB7270240944BB727B4
:10536000024037070200558F98CBB727024003272A
:10537000C4FED8CBB7270240984BB727024013672B
:10538000070498CB0100B7270240DC47858BE5FF77
:10539000B7270240944BB727024001777D17758FDE
:1053A00098CB0100F240624405618280797106D693
:1053B00022D40018232EA4FC232CB4FC9307000451
:1053C000A307F4FE8327C4FD93F707F0232EF4FC14
:1053D000B7270240944BB72702404167558F98CBBF
:1053E0000100B7270240DC47858BE5FF0100B727A6
:1053F0000240DC47898BE5FF25A88327C4FD0327EE
:1054000084FD184398C38327C4FD9107232EF4FC21
:10541000832784FD9107232CF4FC8347F4FEFD17BA
:10542000A307F4FE0100B7270240DC47898BE5FFA4
:105430008347F4FEF9F3B7270240944BB7270240A5
:1054400037072000558F98CB0100B7270240DC4773
:10545000858BE5FFB7270240944BB7270240417781
:105460007D17758F98CB0100B25022544561828020
:10547000797106D622D40018232EA4FCB7F7FF1F9B
:105480009387877E9C432326F4FE8327C4FE13F76D
:10549000F70F8327C4FD98A38327C4FE13D7870083
:1054A0008327C4FD85071377F70F98A38327C4FECE
:1054B00013D707018327C4FD89071377F70F98A334
:1054C0008327C4FE13D787018327C4FD8D07137775
:1054D000F70F98A3B7F7FF1F9387C77E9C43232638
:1054E000F4FE8327C4FD91070327C4FE1377F70F4B
:1054F00098A38327C4FE13D787008327C4FD95078D
:105500001377F70F98A30100B250225445618280AF
:10551000397106DE22DC80002326A4FC2324B4FC9F
:10552000232604FE232004FE232404FE232E04FC51
:10553000232204FE232C04FC832784FC9C47BD8B80
:105540002326F4FE832784FC9C47C18B89CB8327C9
:1055500084FCDC430327C4FED98F2326F4FE832773
:1055600084FC9E2393F7F70FE9CF8327C4FC9C4369
:105570002322F4FE232404FE5DA8832784FE05472E
:10558000B317F700232EF4FC832784FC9E233E8769
:105590008327C4FDF98F2320F4FE032704FE83270D
:1055A000C4FD6311F708832784FE8A07232EF4FCC9
:1055B0008327C4FD3D47B317F700232CF4FC832752
:1055C00084FD93C7F7FF032744FEF98F2322F4FEDF
:1055D0008327C4FD0327C4FEB317F700032744FE47
:1055E000D98F2322F4FE832784FC984793078002F7
:1055F000631BF700832784FE05473317F7008327D3
:10560000C4FCD8CB05A0832784FC9847930780046B
:10561000631AF700832784FE05473317F7008327B3
:10562000C4FC98CB832784FE85072324F4FE03273C
:1056300084FE9D47E3F3E7F48327C4FC032744FE7D
:1056400098C3832784FC9A239307F00F63F0E70E37
:105650008327C4FCDC432322F4FE232404FE6DA82C
:10566000832784FEA1070547B317F700232EF4FC18
:10567000832784FC9E233E878327C4FDF98F232044
:10568000F4FE032704FE8327C4FD6312F708832773
:1056900084FE8A07232EF4FC8327C4FD3D47B317FD
:1056A000F700232CF4FC832784FD93C7F7FF03271F
:1056B00044FEF98F2322F4FE8327C4FD0327C4FE92
:1056C000B317F700032744FED98F2322F4FE832764
:1056D00084FC984793078002631BF700832784FEAE
:1056E000A10705473317F7008327C4FCD8CB8327CE
:1056F00084FC984793078004631BF700832784FE8C
:10570000A10705473317F7008327C4FC98CB8327ED
:1057100084FE85072324F4FE032784FE9D47E3F1DE
:10572000E7F48327C4FC032744FED8C30100F250EA
:10573000625421618280011106CE22CC0010232602
:10574000A4FEAE872322C4FE2315F4FE832744FE65
:1057500099C70357A4FE8327C4FE98CB31A00357F3
:10576000A4FE8327C4FED8CB0100F2406244056149
:105770008280797106D622D40018232EA4FC232C13
:10578000B4FC232404FE232204FE232604FE23204B
:1057900004FE8327C4FD63D80700B7070140DC4F30
:1057A0002326F4FE2DA8B7070140DC432326F4FE90
:1057B000B7270240938707039843B707000FF98F75
:1057C00099EF8327C4FE13D71700F9777D8F8326BF
:1057D000C4FE8967FD17F58FD98F2326F4FE832732
:1057E000C4FDC183BD8B2320F4FE8327C4FDC20703
:1057F000C1832324F4FE8327C4FD63D6070803274F
:10580000C4FDB70730007D8FB70730006314F7027F
:10581000832704FEC1070D47B317F7002322F4FEC8
:10582000832744FE93C7F7FF0327C4FEF98F23267F
:10583000F4FED5A80327C4FDB7071000F98F95C360
:10584000832704FE0D47B317F7002322F4FE8327B6
:1058500044FE93C7F7FF0327C4FEF98F2326F4FE07
:10586000D9A08327C4FDD58393F7F73F9207032779
:1058700084FEB317F70093C7F7FF0327C4FEF98F21
:105880002326F4FE4DA00327C4FDB70730007D8F0B
:10589000B70730006315F7020327C4FEB70700F10E
:1058A000FD17F98F2326F4FEB7070140D443B7074D
:1058B0000140370700F17D17758FD8C3ADA00327CE
:1058C000C4FDB7071000F98F8DCB832704FE0D4769
:1058D000B317F7002322F4FE832744FE93C7F7FF94
:1058E0000327C4FEF98F2326F4FE0327C4FEB7075F
:1058F000000FD98F2326F4FE3DA08327C4FDD58356
:105900009207032784FEB317F70093C7F7FF032717
:10591000C4FEF98F2326F4FE0327C4FEB707000F49
:10592000D98F2326F4FE832784FD85C38327C4FDF6
:10593000D58393F7F73F9207032784FEB317F70049
:105940000327C4FED98F2326F4FE8327C4FD63D822
:105950000700B70701400327C4FED8CF31A0B7071F
:1059600001400327C4FED8C30100B2502254456150
:105970008280397106DE22DC80002326A4FC2324E9
:10598000B4FC231704FE231604FE91472315F4FEEE
:10599000B7177A00938707202322F4FE8327C4FCDD
:1059A000DE232317F4FE8357E4FE93F707FC231747
:1059B000F4FE930704FD3E85EF009009832784FDE4
:1059C0002322F4FE032744FEB7E71B43938737E8FF
:1059D000B337F702C9832316F4FE8357E4FE3E87EC
:1059E0008357C4FED98F2317F4FE0357C4FE9307D1
:1059F000B00363F6E7009307C0032316F4FE832782
:105A0000C4FC0357E4FEDAA38327C4FC9E23C20729
:105A1000C183F99B1397070141838327C4FC9AA391
:105A2000231704FE832784FC9843E1679387076A62
:105A300063E6E704832784FC9C438607032744FE30
:105A4000B357F7022315F4FE0357A4FE8D4763E511
:105A5000E70091472315F4FE8357E4FE3E87835702
:105A6000A4FED98F2317F4FE8357C4FE850713972E
:105A7000070141838327C4FC9AB365A8832784FC6C
:105A8000FA23B167FD17631FF700832784FC98434F
:105A9000BA878607BA97032744FEB357F702231540
:105AA000F4FE35A0832784FC9843BA878607BA970B
:105AB0008E07BA97032744FEB357F7022315F4FE67
:105AC0008357A4FE3E879167D98F2315F4FE0357B1
:105AD000A4FE8567FD17F98F99E78357A4FE93E726
:105AE00017002315F4FE8357A4FE3E878357E4FE78
:105AF000D98F139707014183E177D98F2317F4FEDC
:105B00000357C4FE9307C012B307F702375762105A
:105B1000130737DD3397E7021987FD87B307F7408F
:105B2000C207C18385071397070141838327C4FCFC
:105B30009AB38327C4FC0357E4FEDAAF8327C4FC7F
:105B40009E23C207C18393E7170013970701418380
:105B50008327C4FC9AA38327C4FC9E232317F4FE47
:105B60008357E4FE93F757BF2317F4FE832784FC83
:105B7000DA23832784FCBE27D98FC207C18303574A
:105B8000E4FED98F2317F4FE8327C4FC0357E4FEF9
:105B90009AA3832784FCDA27832784FC9E27D98F46
:105BA0001397070141838327C4FC9AA70100F25091
:105BB000625421618280011106CE22CC001023267E
:105BC000A4FE8327C4FE05671307873898C383277D
:105BD000C4FE239207008327C4FE71777D17FAA3C2
:105BE0008327C4FE239407008327C4FE2395070060
:105BF0008327C4FE1167DAA70100F2406244056101
:105C00008280011106CE22CC00102326A4FE23247C
:105C1000B4FE832784FE99CF8327C4FE9E23C20748
:105C2000C18393E717001397070141838327C4FEBD
:105C30009AA329A88327C4FE9E23C207C183F99B88
:105C40001397070141838327C4FE9AA30100F24002
:105C5000624405618280011106CE22CC0010232609
:105C6000A4FE2324B4FE832784FE95C38327C4FEA9
:105C7000DE23139707014183856793870780D98FB8
:105C80001397070141838327C4FEDAA30DA083275E
:105C9000C4FEDE23139707014183FD779387F77FC7
:105CA000F98F1397070141838327C4FEDAA301000C
:105CB000F240624405618280011106CE22CC0010C0
:105CC0002326A4FE2324B4FE832784FE99CF8327B2
:105CD000C4FE9E23C207C18393E7071013970701F1
:105CE00041838327C4FE9AA331A88327C4FE9E2341
:105CF000C207C18393F7F7EF139707014183832707
:105D0000C4FE9AA30100F240624405618280011141
:105D100006CE22CC00102326A4FE2324B4FE832723
:105D200084FE99CF8327C4FE9E23C207C18393E7D5
:105D300007201397070141838327C4FE9AA331A844
:105D40008327C4FE9E23C207C18393F7F7DF13970F
:105D5000070141838327C4FE9AA30100F2406244F5
:105D600005618280011106CE22CC00102326A4FEFC
:105D7000AE872322C4FE2315F4FE832744FE85C389
:105D80008327C4FEDE23C207C1830357A4FED98F35
:105D90001397070141838327C4FEDAA325A0832735
:105DA000C4FEDE231397070141838357A4FE93C7E4
:105DB000F7FFC207C183F98F139707014183832738
:105DC000C4FEDAA30100F240624405618280011141
:105DD00006CE22CC00102326A4FEAE87A305F4FE37
:105DE0008347B4FE1397070141838327C4FE9AAB10
:105DF0000100F240624405618280011106CE22CC8E
:105E000000102326A4FEAE873287A305F4FEBA87CE
:105E10002305F4FE8347A4FE81CB8347B4FE93E7BA
:105E20001700A305F4FE31A08347B4FEF99BA30538
:105E3000F4FE8347B4FE1397070141838327C4FE12
:105E40009AAB0100F240624405618280797106D606
:105E500022D40018232EA4FC232CB4FC232404FEFB
:105E6000232204FE232004FE232604FE8327C4FDF0
:105E7000DE2BC207C1832322F4FE8327C4FD9E2F9D
:105E8000C207C1832320F4FE832704FEC207232018
:105E9000F4FE032744FE832704FE5D8FB70700014D
:105EA000FD17F98F2324F4FE032784FE832784FD46
:105EB000F98F032784FD6316F70085472326F4FE38
:105EC00019A0232604FE8327C4FE3E85B250225427
:105ED00045618280797106D622D40018232EA4FC55
:105EE000232CB4FC232604FE232404FE232204FED8
:105EF0008327C4FD2322F4FE832784FDF18323241A
:105F0000F4FE032784FDB7070001FD17F98F232C4A
:105F1000F4FC832784FE99C7832744FED1072322FC
:105F2000F4FE19A8832784FDC183232CF4FC832766
:105F300044FEE1072322F4FE832744FE984383278F
:105F400084FDF98F89C785472326F4FE19A02326EF
:105F500004FE8327C4FE3E85B250225445618280F0
:105F6000011106CE22CC00102326A4FE0327C4FE76
:105F700023A4E1860100F240624405618280397108
:105F800006DE22DC80002326A4FC03A78186854749
:105F90006314F7088327C4FC983385476312F7041A
:105FA0008327C4FC9C233E878327C4FCBC23E207D1
:105FB000E1879607E207E18793E707F8E207E187C1
:105FC00093F7F70F2326E4FEA305F4FE37E700E07E
:105FD0008327C4FEBA970347B4FE2380E7402DA869
:105FE0008327C4FC9C338DEB8327C4FC9C233E8712
:105FF0008327C4FCBC23960793F7F70F2322E4FE04
:10600000A301F4FE37E700E0832744FEBA97034775
:1060100034FE2380E74001008327C4FCDC439DC796
:106020008327C4FC9C23232EF4FC8327C4FDFD8B13
:106030000547B316F70037E700E08327C4FD9583D3
:10604000938707048A07BA9794C30DA88327C4FCD3
:106050009C23232CF4FC832784FDFD8B0547B3167A
:10606000F70037E700E0832784FD958393870706D1
:106070008A07BA9794C30F10000001000100F25084
:10608000625421618280011106CE22CC00102326A9
:10609000A4FE8327C4FE91CBB77700409843B7771F
:1060A00000401367071098C309A8B77700409843CA
:1060B000B77700401377F7EF98C30100F2406244CE
:1060C00005618280011106CE22CC00102326A4FE99
:1060D000B7170240D443B7170240370740FF7D1778
:1060E000758FD8C3B7170240D4438327C4FE1397D4
:1060F0006701B7170240558FD8C30100F2406244D0
:1061000005618280797106D622D40018232EA4FC62
:10611000232604FEB7170240DC432326F4FE0327A0
:10612000C4FED177FD17F98F2326F4FE0327C4FEA2
:106130008327C4FDD98F2326F4FEB7170240032717
:10614000C4FED8C30100B2502254456182800111BF
:1061500006CE22CC0010AA87A307F4FEB717024090
:106160009387070223800700B7170240938707022F
:10617000238007008347F4FE05476386E700114745
:10618000638AE70039A8B7170240938707020547DB
:1061900098A301A8B717024093870702154798A351
:1061A00001000100F240624405618280011106CEC7
:1061B00022CC00102326A4FE8327C4FE91CBB71760
:1061C0000240D853B717024013671700D8D301A86D
:1061D000B7170240D853B7170240799BD8D30100B4
:1061E000F240624405618280011106CE22CC00108B
:1061F0002326A4FEB71702409453B7170240032783
:10620000C4FE558F98D30100F2406244056182803C
:10621000011106CE22CC00102326A4FE8327C4FE43
:1062200091CBB71702409453B71702402167558F9F
:1062300098D311A8B71702409453B717024061775B
:106240007D17758F98D30100F2406244056182800A
:10625000797106D622D40018232EA4FC232404FE30
:10626000232604FE232204FE232004FEB717024047
:10627000DC43B18B2324F4FE032784FEA147630093
:10628000F704032784FEA14763E4E712832784FE13
:1062900099C7032784FE9147630BF70011AA832750
:1062A000C4FD37177A001307072098C311AA832764
:1062B000C4FD3757E8011307078098C311A2B71729
:1062C0000240D843B7073C00F98F2326F4FEB717E6
:1062D0000240D843C167F98F2322F4FE8327C4FE0E
:1062E000C98389072326F4FE0327C4FEC547631527
:1062F000F700C9472326F4FE832744FEA1E3B747EE
:106300000240938707809C43C18B89CF0327C4FE3B
:10631000B7177A00938707203307F7028327C4FD56
:1063200098C379A80327C4FEB7173D009387079049
:106330003307F7028327C4FD98C359A0B71702405B
:10634000D843B707C0007D8FB707C0006313F702BB
:10635000DD2C2A878547631EF7000327C4FEB72775
:10636000F400938707403307F7028327C4FD98C3DF
:1063700081A8B7170240D843B7070200F98F89CF29
:106380000327C4FEB7173D00938707903307F70232
:106390008327C4FD98C32DA00327C4FEB7177A0036
:1063A000938707203307F7028327C4FD98C309A802
:1063B0008327C4FD37177A001307072098C301000D
:1063C000B7170240DC4393F7070F2324F4FE83271B
:1063D00084FE91832324F4FEBD671387478D8327B2
:1063E00084FEBA979C2393F7F70F2320F4FE8327AC
:1063F000C4FD9843832704FE3357F7008327C4FD69
:10640000D8C3B7170240DC4393F707702324F4FE88
:10641000832784FEA1832324F4FEBD671387478D61
:10642000832784FEBA979C2393F7F70F2320F4FE6B
:106430008327C4FDD843832704FE3357F7008327FF
:10644000C4FD98C7B7170240D84391679387078068
:10645000F98F2324F4FE832784FEAD832324F4FEE6
:10646000BD671387478D832784FEBA979C2393F7D4
:10647000F70F2320F4FE8327C4FDD843832704FEAF
:106480003357F7008327C4FDD8C7B7170240D84356
:10649000B167F98F2324F4FE832784FEB983232474
:1064A000F4FE1387C182832784FEBA979C2393F757
:1064B000F70F2320F4FE8327C4FDD847832704FE6B
:1064C0003357F7028327C4FD98CB0100B250225402
:1064D00045618280011106CE22CC00102326A4FE45
:1064E0002324B4FE832784FE99CBB7170240D44BF4
:1064F000B71702400327C4FE558FD8CB21A8B71782
:106500000240D44B8327C4FE13C7F7FFB7170240DE
:10651000758FD8CB0100F240624405618280011181
:1065200006CE22CC00102326A4FE2324B4FE83270B
:1065300084FE99CBB7170240944FB7170240032748
:10654000C4FE558F98CF21A8B7170240944F8327D8
:10655000C4FE13C7F7FFB7170240758F98CF01002D
:10656000F240624405618280011106CE22CC001007
:106570002326A4FE2324B4FE832784FE99CBB717D9
:106580000240D44FB71702400327C4FE558FD8CF1F
:1065900021A8B7170240D44F8327C4FE13C7F7FFC3
:1065A000B7170240758FD8CF0100F24062440561F1
:1065B0008280011106CE22CC00102326A4FE2324C3
:1065C000B4FE832784FE99CBB7170240D447B71790
:1065D00002400327C4FE558FD8C721A8B717024031
:1065E000D4478327C4FE13C7F7FFB7170240758F40
:1065F000D8C70100F240624405618280011106CED5
:1066000022CC00102326A4FE2324B4FE832784FE7C
:1066100099CBB7170240944BB71702400327C4FE2B
:10662000558F98CB21A8B7170240944B8327C4FEFF
:1066300013C7F7FFB7170240758F98CB0100F240E0
:10664000624405618280411106C622C40008854764
:106650003E85B240224441018280411106C622C4D7
:106660000008B737004093870780DE2313970701A0
:106670004183B737004093870780136707014207BC
:106680004183DAA30100B2402244410182804111DA
:1066900006C622C40008B737004093870780DE2370
:1066A000139707014183B7370040938707803D9BCD
:1066B00042074183DAA30100B240224441018280B3
:1066C000011106CE22CC0010231604FE231504FE71
:1066D000231404FE231304FE231204FE231704FED6
:1066E000B7370040938707809E2F2316F4FEB737F5
:1066F0000040938707809E2F2315F4FE0357C4FEA6
:106700008357A4FEE31EF7FCB7370040938707804A
:10671000DE2F2312F4FEB737004093870780DE2F69
:106720002317F4FE035744FE8357E4FEE31EF7FCF1
:10673000B7370040938707809E2F2314F4FEB737A6
:106740000040938707809E2F2313F4FE035784FE97
:10675000835764FEE31EF7FC0357A4FE835764FED1
:106760006306F702B737004093870780DE2F2312B6
:10677000F4FEB737004093870780DE2F2317F4FE1F
:10678000035744FE8357E4FEE31EF7FC835764FE81
:10679000139707018357E4FED98F3E85F240624488
:1067A00005618280011106CE22CC00102326A4FEB2
:1067B000EFF0BFEA8327C4FE13D70701B7370040C5
:1067C00093870780420741839AAFB737004093878A
:1067D00007800327C4FE42074183DAAFEFF03FEBA7
:1067E0000100F240624405618280011106CE22CC94
:1067F00000102326A4FEEFF05FE68327C4FEC183CA
:10680000139707014183B7370040938707803D8B7B
:10681000420741839AA7B737004093870780032731
:10682000C4FE42074183DAA7EFF07FE60100F240A1
:10683000624405618280411106C622C4000801003D
:10684000B737004093870780DE23C207C18393F7E1
:106850000702FDD701000100B240224441018280BD
:10686000011106CE22CC0010AA872317F4FEB737F9
:10687000004093870780DE2393960701C1828357E8
:10688000E4FE93C7F7FF139707014183B737004032
:1068900093870780758F42074183DAA30100F24096
:1068A000624405618280397106DE22DC8000232685
:1068B000A4FC232204FEA30504FE230504FE2320DA
:1068C00004FE83A701822322F4FEB72702409387A8
:1068D000C702DC3F13F7F70FB72702409387C702C1
:1068E000419B1377F70FD8BFB72702401387C70222
:1068F000B72702409387C702583F1377F70FD8BFD7
:106900008347A4FE85072305F4FEB727024093873B
:10691000C70283C7370213F7F70FB72702409387E1
:10692000C702136727001377F70FA381E702B72782
:1069300002409387C7029E3393960701C182B7270F
:1069400002409387C7021167558F420741839AB36C
:10695000B72702409387C7029E3393960701C182EF
:10696000B72702409387C7026177558F420741835B
:106970009AB30100B72702409387C7029E33C2072C
:10698000C183C207C187E3D707FEB72702409387B9
:10699000C7029E33C207C183232EF4FCB7270240EF
:1069A0009387C70283C7370213F7F70FB727024051
:1069B0009387C702759B1377F70FA381E702B72769
:1069C00002409387C70283C7370213F7F70FB72731
:1069D00002409387C702136727001377F70FA3813D
:1069E000E702B72702409387C7029E3393960701B9
:1069F000C182B72702409387C7021167558F4207AC
:106A000041839AB3B72702409387C7029E33939678
:106A10000701C182B72702409387C7026177558F6C
:106A2000420741839AB3EFF0BFC92320A4FE0100BF
:106A3000EFF01FC92A87832704FEE38BE7FEB72701
:106A400002409387C7029E3393960701C182B727FE
:106A500002409387C7021167558F420741839AB35B
:106A60000100B72702409387C7029E33C207C18344
:106A7000C207C187E3C707FE0100B727024093871B
:106A8000C7029E33C207C183C207C187E3D707FE8F
:106A9000B72702409387C7029E33C207C183232EC4
:106AA000F4FC0327C4FD9167FD177D8FB7270240D3
:106AB0009387C70283C7270293F7F70FBE86B6876F
:106AC000BA07958F3E97832744FEB7566210938688
:106AD00036DDB396D702A986FD87B387F640B307A4
:106AE000F7402326F4FE832744FE37C7904A130756
:106AF00097E53397E7024D87FD87998F0327C4FEFB
:106B000063D2E702832744FE37C7904A130797E50D
:106B10003397E7024D87FD87B307F7400327C4FE8D
:106B20006349F70A0347B4FE894763E4E70A8347EA
:106B3000B4FE8507A305F4FE8327C4FE635CF00260
:106B40008327C4FE13971700832744FEB7C6904AD5
:106B5000938696E5B396D702C986FD87B387F6403C
:106B6000B347F702850713D7F701BA97858723261E
:106B7000F4FE15A88327C4FE13971700832744FE4D
:106B8000B7C6904A938696E5B396D702C986FD8725
:106B9000B387F640B347F702FD1713D7F701BA974B
:106BA00085872326F4FEB72702409387C702BE27B6
:106BB00093960701C1828327C4FE1397070141837F
:106BC000B72702409387C702369742074183BAA787
:106BD0002DBBB72702409387C702DC3F13F7F70F9F
:106BE000B72702409387C702419B1377F70FD8BF9F
:106BF000B72702409387C702DC3F13F7F70FB72789
:106C000002409387C702136727001377F70FD8BF97
:106C1000B72702409387C70283C7370213F7F70FDE
:106C2000B72702409387C702759B1377F70FA3819D
:106C3000E702B72702409387C70283C7370213F7DB
:106C4000F70FB72702409387C70213672700137710
:106C5000F70FA381E702B72702409387C7029E334D
:106C600093960701C182B72702409387C7026177D5
:106C7000558F420741839AB3B72702409387C702D3
:106C80009E3393960701C182B72702409387C702BC
:106C90001167558F420741839AB30100B72702401D
:106CA0009387C7029E33C207C183C207C187E3D758
:106CB00007FEB72702409387C7029E33C207C183EE
:106CC000232EF4FCB72702409387C70283C73702FD
:106CD00013F7F70FB72702409387C702759B137707
:106CE000F70FA381E702B72702409387C70283C744
:106CF000370213F7F70FB72702409387C7021367CE
:106D000027001377F70FA381E702B7270240938785
:106D1000C7029E3393960701C182B727024093872B
:106D2000C7026177558F420741839AB3B727024064
:106D30009387C7029E3393960701C182B72702400B
:106D40009387C7021167558F420741839AB3EFF0CB
:106D50003F972320A4FE0100EFF09F962A87832708
:106D600004FEE38BE7FEB72702409387C7029E33FA
:106D700093960701C182B72702409387C702116724
:106D8000558F420741839AB30100B727024093878A
:106D9000C7029E33C207C183C207C187E3C707FE8C
:106DA0000100B72702409387C7029E33C207C18301
:106DB000C207C187E3D707FEB72702409387C70200
:106DC0009E33C207C183232EF4FC0327C4FD9167C1
:106DD000FD177D8FB72702409387C70283C727021D
:106DE00093F7F70FBE86B687BA07958F3E9783272E
:106DF00044FEB7E61B43938636E8B396D702C986AE
:106E0000FD879D8E9307803EB387F602B307F74058
:106E10002326F4FE8327C4FE635BF0040327C4FE2D
:106E20009307800C3307F702832744FEB75662109E
:106E3000938636DDB396D7029986FD879D8E93079C
:106E4000C02EB387F602B73682749386B696B39691
:106E5000D702B986FD87B387F640B347F7028507A7
:106E600013D7F701BA9785872326F4FE89A803274D
:106E7000C4FE9307800C3307F702832744FEB756FE
:106E80006210938636DDB396D7029986FD879D8E74
:106E90009307C02EB387F602B73682749386B696F0
:106EA000B396D702B986FD87B387F640B347F7029A
:106EB000FD1713D7F701BA9785872326F4FE83279A
:106EC000C4FE6358F008B72702409387C702BE2765
:106ED000C207C1839583C207C1833E878327C4FE4F
:106EE0003E979307F07F63D6E7060347A4FE8947E2
:106EF00063F5E702B72702409387C702BE27939640
:106F00000701C182B72702409387C70209670117AB
:106F1000558F42074183BAA7E5A8B7270240938758
:106F2000C702BE27C207C183C207C18793F7F70F05
:106F3000139707014187A1678117D98F139707011D
:106F40004187B72702409387C70242074183BAA708
:106F50009DAB8327C4FE63D50708B72702409387FC
:106F6000C702BE27C207C1839583C207C1833E877C
:106F70008327C4FEB307F0406354F7060347A4FE1B
:106F8000894763F3E702B72702409387C702BE270A
:106F9000139707014183B72702409387C7027D8B70
:106FA00042074183BAA7ADA0B72702409387C70223
:106FB000BE27C207C183C207C18793F7F70F139794
:106FC0000701418785678117D98F1397070141878B
:106FD000B72702409387C70242074183BAA7E5A1BA
:106FE000B72702409387C702BE2793960701C18245
:106FF0008327C4FEC207C183960713970701418305
:10700000B72702409387C702369742074183BAA742
:10701000B72702409387C702DC3F13F7F70FB72764
:1070200002409387C702419B1377F70FD8BFB7275A
:1070300002409387C702DC3F93F6F70F8327C4FC17
:1070400013F7F70FB72702409387C702558F1377BF
:10705000F70FD8BFB72702409387C70283C737020D
:1070600013F7F70FB72702409387C702759B137773
:10707000F70FA381E702B72702409387C70283C7B0
:10708000370213F7F70FB72702409387C70213673A
:1070900027001377F70FA381E702B72702409387F2
:1070A000C7029E3393960701C182B7270240938798
:1070B000C7026177558F420741839AB3B7270240D1
:1070C0009387C7029E3393960701C182B727024078
:1070D0009387C7021167558F420741839AB3010016
:1070E000B72702409387C7029E33C207C183C207F6
:1070F000C187E3D707FEB72702409387C7029E33B5
:10710000C207C183232EF4FCB72702409387C7022E
:1071100083C7370213F7F70FB72702409387C702D9
:10712000759B1377F70FA381E702B7270240938778
:10713000C70283C7370213F7F70FB72702409387B9
:10714000C702136727001377F70FA381E702B7275A
:1071500002409387C7029E3393960701C182B727E7
:1071600002409387C7026177558F420741839AB3E4
:10717000B72702409387C7029E3393960701C182C7
:10718000B72702409387C7021167558F4207418393
:107190009AB3EFF0EFD22320A4FE0100EFF04FD21C
:1071A0002A87832704FEE38BE7FEB72702409387F5
:1071B000C7029E3393960701C182B7270240938787
:1071C000C7021167558F420741839AB30100B72761
:1071D00002409387C7029E33C207C183C207C1879B
:1071E000E3C707FE0100B72702409387C7029E331B
:1071F000C207C183C207C187E3D707FEB727024092
:107200009387C70283C7370213F7F70FB7270240E8
:107210009387C702759B1377F70FA381E702B72700
:1072200002409387C7029E33C207C183232EF4FC1A
:107230000327C4FD9167FD177D8FB7270240938711
:10724000C70283C7270293F7F70FBE86B687BA0730
:10725000958F3E978327C4FC8966938606F4B39680
:10726000F600832744FE37E61B43130636E83396C1
:10727000C7024986FD87B307F640B387F60293D667
:10728000F74193F6F60FB697A1878E07B307F7403D
:107290002326F4FE8327C4FE6359F0060327C4FEA9
:1072A0009307800C3307F7028327C4FC8546B39706
:1072B000F60093D6F7418D8AB6978987BE869307E5
:1072C000C02EB386F602832744FE3756621013069B
:1072D00036DD3396C7021986FD87B307F640B387BC
:1072E000F602B73682749386B696B396D702B986FD
:1072F000FD87B387F640B347F702850713D7F70139
:10730000BA9785872326F4FEBDA00327C4FE930702
:10731000800C3307F7028327C4FC8546B397F60039
:1073200093D6F7418D8AB6978987BE869307C02E7C
:10733000B386F602832744FE37566210130636DD05
:107340003396C7021986FD87B307F640B387F60266
:10735000B73682749386B696B396D702B986FD8700
:10736000B387F640B347F702FD1713D7F701BA9773
:1073700085872326F4FE8327C4FE6358F008B727C9
:1073800002409387C702BE27C207C1839583C20705
:10739000C1833E878327C4FE3E979307F07F63D661
:1073A000E7060347A4FE894763F5E702B7270240D3
:1073B0009387C702BE2793960701C182B727024071
:1073C0009387C70209670117558F42074183BAA700
:1073D000EDA8B72702409387C702BE27C207C18323
:1073E000C207C18793F7F70F139707014187A1677A
:1073F0008117D98F139707014187B72702409387D9
:10740000C70242074183BAA77DA88327C4FE63D37E
:107410000708B72702409387C702BE27C207C18368
:107420009583C207C1833E878327C4FEB307F0401C
:107430006352F7060347A4FE894763F3E702B727C1
:1074400002409387C702BE27139707014183B727DE
:1074500002409387C7027D8B42074183BAA7B5A03C
:10746000B72702409387C702BE27C207C183C2075E
:10747000C18793F7F70FC207C18793E7077E13977A
:1074800007014187B72702409387C702420741831C
:10749000BAA715A8B72702409387C702BE279396BD
:1074A0000701C1828327C4FEC207C18396071397D1
:1074B00007014183B72702409387C70236974207E7
:1074C0004183BAA719A06FF0AFC3F2506254216193
:1074D0008280011106CE22CC00102326A4FE0327B1
:1074E000C4FEB7370140938707C0631FF700854587
:1074F000856713850780EFF0CF8B814585671385FE
:107500000780EFF00F8B51A00327C4FEB7070040A0
:10751000631BF70085450545EFF04F8E8145054516
:10752000EFF0CF8D9DA00327C4FEB70700409387DF
:107530000740631BF70085450945EFF02F8C814517
:107540000945EFF0AF8B91A00327C4FEB7170040A9
:1075500093870780631BF70085451145EFF00F8A7D
:1075600081451145EFF08F890DA00327C4FEB717A1
:107570000040938707C0631AF70085452145EFF067
:10758000EF8781452145EFF06F870100F2406244AB
:1075900005618280797106D622D40018232EA4FCBE
:1075A000232CB4FC231704FE8327C4FD9E2323173A
:1075B000F4FE0327C4FDB7370140938707C0630873
:1075C000F7020327C4FDB70700406302F702032751
:1075D000C4FDB707004093870740630AF7000327FD
:1075E000C4FDB7170040938707806310F7028357E5
:1075F000E4FE93F7F7F82317F4FE832784FDBE23F8
:107600000357E4FED98F2317F4FE8357E4FE93F764
:10761000F7CF2317F4FE832784FDFE230357E4FEF0
:10762000D98F2317F4FE8327C4FD0357E4FE9AA3E2
:10763000832784FDDA238327C4FDDAB7832784FDFB
:107640009A238327C4FD9AB70327C4FDB7370140A7
:10765000938707C06319F700832784FD9C273E8723
:107660008327C4FD9ABB8327C4FD0547DAAB01001D
:10767000B250225445618280011106CE22CC001006
:107680002326A4FE2324B4FE832784FE99CF8327D8
:10769000C4FE9E23C207C18393E717001397070117
:1076A00041838327C4FE9AA329A88327C4FE9E236F
:1076B000C207C183F99B1397070141838327C4FE47
:1076C0009AA30100F240624405618280011106CE56
:1076D00022CC00102326A4FEAE872322C4FE23154D
:1076E000F4FE832744FE85C38327C4FEDE27C2073A
:1076F000C1830357A4FED98F1397070141838327C2
:10770000C4FEDAA725A08327C4FEDE27139707014E
:1077100041838357A4FE93C7F7FFC207C183F98F44
:107720001397070141838327C4FEDAA70100F240C3
:10773000624405618280011106CE22CC001023260E
:10774000A4FEAE872315F4FE8357A4FE93C7F7FF6C
:107750001397070141838327C4FE9AAB0100F240CF
:10776000624405618280757106C722C54AC34EC155
:10777000D2DED6DCDADADED8E2D6E6D4EAD2EED051
:107780000009232EA4F8232CB4F8014781472324B1
:10779000E4FC2326F4FC2320E4FC2322F4FC232E27
:1077A00004FA232C04FA232A04FA8327C4F9232A8F
:1077B000F4FA8327C4F99E2BC207C1832324F4FC67
:1077C000232604FC032784FCB567FD173376F700F6
:1077D0008327C4FC93F607002324C4FC2326D4FC8F
:1077E000832784F9FE233E8E814E832784FCB3E7F2
:1077F000C7012324F4F88327C4FCB3E7D701232669
:10780000F4F8032784F88327C4F82324E4FC232610
:10781000F4FC035784FC8327C4F99AAB8327C4F98B
:10782000DE27C207C1832324F4FC232604FC03279C
:1078300084FCBD679387379FF98F2320F4F8832753
:10784000C4FC818B2322F4F8032704F8832744F82F
:107850002324E4FC2326F4FC832784F9DA238327FA
:1078600084F99E27D98F139707014183832784F9D1
:10787000BE27D98FC207C1833E838143832784FCFF
:10788000B3E76700232CF4F68327C4FCB3E7770043
:10789000232EF4F6032784F78327C4F72324E4FC7C
:1078A0002326F4FC035784FC8327C4F9DAA7832733
:1078B000C4F9DE2BC207C1832324F4FC232604FC75
:1078C000032784FCC1679387F7CFF98F2328F4F649
:1078D0008327C4FC818B232AF4F6032704F783272C
:1078E00044F72324E4FC2326F4FC832784F9DE27D1
:1078F0003E888148832784FC33EF07018327C4FC3B
:10790000B3EF17012324E4FD2326F4FD035784FC81
:107910008327C4F9DAAB930704FA3E85EFE05F935F
:10792000032744FBB7470140938707806319F7009B
:107930008327C4FA2320F4FC232204FC39A08327E4
:1079400084FA2320F4FC232204FC032744FCE547AB
:107950003307F702832704FC8146B387D702B306B7
:10796000F700032704FCE5473306F702B33BF702B1
:10797000328BB3877601BE8B832784F99C438A07B9
:107980002328F4F8232A04F8032604F9832644F96B
:107990005A85DE85EF20104B2A87AE87232EE4FA26
:1079A0000327C4FBB787EB519387F751B337F7022F
:1079B000958392072324F4FC232604FC8327C4FC2C
:1079C000F207032784FC135947003E998327C4FC20
:1079D00093D947004A8793074006B307F702032766
:1079E000C4FBB307F740232CF4FA832784FB9207E8
:1079F00013872703B787EB519387F751B337F70204
:107A00009583232CF4FA032784FBBD4763F7E70231
:107A1000032684FC8326C4FC414581453307A60028
:107A20003A883338C800B387B600B306F800B68783
:107A30002324E4FC2326F4FC2DA0832784FB3E8C26
:107A4000814C137AFC0093FA0C00832784FC33EDFD
:107A500047018327C4FCB3ED57012324A4FD23264B
:107A6000B4FD035784FC8327C4F99AA70100BA40E8
:107A70002A441A498A49765AE65A565BC65B365CEE
:107A8000A65C165D865D49618280011106CE22CC1E
:107A900000102326A4FE2324B4FE832784FE85C37E
:107AA0008327C4FEDE271397070141838967D98F97
:107AB0001397070141838327C4FEDAA705A0832714
:107AC000C4FEDE27139707014183F977FD17F98F6D
:107AD0001397070141838327C4FEDAA70100F24010
:107AE000624405618280797106D622D40018232E63
:107AF000A4FCAE87232AC4FC231DF4FC232404FE2B
:107B0000232204FE232004FE232604FE8327C4FD33
:107B10002326F4FE8357A4FD93F7F70F958393F77D
:107B2000F70F2324F4FE8357A4FDFD8B2322F4FEDC
:107B3000832744FE0547B317F7002320F4FE0327ED
:107B400084FE85476318F7008327C4FEB107232608
:107B5000F4FE0DA0032784FE89476318F7008327EE
:107B6000C4FEC1072326F4FE31A08327C4FED1073B
:107B70002326F4FE832744FD99CB8327C4FE944338
:107B80008327C4FE032704FE558F98C321A88327AB
:107B9000C4FE9443832704FE13C7F7FF8327C4FE64
:107BA000758F98C30100B250225445618280011143
:107BB00006CE22CC00102326A4FEAE872315F4FEA9
:107BC0008357A4FE93F7F71F139707014183832779
:107BD000C4FEDAA30100F240624405618280011113
:107BE00006CE22CC00102326A4FEAE872315F4FE79
:107BF0008357A4FE93C7F7FF139707014183832799
:107C0000C4FE9AA30100F24062440561828079714A
:107C100006D622D40018232EA4FCAE87231DF4FC24
:107C2000232204FE232604FE232004FE232404FE34
:107C30008357A4FD93F7F70F958393F7F70F23204E
:107C4000F4FE8357A4FDFD8B2326F4FE8327C4FE98
:107C50000547B317F7002326F4FE032704FE8547E4
:107C6000631EF7008327C4FDDE27C207C1833E875A
:107C70008327C4FEF98F2326F4FE2DA8032704FED4
:107C80008947631EF7008327C4FD9E2BC207C1836B
:107C90003E878327C4FEF98F2326F4FE21A883277D
:107CA000C4FDDE2BC207C1833E878327C4FEF98F44
:107CB0002326F4FE8357A4FDA183C207C183232298
:107CC000F4FE832744FE0547B317F7002322F4FE92
:107CD0008327C4FD9E23C207C1833E87832744FEBA
:107CE000F98F2322F4FE8327C4FE81CB832744FE31
:107CF00089C785472324F4FE19A0232404FE832783
:107D000084FE3E85B250225445618280411106C6F0
:107D100022C400080D45EFE01FB90100B240224423
:107D200041018280011106CE22CC00102326A4FE40
:107D30002324B4FE2322C4FE0327C4FE832784FE2B
:107D40008A073E86BA85032544FEEF80CFD6814759
:107D50003E85F240624405618280011106CE22CC4C
:107D600000102326A4FE2324B4FE2322C4FEEFD059
:107D70006FD60325C4FEEFD0AFDC832544FE032578
:107D8000C4FEEFD0AFE2EFD08FD90545EF00006F12
:107D900081473E85F240624405618280597186D6F2
:107DA000A2D4801885671387874B23A8E1865546A0
:107DB000B96793850748BD6713850755EF80CFE006
:107DC000AA8799E7B96713858749EF20B04301A0D7
:107DD000B72702409387C7029443B727024093878F
:107DE000C702370700907D17758F98C3B7270240E9
:107DF0009387C7029443B72702409387C702370788
:107E00000030558F98C3B72702409387C702944329
:107E1000B72702409387C70237070003558F98C3DF
:107E2000930744FA1306000481453E85EF804FCF47
:107E3000B7170020938787FF2322F4FA8967938777
:107E400007C02314F4FAED47231AF4FA9547A3095F
:107E5000F4FA8547230BF4FAA547230CF4FAB78705
:107E60000708938707C02326F4FA8D472309F4FAFD
:107E7000A167938747D2232EF4FCA1679387A7D5E8
:107E80002320F4FE9167938707E82311F4FC9307FE
:107E9000803E2312F4FCB547A30CF4FAA167938744
:107EA000E70A2328F4FCA1679387C7D0232AF4FCB0
:107EB0009307C4F93E85EFD0AFDBA30704FE15A0FE
:107EC0000347F4FE8347F4FE411722970347C7FA9E
:107ED000C117A2972386E7FC8347F4FE8507A30713
:107EE000F4FE0347F4FE9547E3FCE7FC832744FADE
:107EF00091C7035784FA85676373F70001A093075E
:107F000044FA3E85EF40C00CAA87A307F4FE8347DE
:107F1000F4FE91CB8347F4FEBE85B9671385C74A4B
:107F2000EF20502201A0854513050004EFE08FDA11
:107F30009307F0032322F4FE832744FEFD8B0547BD
:107F4000B316F70037E700E0832744FE9583938755
:107F500007048A07BA9794C30100930700042324F7
:107F6000F4FE832784FEFD8B0547B316F70037E741
:107F700000E0832784FE9583938707048A07BA97D6
:107F800094C301000100B650265465618280797166
:107F900006D622D40018AA872E87A30FF4FCBA872E
:107FA000231EF4FC8317C4FD63D807028347F4FD46
:107FB0003E85EF80EFA52326A4FE8327C4FE89C754
:107FC0000325C4FEEF30701D8357C4FD3E87E17763
:107FD000B98FC207C18351A08357C4FD858B81CB64
:107FE0008357C4FD93C71700C207C183BDA00357C1
:107FF000C4FD8967F98F9DC7EF40901BEFF01FD13B
:1080000003C7C186B7F70200138607E089653A8582
:10801000EF30B0408357C4FD3E878967B98FC207F0
:10802000C18325A80357C4FD9167F98F95C7B96728
:108030001385C74CEF20101D83C7C186130600644B
:1080400091653E85EF30703D8357C4FD3E87916753
:10805000B98FC207C18311A081473E85B250225417
:1080600045618280411106C622C40008A1671385BC
:10807000E7F8EF303072AA873E872386E186D92C55
:1080800003C7C186B7F70200138607E089653A8502
:10809000EF30B03883C7C1861306006491653E8512
:1080A000EF30B0370100B2402244410182801971A3
:1080B00086DEA2DC0001232604F8232804F8232A04
:1080C00004F8232C04F8232E04F8232004FA232296
:1080D00004FA232404FAB71702409C4F2326F4FE27
:1080E000B7170240DC432324F4FEB72701409387EF
:1080F0000740DC432322F4FEB72701409387074063
:108100009C472320F4FEB727014093870740DC57A4
:10811000232EF4FCB7270140938707409C5B232C58
:10812000F4FCB727014093870740DC5B232AF4FC6B
:10813000B727014093870740DC472328F4FCB72783
:108140000140938707409C4B2326F4FCB72701404E
:1081500093870740DC4B2324F4FCB7270140938727
:1081600007409C4F2322F4FCB72701409387074028
:10817000DC4F2320F4FCB7270140938707409C5332
:10818000232EF4FAB727014093870740DC53232CB2
:10819000F4FAB7270140938707409C57232AF4FA43
:1081A000B7270140938707409C5F2328F4FA854551
:1081B00013050020EFE0AFB63165EFD0BFF4B7276D
:1081C000014013850740EFC0DF83232604F82328EE
:1081D00004F8232A04F8B7070E00232CF4F8232E02
:1081E00004F885472300F4FA9307C4F8BE85B7273F
:1081F000014013850740EFC0DF868545B727014062
:1082000013850740EFC03F968545B727014013858A
:108210000740EFC0DFCD0545EFC05FC49D46054672
:10822000C145B727014013850740EFC07F9C8545B6
:10823000B727014013850740EFC01F97010089450C
:10824000B727014013850740EFC09FC6AA87E5DB2B
:10825000B727014013850740EFC05FBEAA872317E9
:10826000F4FAB727014013850740EFC08FF9B7171D
:1082700002400327C4FE98CFB7170240032784FEAD
:10828000D8C3B727014093870740032744FED8C3CC
:10829000B727014093870740032704FE98C7B727F5
:1082A0000140938707400327C4FDD8D7B727014073
:1082B00093870740032784FD98DBB7270140938706
:1082C0000740032744FDD8DBB727014093870740C9
:1082D000032704FDD8C7B72701409387074003272A
:1082E000C4FC98CBB727014093870740032784FC41
:1082F000D8CBB727014093870740032744FC98CF8A
:10830000B727014093870740032704FCD8CFB7273E
:108310000140938707400327C4FB98D3B727014048
:1083200093870740032784FBD8D3B727014093875F
:108330000740032744FB98D7B7270140938707409E
:10834000032704FB98DF8357E4FA3E85F650665412
:1083500009618280797106D622D40018231704FEA1
:10836000A30604FE232E04FC232004FE232204FE85
:10837000232404FE854537050018EFE0EF9E0545F0
:10838000EFD07FD00545EFD07FE20145EFD03FDC55
:1083900013050020EFD05FE50545EFD07FE7EFE064
:1083A0008FC9EFE04FC90545EFE02FC4EFE0AFC83C
:1083B0000145EFE02FBFEFE00FC8EFF03F959307C7
:1083C000803E2313F4FE9167938707E82312F4FE9F
:1083D000FD572320F4FE99679387076C232EF4FC46
:1083E0009307C4FD3E85EF30B05AAA87A306F4FE7A
:1083F0008347D4FE89CB8347D4FEBE85B9671385F6
:10840000074DEF2020540100B25022544561828074
:10841000411122C60008054723AAE186370502005C
:10842000EFC01FE90945EFE0AFC3EFE0CFC00100A7
:108430003244410173002030411106C622C40008B5
:1084400003A70182B7E71B43938737E8B337F702E7
:10845000D58313F7F70F238CE18683C781873E8787
:108460009307803EB307F702139707014183239DCB
:10847000E1860100B240224441018280797106D632
:1084800022D40018232EA4FCB7F600E0D042B7F6A1
:1084900000E0799AD0C283C6818736868326C4FDE0
:1084A000B386C6022326D4FEB7F600E00326C4FE38
:1084B0003287814798CADCCAB7F700E09843B7F71C
:1084C00000E01367070198C3B7F700E09843B7F7D8
:1084D00000E01367170298C30100B7F700E0DC4320
:1084E00013F717008547E31AF7FEB7F700E0984344
:1084F000B7F700E0799B98C30100B2502254456160
:108500008280797106D622D40018232EA4FCB7F6F7
:1085100000E0D042B7F600E0799AD0C283D6A187B6
:1085200036868326C4FDB386C6022326D4FEB7F65C
:1085300000E00326C4FE3287814798CADCCAB7F739
:1085400000E09843B7F700E01367070198C3B7F757
:1085500000E09843B7F700E01367170298C30100E3
:10856000B7F700E0DC4313F717008547E31AF7FE7F
:10857000B7F700E09843B7F700E0799B98C3010094
:10858000B2502254456182805D7186C6A2C48008C3
:10859000232EA4FA232604FC232804FC8545370552
:1085A0000200EFD07FFC85451145EFD05FF7914782
:1085B0002312F4FE8D472324F4FEE1472326F4FE24
:1085C000930744FEBE85B717014013850780EFC0AF
:1085D0003FF48327C4FB232AF4FC231C04FC231D43
:1085E00004FC231E04FC231004FEA147231FF4FCFB
:1085F000930744FDBE85B747004013850740EFF061
:108600008F96054693055052B747004013850740A3
:10861000EFF06FCD054693056062B74700401385C4
:108620000740EFF04FCC930760032306F4FC894723
:10863000A306F4FC89472307F4FC85472328F4FCB0
:108640009307C4FC3E85EFD09F938545B747004014
:1086500013850740EFF06FC30100B6402644616107
:108660008280797106D622D40018232EA4FC232CF4
:10867000B4FC232AC4FC232604FE232604FE8DA07A
:10868000010083C7518193F7F70FE5DF014693059A
:108690006062B747004013850740EFF0CFC48327DF
:1086A00084FD13871700232CE4FC83870700C2078F
:1086B000C183BE85B747004013850740EFF02FCF39
:1086C000A38A0180054693056062B7470040138581
:1086D0000740EFF04FC18327C4FE85072326F4FE31
:1086E0000327C4FE832744FDE34CF7F8832744FDAA
:1086F0003E85B250225445618280011106CE22CCC3
:1087000000102326A4FE03A781818327C4FE3E9781
:10871000B73700209387C701636DF70003A78181F6
:108720008327C4FE3E97B70701209387078063F431
:10873000E700FD5739A803A781818327C4FE3E9730
:1087400023ACE18003A781818327C4FEB307F040F7
:10875000BA973E85F240624405618280411122C68B
:10876000000893055052B747004013850740EFF0CB
:108770000FCAAA8789CB93055052B747004013858B
:108780000740EFF0CFC593056062B74700401385FF
:108790000740EFF0CFC7AA8781CF0547A38AE180C2
:1087A00093050004B747004013850740EFF02FC33F
:1087B00001003244410173002030011106CE22CC69
:1087C0000010AA87A307F4FE0547238EE18683479E
:1087D000F4FEBE8601469305C0030145EF10005E1E
:1087E0000100F240624405618280011106CE22CC74
:1087F00000102326A4FEAE87A305F4FE0547238EB2
:10880000E1868347B4FEC207C1833E878326C4FE48
:10881000130600049305C0030145EF10E0130100A7
:1088200083C7C18713F7F70F8547E30BF7FE0100F6
:108830000100F240624405618280411106C622C4F3
:1088400000081305E00AEFF05FF71305500DEFF095
:10885000DFF613050008EFF05FF61305800AEFF06E
:10886000DFF51305F003EFF05FF51305300DEFF0C2
:10887000DFF40145EFF07FF413050004EFF0FFF3A0
:108880001305100AEFF07FF31305800CEFF0FFF2F1
:108890001305A00DEFF07FF24945EFF01FF213052D
:1088A0001008EFF09FF11305F00CEFF01FF1130526
:1088B000900DEFF09FF01305100FEFF01FF0130570
:1088C000B00DEFF09FEF13050003EFF01FEF13055E
:1088D000400AEFF09FEE1305600AEFF01FEE13055C
:1088E000D008EFF09FED5145EFF03FED1305F00A92
:1088F000EFF0BFEC7D289D200100B24022444101F1
:108900008280011106CE22CC0010AA872E87A307F1
:10891000F4FEBA872307F4FE8347F4FE93E707FBD0
:1089200093F7F70F3E85EFF05FE98347E4FE91830D
:1089300093F7F70F93E7070193F7F70F3E85EFF0F3
:10894000DFE78347E4FEBD8B93F7F70F3E85EFF03B
:10895000DFE60100F240624405618280011106CE2B
:1089600022CC0010A30704FE15A88347F4FE81451E
:108970003E85EFF01FF98347F4FE13977700B707A2
:10898000002093870720BA97930500083E85EFF0F3
:10899000DFE58347F4FE8507A307F4FE0347F4FEF3
:1089A0009D47E3F4E7FC01000100F24062440561E9
:1089B0008280011106CE22CC0010230704FE3DA8C0
:1089C000A30704FE1DA00347E4FE8347F4FEB70699
:1089D0000020938606201E073697BA97238007004B
:1089E0008347F4FE8507A307F4FE8307F4FEE3DC68
:1089F00007FC8347E4FE85072307F4FE0347E4FEF4
:108A00009D47E3FFE7FA01000100F240624405617F
:108A10008280797106D622D40018AA873687A30FE0
:108A2000F4FCAE87230FF4FCB287A30EF4FCBA87E4
:108A3000230EF4FC8307F4FD63C307100347E4FD32
:108A40009307F00363EFE70E0347F4FD8347D4FD7C
:108A50003E979307000863DAE7008347F4FD3E87FB
:108A6000930700F8998FA30EF4FC0347E4FD8347B6
:108A7000C4FD3E979307000463DAE7008347E4FDF3
:108A80003E8793070004998F230EF4FC8347E4FD8F
:108A90002307F4FE59A88347F4FDA307F4FE85A835
:108AA0008347E4FE8D8313F6F70FB2858347F4FE08
:108AB0003707002093060720139775003697BA975B
:108AC0009C231397870161878347E4FE9D8B85462E
:108AD000B397F600E207E18793C7F7FFE207E18764
:108AE000F98F139787016187B2858347F4FE137767
:108AF000F70FB70600201386062093967500B296EE
:108B0000B69798A38347F4FE8507A307F4FE0347AF
:108B1000F4FE8346F4FD8347D4FDB697E342F7F8AD
:108B20008347E4FE85072307F4FE0347E4FE8346FC
:108B3000E4FD8347C4FDB697E34FF7F421A001009D
:108B400011A00100B250225445618280011106CE6D
:108B500022CC0010AA873687A307F4FEAE8723072E
:108B6000F4FEB287A306F4FEBA872306F4FE034799
:108B7000C4FEA1476314F7028307D4FE811713973D
:108B80004700BD679387478E3E978345E4FE834742
:108B9000F4FEC14621463E85D92015A80347C4FEF0
:108BA00099476316F7028307D4FE138707FEBA8737
:108BB0008607BA9786073D67130747ED3E978345BB
:108BC000E4FE8347F4FEA14619463E85492801008C
:108BD000F240624405618280797106D622D4001881
:108BE000AA87232CC4FC3687A30FF4FCAE87230F7F
:108BF000F4FCBA87A30EF4FCA30704FE99A08347F4
:108C0000F4FE3E878347D4FDB307F70293F7F70FCF
:108C10000347F4FDBA9713F5F70F8347F4FE0327D4
:108C200084FDBA97038707008346D4FD8347E4FD9C
:108C30003A86BE85EFF09FF18347F4FE8507A307D0
:108C4000F4FE8347F4FE032784FDBA978387070069
:108C5000DDF701000100B250225445618280797134
:108C600006D622D40018AA87232CE4FCA30FF4FC18
:108C7000AE87230FF4FCB287A30EF4FCB687230E55
:108C8000F4FC8307F4FD63C1071E0347E4FD93076B
:108C9000F00363EDE71C8346C4FD0346D4FD0347A0
:108CA000E4FD8347F4FDBA853E85EFF09FD62307A8
:108CB00004FE69AAA30704FEADAA0347F4FD834797
:108CC000F4FE3E979307F00763CCE7168347E4FD75
:108CD0008D8393F7F70F3E878347E4FE3E979D47CA
:108CE00063C8E7188347E4FD8D8313F6F70F3287D7
:108CF0008347E4FE3E978346F4FD8347F4FEB69730
:108D0000B7060020938606201E073697BA979C2345
:108D10001397870161878346E4FE8347D4FDB386BA
:108D2000F6028347F4FEB697BE86832784FDB69786
:108D30009C23BE868347E4FD9D8BB397F600E20734
:108D4000E187D98F93958701E18532878347E4FED8
:108D5000B306F7000347F4FD8347F4FEBA9713F711
:108D6000F50F37060020130606209E06B296B6972A
:108D700098A38347E4FD8D8393F7F70F3E878347DE
:108D8000E4FE3E97994763C0E70A8347E4FD8D837D
:108D900013F6F70F32878347E4FEBA97138717005D
:108DA0008346F4FD8347F4FEB697B706002093860A
:108DB00006201E073697BA979C2313978701618771
:108DC0008346E4FE8347D4FDB386F6028347F4FE70
:108DD000B697BE86832784FDB6979C23BE858347BE
:108DE000E4FD9D8BA146B387F640B3D7F540E2077B
:108DF000E187D98F93958701E18532878347E4FE28
:108E0000BA97938617000347F4FD8347F4FEBA9799
:108E100013F7F50F37060020130606209E06B296BC
:108E2000B69798A311A001008347F4FE8507A30716
:108E3000F4FE0347F4FE8347D4FDE360F7E811A096
:108E400001008347E4FE85072307F4FE8347C4FD42
:108E5000FD1713D7F7411D8BBA978D873E87834740
:108E6000E4FEE359F7E431A0010021A0010011A0C4
:108E70000100B250225445618280411106C622C4CD
:108E8000000885451145EFD08FE98545370502007B
:108E9000EFD08FED85450545EFD00FED85450545B4
:108EA000EFD04FE381473E85B240224441018280AA
:108EB000011106CE22CC0010232004FE232204FE42
:108EC000231404FE37050040EFE0AFE093073006BF
:108ED0002312F4FE03A70182B7E71B43938737E809
:108EE000B337F702C983C207C183FD17C207C18325
:108EF0002310F4FE231304FE231104FE930704FE43
:108F0000BE8537050040EFE0EFE8854537050040B6
:108F1000EFE07F820546854537050040EFE00FFB17
:108F20009307C0022326F4FE8327C4FEFD8B05476A
:108F3000B316F70037E700E08327C4FE95839387D5
:108F400007048A07BA9794C3010085453705004096
:108F5000EFE08FF20100F24062440561828001116E
:108F600006CE22CC0010938781CD83C7D70393F719
:108F7000F70F13978701938781CD83C7C70393F7B3
:108F8000F70FC207BA972326F4FE938781CD83C7D4
:108F9000B70393F7F70FA207138781CD0347A70302
:108FA0001377F70FBA970327C4FEBA972326F4FE68
:108FB000938781CD83C7E703A305F4FE938781CD13
:108FC00083C7F7032305F4FEF16713850720EFF04D
:108FD000AFDB0100F240624405618280011106CEE0
:108FE00022CC0010B7270600938707A82322F4FE9F
:108FF000F177FD172314F4FE231504FE854723069D
:10900000F4FE8547A306F4FE85472307F4FE930785
:1090100044FEBE850145252B0100F24062440561F6
:109020008280011106CE22CC0010232204FE2324CC
:1090300004FE232604FE85454145EFD04FCE93071D
:1090400000202312F4FEC1472326F4FE8D4723247B
:10905000F4FE930744FEBE8537150140EFC04FCBA9
:109060000100F240624405618280411106C622C4BB
:109070000008EFF01FFBEFF07FF6EFA0EFFCEF90A2
:109080002FF9EFA03F8BEFF0BFE231200100B2409B
:10909000224441018280411106C622C40008EFF03B
:1090A000CFF9A1461306100481450145EFF01FAA30
:1090B000A146B9671386875881454145EFF0DFB176
:1090C000EFF0DF890100B2402244410182807971D2
:1090D00006D622D40018AA87231FF4FC0357E4FD08
:1090E0009307F00363E3E7028357E4FD1397470018
:1090F000BD6793870711BA972326F4FE8327C4FE22
:10910000DC4381C78327C4FE11A081473E85B2504E
:10911000225445618280411106C622C4000885455B
:109120001145EFD0CFBF85452145EFD04FBF8545D5
:109130004145EFD0CFBE854513050002EFD02FBECD
:1091400081473E85B240224441018280797106D632
:1091500022D40018AA87232CB4FC231FF4FC23205C
:1091600004FE232204FE232404FE8357E4FD3E85EF
:10917000EFF0FFF52326A4FE8327C4FE99E3F957F9
:1091800055A08327C4FE9E272310F4FE8D4723227B
:10919000F4FE032784FD91476306F706032784FD49
:1091A000914763E5E706032784FD8D476307F704CE
:1091B000032784FD8D4763EBE704032784FD89477C
:1091C0006308F702032784FD894763E1E7048327E7
:1091D00084FD91CB032784FD85476319F702C147BE
:1091E0002324F4FE35A0930780022324F4FE0DA06F
:1091F000930780042324F4FE21A8930780022324EC
:10920000F4FE39A0D1472324F4FE19A0F95719A878
:109210008327C4FEDC43130704FEBA853E85EFC0F6
:109220002FAF81473E85B2502254456182807971CB
:1092300006D622D40018AA87232CB4FC231FF4FCE2
:109240008357E4FD3E85EFF09FE82326A4FE8327A5
:10925000C4FE9DC7832784FDFD1793B7170093F7BE
:10926000F70F2324F4FE8327C4FED8438327C4FECC
:109270009E27032684FEBE853A85EFC0CFCB11A082
:109280000100B250225445618280011106CE22CCE9
:109290000010AA87A307F4FE0347F4FEBD4763EA64
:1092A000E7028347F4FE138701129207BA97DC4363
:1092B0008DC38347F4FE138701129207BA97D843F0
:1092C0008347F4FE938601129207B6979C473E852A
:1092D00002970100F240624405618280411106C696
:1092E00022C40008731101340545EFB0DFF6AA87E8
:1092F00099C70145EFF07FF90545EFB07FFB73118A
:1093000001340100B240224441018280411106C66D
:1093100022C40008731101340945EFB0DFF3AA87B6
:1093200099C70545EFF07FF60945EFB07FF8731157
:1093300001340100B240224441018280411106C63D
:1093400022C40008731101341145EFB0DFF0AA8781
:1093500099C70945EFF07FF31145EFB07FF5731121
:1093600001340100B240224441018280411106C60D
:1093700022C40008731101342145EFB0DFEDAA8744
:1093800099C70D45EFF07FF02145EFB07FF27311E3
:1093900001340100B240224441018280411106C6DD
:1093A00022C40008731101344145EFB0DFEAAA87F7
:1093B00099C71145EFF07FED4145EFB07FEF731195
:1093C00001340100B240224441018280411106C6AD
:1093D00022C400087311013413050002EFB0BFE787
:1093E000AA8781CB1545EFF05FEA13050002EFB0C5
:1093F0003FEC13050004EFB01FE6AA8781CB1945A7
:10940000EFF0BFE813050004EFB09FEA1305000872
:10941000EFB07FE4AA8781CB1D45EFF01FE713056E
:109420000008EFB0FFE813050010EFB0DFE2AA87F5
:1094300081CB2145EFF07FE513050010EFB05FE72A
:1094400013050020EFB03FE1AA8781CB2545EFF05F
:10945000DFE313050020EFB0BFE573110134010015
:10946000B240224441018280011106CE22CC00107C
:109470002326A4FE8327C4FE81E79387012219A037
:10948000938781253E85F240624405618280011107
:1094900006CE22CC00102326A4FE8327C4FE91E72B
:1094A000B75700409387074029A0B76700409387CC
:1094B00007803E85F240624405618280011106CE3C
:1094C00022CC00102326A4FE2324B4FE2322C4FEB3
:1094D0002320D4FE11A8832704FE1387F7FF23203F
:1094E000E4FE99E3854729A8832584FE0325C4FE6D
:1094F000EFC05F9E2A87832744FEE39EE7FC8147F7
:109500003E85F240624405618280011106CE22CC84
:1095100000102326A4FE2324B4FE2322C4FE11A897
:10952000832744FE1387F7FF2322E4FE99E3854750
:1095300011A8832584FE0325C4FEEFC03F91AA87AE
:10954000E5D381473E85F2406244056182805D71CA
:1095500086C6A2C48008232EA4FA232CB4FA0327BB
:10956000C4FB854763E5E700832784FB81E7930716
:10957000000821A40325C4FBEFF01FEF2326A4FE5F
:109580000327C4FBBA878607BA978E073D67130780
:109590000751BA972324F4FE0325C4FBEFF03FEFF5
:1095A0002322A4FE8327C4FE032744FE98C38327F7
:1095B00084FBB8278327C4FEB8BF8327C4FE23A239
:1095C00007008327C4FE23AE0700832784FEDC4701
:1095D00085453E85EFC0BFF4832784FE9C4B8545BF
:1095E0003E85EFC07FF8232C04FC232E04FC2320AF
:1095F00004FE832784FE9C4313970701418383273E
:1096000084FEDC43C207C183D98FC207C183231CF8
:10961000F4FC8D47232EF4FCF1472320F4FE83272E
:1096200084FE9C47130784FDBA853E85EFB05FEE4C
:109630008327C4FB81EF832784FEDC2B81CB832728
:1096400084FEDC2B85453E85EFC0AF92232404FCCD
:10965000232604FC232804FC232A04FC930784FC0F
:109660003E85EFC04FD5832784FB9C432324F4FC25
:10967000832784FBDE232317F4FC832784FBFE234C
:109680002318F4FC832784FB9C2781C793070040A1
:1096900011A081472319F4FC832784FB9C3799C3CD
:1096A000916711A0B167231AF4FC930784FCBE856F
:1096B000032544FEEFC0EFAB8545032544FEEFC014
:1096C0004FD4832784FBB82785476308F700832797
:1096D00084FBB82789476316F708232004FC23225C
:1096E00004FC8327C4FB85EF9307F0022300F4FCFE
:1096F0008547A300F4FC230104FC85472322F4FCE6
:10970000930704FC3E85EFC09F8793070003230067
:10971000F4FC930704FC3E85EFC07F8625A89307E1
:1097200010032300F4FC8547A300F4FC85472301C4
:10973000F4FC85472322F4FC930704FC3E85EFC02C
:109740001F84930720032300F4FC930704FC3E8549
:10975000EFC0FF82054693050030032544FEEFC0AD
:109760006FE0832784FBB82789476317F700854597
:10977000032544FEEFC02FCE81473E85B6402644E8
:1097800061618280797106D622D40018232EA4FC50
:10979000232AD4FC2328F4FCAE87A30DF4FCB28763
:1097A000230DF4FCBA87231CF4FC0327C4FD854772
:1097B00063E8E700832744FD81C7835784FD81E781
:1097C0009307000869A20325C4FDEFF0FFC9232217
:1097D000A4FE0325C4FDEFF09FCB2320A4FE832726
:1097E00044FE0947D8C3832604FD0146B70502009D
:1097F000032504FEEFF09FCC2326A4FE8327C4FE9E
:10980000639B07108545032504FEEFC0EFCA0326BE
:1098100004FDB707030093851700032504FEEFF04E
:10982000DFCE2326A4FE8327C4FE6398070E83475A
:10983000B4FD860793F7F70F0146BE85032504FEA6
:10984000EFC0AFDB032604FDB707070093852708A9
:10985000032504FEEFF07FCB2326A4FE8327C4FE5E
:10986000DDEF832604FD0546B70700109385070842
:10987000032504FEEFF09FC42326A4FE8327C4FE25
:10988000CDE38347A4FDBE85032504FEEFC02FD49E
:10989000231504FE89A0832604FD0546B7070010A2
:1098A00093850708032504FEEFF05FC12326A4FE7D
:1098B0008327C4FEADEB8357A4FE032744FDBA976C
:1098C0009C23BE85032504FEEFC06FD08357A4FE02
:1098D00085072315F4FE0357A4FE835784FDE36C2C
:1098E000F7FA032604FDB707070093854708032509
:1098F00004FEEFF09FC12326A4FE8327C4FE95E754
:109900008545032504FEEFC08FC0832744FE23A2B4
:10991000070081472DA8010011A8010001A801003E
:1099200031A0010021A0010011A0010085450325FF
:1099300004FEEFC0CFBD832744FE13070008D8C341
:109940000327C4FE832744FED8CF8327C4FE3E8569
:10995000B250225445618280797106D622D4001813
:10996000232EA4FCAE87232AD4FCA30DF4FCB287DB
:10997000230DF4FCBA87231CF4FC0327C4FD8547A0
:1099800063EEE700832744FD91CB835784FD99C79D
:10999000035784FD9307F00F63F5E7009307000872
:1099A00075A80325C4FDEFF03FAC2326A4FE0325D4
:1099B000C4FDEFF0DFAD2324A4FE8327C4FEDC4307
:1099C00099C3894761A8138701298327C4FDA2078A
:1099D000BA970347A4FD98A38327C4FDA207138762
:1099E000170093870129BA97035784FD3A86832588
:1099F00044FD3E85EF1040178327C4FE0347B4FDA6
:109A000098AF8327C4FD13978700938701293E975A
:109A10008327C4FE98C7835784FD850713970701E2
:109A200041838327C4FE9AAB8327C4FE239A070091
:109A30008327C4FE239907008327C4FEA38C070055
:109A40008327C4FE0947D8C38327C4FE23AE07007B
:109A50008545032584FEEFC02FA681473E85B25081
:109A60002254456182801D7186CEA2CC8010232EA7
:109A7000A4FA232CB4FA232AC4FAB6872326E4FADC
:109A80002319F4FA232204FC232404FC232604FCD7
:109A9000232804FC232A04FC232C04FC232E04FC8E
:109AA000232004FE232204FE232404FE232604FE96
:109AB000930744FC3E85EFB0CFD2832784FB23225B
:109AC000F4FC832744FB2324F4FC8327C4FA2326D5
:109AD000F4FC835724FB2328F4FC232A04FC93077B
:109AE0000008232CF4FC232E04FC232004FE232254
:109AF00004FE89672324F4FE232604FE930744FC16
:109B0000BE850325C4FBEFB00FC30100F6406644D9
:109B100025618280797106D622D40018232EA4FCF8
:109B2000AE87232AC4FC3687A30DF4FCBA87231C16
:109B3000F4FC0327C4FD854763E8E700832744FD61
:109B400081C7835784FD81E793070008F1A00325AF
:109B5000C4FDEFF07F912326A4FE0325C4FDEFF0A2
:109B60001F932324A4FE8327C4FEDC4399C38947A3
:109B700065A08327C4FE83C7870293C7170093F7A6
:109B8000F70F89E78327C4FE9C5381E793070008FA
:109B900061A08327C4FE8853832784FEC107BE8546
:109BA000832744FD835684FD41473E86EFF0BFEB9B
:109BB0008327C4FE0347B4FD98AF8327C4FE032761
:109BC00044FD98C78327C4FE035784FD9AAB8327BF
:109BD000C4FE239A07008327C4FE23990700832726
:109BE000C4FE0947D8C38327C4FE23AE07008327DA
:109BF000C4FE9C53054689453E85EFB0AFC9832717
:109C0000C4FE9C5385453E85EFB08FC48545032532
:109C100084FEEFC06F8A81473E85B2502254456171
:109C20008280797106D622D40018232EA4FCAE8738
:109C3000232AD4FCA30DF4FCB287230DF4FCBA87CD
:109C4000231CF4FC0327C4FD854763EEE70083274C
:109C500044FD91CB835784FD99C7035784FD930737
:109C6000F00F63F5E70093070008A5A80325C4FDDE
:109C7000EFF08FFF2326A4FE8327C4FEDC4399C3A5
:109C8000894785A0138701498327C4FDA207BA9796
:109C90000347A4FD98A38327C4FDA20713871700D9
:109CA00093870149BA97035784FD3A86832544FD7B
:109CB0003E85EF00706B8327C4FD13978700938761
:109CC00001493E97835784FD850793960701C1821A
:109CD0008347B4FD3A86BE850325C4FDEFF09FE3BC
:109CE000AA873E85B250225445618280797106D69A
:109CF00022D40018232EA4FCAE87232AD4FCA30D63
:109D0000F4FCB287230DF4FCBA87231CF4FC032770
:109D1000C4FD854763F5E7009307000859A8BD67B0
:109D2000938607510327C4FDBA878607BA978E0723
:109D3000B697DC3BA307F4FE8347F4FE094763892B
:109D4000E70409476345F70689C705476383E702C8
:109D5000B9A8035784FD0346A4FD8345B4FDC1673C
:109D6000FD17832644FD0325C4FDEFF0BFA1AA879C
:109D700089A0035784FD0346A4FD8347B4FD8326D1
:109D800044FDBE850325C4FDEFF01FBDAA8715A0C5
:109D9000035784FD0346A4FD8347B4FD832644FD99
:109DA000BE850325C4FDEFF0DFE7AA8719A093075E
:109DB00000083E85B250225445618280011106CED2
:109DC00022CC00102326A4FEAE873687A305F4FE1E
:109DD000B2872305F4FEBA87A304F4FE930694FE2B
:109DE0000346A4FE8347B4FE0547BE850325C4FE93
:109DF000EFF0DFEFAA873E85F24062440561828082
:109E0000797106D622D40018232EA4FCAE87231D18
:109E1000F4FC231704FE71A08357E4FE0327C4FD5E
:109E2000BA9703D7E18742074183BA86982393877D
:109E30000169B69798A383D7E187C207C1831387C7
:109E400017009357F741E9833E971377F703B3075A
:109E5000F740139707014183239FE18683D7E1876A
:109E600013970701418383D70188C207C183631514
:109E7000F70283D70188C207C1831387170093575E
:109E8000F741E9833E971377F703B307F74013973A
:109E9000070141832390E1888357E4FE8507231758
:109EA000F4FE0357E4FE8357A4FDE367F7F60100D1
:109EB0000100B250225445618280411106C622C47D
:109EC0000008A96713856702EF20C00CAA873E87A8
:109ED000238EE180A96713854715EF20A00BAA8781
:109EE0003E87A38EE18083C7C18185453E85EF1003
:109EF000D04983C7C1811306006489453E85EF10B0
:109F0000D05103C7D1818567138607C885453A8537
:109F1000EF1070660100B2402244410182800111BD
:109F200006CE22CC00102326A4FE8327C4FE9C2349
:109F30003E87C147631CF70283C7D18189453E85AF
:109F4000EF10B044B96713850770EF00B02B83277B
:109F5000C4FE9C233E878327C4FE9C333E86BA857D
:109F6000B96713854773EF00F01D19A88327C4FE56
:109F70009C23BE85B96713858775EF00B01C01006F
:109F80000100F240624405618280797106D622D4D4
:109F90000018232EA4FC8327C4FD9C233E87C547BD
:109FA0006314F706B9671385C776EF00B0258327DA
:109FB000C4FD9C233E878327C4FD9C333E86BA851F
:109FC000B96713854773EF00F017B9671385077AF0
:109FD000EF005017232604FE15A00327C4FD832796
:109FE000C4FEBA97BC23BE85B9671385877AEF0094
:109FF00070158327C4FE85072326F4FE0327C4FEBD
:10A00000A547E3DCE7FC19A88327C4FD9C23BE8594
:10A01000B96713858775EF00F01201000100B25097
:10A02000225445618280797106D622D40018AA870D
:10A030002E87A30FF4FCBA87231EF4FC8317C4FDFC
:10A0400063DC07028347F4FD3E85EF606F9C2324A9
:10A05000A4FE832784FE89CB032584FEEFF0FFF264
:10A06000032584FEEF1070138357C4FD3E87E1770C
:10A07000B98FC207C183D1A88357C4FD858B95CB07
:10A08000854513059002EFF08F9A83C7C1811306AF
:10A09000003289453E85EF105038B9671385C77A7D
:10A0A000EF0050168357C4FD93C71700C207C18342
:10A0B00069A88357C4FD898BA1C38145130590020C
:10A0C000EFF0EF96B9671385C77CEF00B01383C735
:10A0D000C1811306006485453E85EF10103483C7A7
:10A0E000C18191453E85EF10502A8357C4FD93C727
:10A0F0002700C207C18391A88357C4FD918BA9C7CC
:10A10000B9671385C77EEF00F00F0945EF608F8AAE
:10A110002326A4FE8327C4FE8DC38327C4FE4147A4
:10A1200098A38327C4FE1307500598B383C7D18132
:10A130008325C4FE3E85EF10F00A8357C4FD93C704
:10A140004700C207C18311A081473E85B250225407
:10A1500045618280797106D622D40018AA872E879D
:10A16000A30FF4FCBA87231EF4FC8317C4FD63DC41
:10A1700007028347F4FD3E85EF608F892322A4FE0A
:10A18000832744FE89CB032544FEEFF05FD90325E6
:10A1900044FEEF1090008357C4FD3E87E177B98FEE
:10A1A000C207C18359A88357C4FD858BB5C7A9478A
:10A1B0002317F4FE8357E4FE8907C207C1833E8557
:10A1C000EF505FFF2324A4FE832784FE9DCF8327C7
:10A1D00084FE454798A3832784FE1307700798B32E
:10A1E000832784FE138727008357E4FE3E86B70744
:10A1F00000209385470C3A85EF00101783C7C18173
:10A20000832584FE3E85EF10E07D8357C4FD93C710
:10A210001700C207C18315A08357C4FD898B89CF5E
:10A22000BD671385C780EF00E07D8357C4FD93C7EA
:10A230002700C207C18311A081473E85B250225436
:10A2400045618280411122C600080100324441016B
:10A2500073002030411122C60008B7E700E037073D
:10A26000EFBE13070708B8C7010001A0411122C6BD
:10A270000008EF608FF60100324441017300203086
:10A28000411122C60008B707004079579AAB010078
:10A290003244410173002030411106C622C4000837
:10A2A0000545EFB0FFCBD920EFE00F99F16713859B
:10A2B0000720EFE06FADBD6713850755A127EFE0DD
:10A2C000DFBBEFD0BFADEFE05FDAEFD0BFD9EFE09B
:10A2D0009FE4854513059002EFE05FE7EFF0FFBDD7
:10A2E000EF50FFEA81473E85B2402244410182801F
:10A2F000411106C622C40008B71702409843B71799
:10A3000002401367170098C3B7170240D443B7172A
:10A3100002403707FFF0758FD8C3B7170240944348
:10A32000B71702403707F7FE7D17758F98C3B71729
:10A3300002409443B71702403707FCFF7D17758F23
:10A3400098C3B7170240D443B7170240370701FF3D
:10A350007D17758FD8C3B717024037079F0098C77E
:10A36000652A0100B240224441018280011106CEDB
:10A3700022CC0010232404FE232604FE232204FE04
:10A38000232004FEB7170240DC43B18B2324F4FEE4
:10A39000032784FEA147630EF702032784FEA1472B
:10A3A00063E9E712832784FE99C7032784FE914758
:10A3B000630AF70039AA37177A001307072023A08A
:10A3C000E18205A23757E8011307078023A0E18245
:10A3D00009AAB7170240D843B7073C00F98F2326D4
:10A3E000F4FEB7170240D843C167F98F2322F4FE69
:10A3F0008327C4FEC98389072326F4FE0327C4FEEE
:10A40000C5476315F700C9472326F4FE832744FE9A
:10A4100095EFB7470240938707809C43C18B81CF5C
:10A420000327C4FEB7177A00938707203307F70284
:10A4300023A0E18259A00327C4FEB7173D009387EC
:10A4400007903307F70223A0E18285A8B7170240DF
:10A45000D843B707C0007D8FB707C0006313F7026A
:10A46000EFC06F9E2A878547631DF7000327C4FE50
:10A47000B727F400938707403307F70223A0E18250
:10A480002DA8B7170240D843B7070200F98F81CF34
:10A490000327C4FEB7173D00938707903307F702E1
:10A4A00023A0E18219A80327C4FEB7177A00938777
:10A4B00007203307F70223A0E182032704FE854724
:10A4C0006310F70283A7018213D7170023A0E1824C
:10A4D00001A837177A001307072023A0E18211A0F3
:10A4E0000100B7170240DC439183BD8B3D67130722
:10A4F0000754BA979C2393F7F70F2324F4FE03A77E
:10A500000182832784FE3357F70023A0E1820100F4
:10A51000F240624405618280411106C622C40008EF
:10A5200031200100B240224441018280011106CE57
:10A5300022CC0010232604FE232404FEB717024079
:10A540009443B71702404167558F98C3B71702402D
:10A550009843B7070200F98F2324F4FE8327C4FE33
:10A5600085072326F4FE832784FE91E70327C4FE94
:10A570008567E31DF7FCB71702409843B707020051
:10A58000F98F89C785472324F4FE19A0232404FEEC
:10A59000032784FE85476312F70A37170240B7176F
:10A5A00002405843D8C337170240B71702405843F8
:10A5B000D8C3B7170240D843B71702401367074004
:10A5C000D8C3B7170240D443B71702403707C1FFBB
:10A5D0007D17758FD8C3B7170240D443B717024011
:10A5E00037073D00558FD8C3B71702409443B717BC
:10A5F000024037070001558F98C30100B71702408A
:10A600009843B7070002F98FF5DBB7170240D8432C
:10A61000B7170240719BD8C3B7170240D843B7178A
:10A62000024013672700D8C30100B7170240DC437C
:10A6300013F7C700A147E31AF7FE0100F240624496
:10A64000056182803287B6882A882E836390061C33
:10A65000BD679387875663FAC50AC166637DD608CE
:10A660009336061093B616008E06335ED600F29728
:10A670009C23B69793060002638DD7009D8E33937B
:10A68000D500B357F5003317D60033E3670033180E
:10A69000D50013550701B357A30293150701C181D4
:10A6A000935608013373A3023386F5024203B3E6DF
:10A6B000660063F8C600BA9663F4C60063F4E60465
:10A6C000FD17918E33D6A602420813580801B3F63F
:10A6D000A602B385C502C2063368D8006378B80005
:10A6E0003A986374B8006371E8127D16C207D18F7F
:10A6F0003E85C6858280370E0001E146E377C6F7C6
:10A70000C146A5B7F917BA966DBF814609CAC16699
:10A71000637DD6049336061093B616008E06B358A2
:10A72000D600C6979C23B697930600026396D7047B
:10A730003386C540854813550701B357A6029315C4
:10A740000701C181935608013376A6023383F502CF
:10A750004206D18E63F86600BA9663F4660063F22F
:10A76000E60AFD17B3866640B1BFB7080001E146AF
:10A77000E37716FBC14665B73388F6403317060109
:10A78000B3D6F500B3950501B357F50033180501AD
:10A7900013550701B3D8A602131607014182CD8FC6
:10A7A000B3F6A602330316039395060193D6070169
:10A7B000CD8E63F86600BA9663F4660063FDE60228
:10A7C000FD18B3866640B3D5A602C207C183B3F6AF
:10A7D000A6023306B602C206D58F63F8C700BA9741
:10A7E00063F4C70063FCE700FD15C2083386C74069
:10A7F000B3E8B80089B7F918BA96E1B7F915BA976E
:10A80000EDB7F917BA96B9BF7916CDB563E9D51288
:10A81000C16763FCF60293B7061093B717008E0763
:10A820003D6733D8F600130787564297182313085D
:10A8300000023E9763120703B337C50093B71700B2
:10A84000B3B6B600D58F814865B537070001E1473B
:10A85000E3F8E6FCC147E9B73308E840B358E6003F
:10A86000B3960601B3E8D80013DE0801B3D6E500BD
:10A87000B3D7C6031393080113530301B39505011E
:10A880003357E5004D8F33160601B3F6C603B30EFA
:10A89000F3029395060193560701CD8E63F8D60116
:10A8A000C69663F4D60163F61609FD17B386D64142
:10A8B000B3D5C60342074183B3F6C6033303B302DD
:10A8C000C206558F637867004697637467006375A7
:10A8D0001707FD15C207CD8F33076740C205131355
:10A8E0000601C18193D80701135303014182338EBE
:10A8F00065023383680293560E01B385C5029A95AB
:10A90000AE96B388C80263F466004166B29813D667
:10A9100006014696636DC700420EC206135E0E0125
:10A9200033150501F296E370D5F2E31EC7F0FD176B
:10A9300019BFF917C6969DBFF915469761BF8148A3
:10A9400081477DB339713EDA83A7418232D436D64E
:10A950002ED23AD842DC46DE8C4754102A863E85F9
:10A9600006CE36C65129F240216182801C51011168
:10A9700022CC26CA4AC806CE4EC60045AA842E89D5
:10A9800099E3EF00D0475E24A18B99C31C48B5E33F
:10A99000A2852685292231CD7D55F2406244D244DC
:10A9A0004249B2490561828063D80700184C63CCE4
:10A9B000E702938765FF85CB1C401387170018C0FB
:10A9C0008CA305091C4483450900FD171CC4E9FD3F
:10A9D00063D307022286A94526851528FD57E30D76
:10A9E000F5FA29455DBF228626851520E31B35FD36
:10A9F00065B7FD59C1BF1C401387170018C0294710
:10AA000098A3C5B7AA8503A541826FF03FF601114F
:10AA100022CC26CA4EC606CE4AC8AA84AE89328443
:10AA200009C51C5199E3EF00903D1C4C1CC45E24E9
:10AA3000A18B99C31C4891EFA28526858D2011C951
:10AA40007D59F2406244D244B2494A854249056187
:10AA500082801C4808401D8D5C486347F500A28534
:10AA60002685EF00D02569FD1C44050513F9F90F73
:10AA7000FD171CC41C401387170018C02380370122
:10AA80005C486388A7005E24858BC5DF930769FF58
:10AA9000CDFBA2852685EF00902245D555B7411103
:10AAA00026C2AA8403A5418222C406C62E8409C5F3
:10AAB0001C5199E3EF00B0348317C40013F78700EB
:10AAC00031E313F7070101EB254798C093E707042B
:10AAD0005EA47D55B5A013F7470015C34C5889C92E
:10AAE000930744046384F50026855128232A040231
:10AAF0005E2418482322040093F7B7FD18C093E79B
:10AB000087005EA41C4881EF5C441307002093F784
:10AB100007286386E700A2852685EF00F03A8317B1
:10AB2000C40013F7170015C3584823240400330743
:10AB3000E04018CC1848014501E713F7070859F71A
:10AB4000B240224492444101828013F7270081469B
:10AB500011E3544814C4F9BF2A8311C62300B3007B
:10AB60007D16050365FE82802A8309CA838305005A
:10AB7000230073007D16050385056DFA8280D1CD13
:10AB800083A7C5FF011122CC06CE1384C5FF63D372
:10AB900007003E942AC6D52A83A70189324589EB4E
:10ABA0002322040023A881886244F2400561F9AAA7
:10ABB000637DF4001040B306C4006396D70094434D
:10ABC000DC43B29614C05CC0F1BF3E87DC4399C33E
:10ABD000E37DF4FE14433306D700631F8600104064
:10ABE000B29614C33306D700E390C7FC9043DC430E
:10ABF000B29614C35CC34DBF6375C400B1471CC19A
:10AC000065B71040B306C4006396D7009443DC4395
:10AC1000B29614C05CC040C341BF8280411122C4BF
:10AC200083A7C18826C24AC006C62A89AE8491E796
:10AC30008145EF00304B23A6A188A6854A85EF0009
:10AC4000704AFD54631A95007D54B2402285224417
:10AC50009244024941018280130435007198E30651
:10AC600085FEB305A4404A85EF00D047E31F95FC5D
:10AC7000E1BF011126CA93843500F19806CE22CC9B
:10AC80004AC84EC652C4A104B14763F3F400BE845F
:10AC900063C4040063FDB400B1471CC10145F24028
:10ACA0006244D2444249B249224A056182802A89DB
:10ACB000E92883A701893E8431E8A6854A85EFF01B
:10ACC000FFF5FD572A846310F50C03A40189A287C0
:10ACD000D9EB45C4032A040081454A85229AEF0036
:10ACE0007040631CAA081C404A859D8CA685EFF025
:10ACF000FFF2FD576303F5081C40A6971CC083A70D
:10AD00000189D84325E723A8018815A01440858E22
:10AD100063C806042D47637DD70204C0330794003F
:10AD20006396870223A8E1885C4014C35CC34A850C
:10AD3000B1281305B4009307440061993307F54027
:10AD4000E30FF5F43A94898F1CC091BFD8C3E9BFD3
:10AD500058406395870023A8E188D1BFD8C3C1BFFD
:10AD6000A287404091BF3E84DC439DB73E87DC43D1
:10AD7000E39E87FE232207005DBFB1472320F90031
:10AD80004A85292021BF04C15DB7828082801C468C
:10AD9000FD171CC663DA0700184E63C5E7009387EA
:10ADA00065FF99E36FF0BFC61C422E85138717001D
:10ADB00018C28CA38280011122CC26CA4AC84EC672
:10ADC00052C406CEAA892E8A3284B304D6007D5995
:10ADD00063149400014509A80C2052864E85EFF0BB
:10ADE0001FFB0504E31625FFF2406244D2444249AA
:10ADF000B249224A05618280717122D526D34ECF95
:10AE000052CD06D74AD156CB5AC95EC762C566C372
:10AE1000AA89AE843284368A09C51C5199E3EF00B1
:10AE2000007EDE24A18BE1C79C48F1C3930700029A
:10AE3000A30CF10252CE930700033D6A02DA230D00
:10AE4000F102FD5A130A8A66854B294B228C8347EF
:10AE50000C00B33CF0009387B7FDB337F000B3FCB0
:10AE6000FC0063990C0AB3068C40630E8C002286AA
:10AE7000A6854E8536C6EFF01FF46302551BD257E8
:10AE8000B246B6973EDA83470C00638A071813046C
:10AE90001C0002D002D656D202D4A301010682DCE5
:10AEA0000C2015465285EF00B0148257930614000B
:10AEB00025E513F7070109C713070002A301E106FF
:10AEC00013F7870009C71307B002A301E10610209A
:10AED0001307A002630AE604B257814625461820EC
:10AEE000130707FD6377E608A9CA3ED6B9A0A68571
:10AEF0004E85EFF0DFBA1DD97D55BA502A549A54C9
:10AF00000A59FA496A4ADA4A4A4BBA4B2A4C9A4CCD
:10AF10004D618280050C25BF330545413395AB005B
:10AF20005D8D2AD03684ADBF7247130647001843A3
:10AF300032CE634907023AD6368418209307E002DE
:10AF4000631AF70418309307A002631AF702F24756
:10AF50000904138747009C433ACE63D30700FD578B
:10AF60003ED20DA83307E04093E727003AD63ED003
:10AF7000E1B7B387670305048546BA978DB7050423
:10AF800002D28147A5461820130707FD63F1E606A4
:10AF9000E3980CFC0C203D6C0D4613050C67EF008C
:10AFA000300509CD8257130C0C6733058541130713
:10AFB00000043317A700D98F05043ED00C203D654F
:10AFC000194613054567230CB102EF00700239CD15
:10AFD000930700009DE70257F2471377071011CF40
:10AFE00091073ECED2570504CA973EDA85B5B3879E
:10AFF00067030504854CBA9779B79D07E19BA107C4
:10B00000CDB7AD667808938666DB26860C104E8534
:10B0100097000000E70000002A89E31555FDDE24B3
:10B0200093F70704E39A07EC5255C1BDAD66780863
:10B03000938666DB26860C104E85192AF1BF79713E
:10B040004ECE9C49BA89984522D44AD05AC85EC689
:10B0500006D626D252CC56CA2A8B2E843289B68B7B
:10B0600063D3E700BA872320F9000347340401C7FC
:10B0700085072320F9001C4093F7070291C7832717
:10B08000090089072320F9000440998891E8130AF0
:10B090009401FD5A5C4403270900998F63CDF404A1
:10B0A0001C408346340493F70702B336D000ADEB5F
:10B0B00013063404DE855A858299FD576304F5042E
:10B0C0001C4011478144998B639AE700832709004C
:10B0D00044449D8C93C7F4FFFD87FD8C1C441848A5
:10B0E0006354F700998FBE94014969047D5A6398AF
:10B0F0002405014509A885465286DE855A85829930
:10B10000631E55017D55B250225492540259F249A2
:10B11000624AD24A424BB24B4561828085049DBF50
:10B120003307D40013060003A301C70403475404E4
:10B1300093871600A2978906A381E70495BF8546E9
:10B140002286DE855A858299E30E45FB050945B7BF
:10B15000397122DC26DA52D456D206DE4AD84ED6CF
:10B160009C2DB684930680072A8A2E84B28A63EEC9
:10B17000F600930620061386350463EBF60063861B
:10B18000071A930680056384D7161309240435A093
:10B190009386D7F993F6F60FD545E3E8D5FEBD655E
:10B1A0008A069385456AAE96944282861C431309AB
:10B1B0002404938647009C4314C32301F404854769
:10B1C00041AA1C40084393F607089305450085C231
:10B1D0001C410CC3BD6663D807001307D002B30738
:10B1E000F040A301E4049386C667294789A093F63B
:10B1F00007041C410CC3F9DEC207C187E1BF0C4044
:10B20000144313F505089C42910611E593F50504D6
:10B2100099C1C207C18314C30C2CBD661307F00685
:10B220009386C667639EE50C2147A30104044C4046
:10B230000CC463C805000840DD8D32896D9908C0D3
:10B2400091CD3289B3F5E7027D19B6958C212300A3
:10B25000B900BE85B3D7E702E3F6E5FEA147631E5A
:10B26000F7001C40858B91CB58401C4863C7E70012
:10B2700093070003A30FF9FE7D193306264110C87A
:10B280002687D6867008A2855285EFF05FDBFD59D0
:10B290006314350D7D55F2506254D2544259B2595F
:10B2A000225A925A216182801C4093E707021CC0F7
:10B2B000BD669307800793860669A302F4040C40D9
:10B2C000084313F805081C4111056318080013F81A
:10B2D000050463040800C207C18308C313F71500FF
:10B2E00001C793E505020CC099C741473DBFBD6644
:10B2F0009386C667D9B718401377F7FD18C0F5B71E
:10B30000294725B714401C434C4813F806081385F9
:10B3100047006306080008C39C438CC339A008C3D8
:10B3200093F606049C43F5DA8EA3232804003289A1
:10B3300081BF1C43504081459386470014C303A935
:10B3400007004A85752101C53305254148C05C4089
:10B350001CC8A30104042DB714484A86D68552851B
:10B360008294E30935F31C40898B95E7F247484402
:10B37000E353F5F23E8505B78546D685528532C63C
:10B380008294E30935F1324605095C447247998F8E
:10B39000E344F9FEE1BF014913069401FDB7839729
:10B3A000C500011122CC26CA06CE4AC813F7870071
:10B3B000AA842E8461E3D8416345E000B841635913
:10B3C000E00A585455C703A904009396370123A0F7
:10B3D000040063DD060670485E24918B99C75C40CB
:10B3E0001D8E5C5899C33C401D8E5C540C508146A8
:10B3F000268582977D578317C400631DE50094401E
:10B4000075476360D70A3707402005073357D700D1
:10B41000058B41CB18482322040018C0139737012D
:10B4200063580700FD576314F5009C4091E368C81A
:10B430004C5823A024018DCD930744046385F50067
:10B440002685EFF0CFF3232A04021DA00C500146FD
:10B45000854626850297FD572A86E31FF5F69C4010
:10B46000A5DF138737FE19C3A9179DEB23A024017D
:10B47000014525A890496DDE94418D8B90C133899B
:10B48000C640014791E3D84918C4E35320FF1C5438
:10B490000C50CA86268532C682973246634DA0007C
:10B4A0005E2493E707045EA47D55F2406244D244D3
:10B4B0004249056182802A963309A940F9B79C491F
:10B4C0008DCB011122CC06CE2A8411C51C5181E7F7
:10B4D0002EC63522B2458397C50099C7228562449E
:10B4E000F24005616FF0BFEBF24062440145056137
:10B4F000828001458280411122C406C62A844EA55D
:10B5000072A5232005002322050023240500232201
:10B51000050623280500232A0500232C05002146C3
:10B5200081451305C505EFF02FE3AD6793870774D9
:10B530005CD0AD679387C7761CD4AD679387477B94
:10B540005CD4AD679387A77EB24000D01CD822445C
:10B550004101828037060020AD65370500201306C3
:10B56000C6119385E54B1305050D75A04C4141119E
:10B57000B737002022C406C6938787BF2A84638416
:10B58000F500EFF0DFF30C44B7370020938707C6D0
:10B590006385F5002285EFF09FF24C44B737002019
:10B5A000938787CC6388F50022852244B24041010D
:10B5B0006FF0FFF0B240224441018280AD67373521
:10B5C000002041119387475501469145130585BFDA
:10B5D00006C623AAF188EFF01FF237350020054692
:10B5E000A545130505C6EFF01FF1B2403735002021
:10B5F0000946C945130585CC41016FF0DFEF1C51A9
:10B6000091EBAD679387C7561CD183A7418999E316
:10B610006FF0DFFA8280797122D44AD04ECE52CCBC
:10B6200056CA06D626D22A8AAE8A01440549FD5951
:10B630000C464442FD1463DE0400104275FAB25019
:10B640002285225492540259F249624AD24A4561F3
:10B650008280DE25637DF9008397E50063893701E9
:10B66000528532C62EC4829A3246A245498C9385B1
:10B670008506C9B71971A2DC2E848395E500A6DA88
:10B6800086DEB28463D005025E2493F707088DEB53
:10B6900013070040F65066549CC298C00145D6542A
:10B6A00009618280300836C66922B246E34E05FC45
:10B6B000F2473D67F98F7977BA9793B71700C9BFFB
:10B6C000814713070004F9B7DA25797122D406D629
:10B6D00026D2098B2E8401CF930774041CC01CC88A
:10B6E00085475CC8B25022549254456182807408E8
:10B6F0003008AA84EFF01FF8E24526852EC6EFF049
:10B700004FD78317C400B24509E913F7072079FB27
:10B71000F19B93E727005EA4C1B793E707085EA4F7
:10B72000F24708C008C84CC8D5DF8315E400268559
:10B730003D224DD95E24F19B93E717005EA45DB7CF
:10B74000411122C42E848395E50006C6AD226349CB
:10B7500005007C48AA977CC8B240224441018280FF
:10B760005E247D777D17F98F5EA4FDB7DE2501117C
:10B7700022CC26CA4AC84EC606CE93F70710AA8422
:10B780002E843289B68991C78395E50089460146A2
:10B79000E5285E247D777D17F98F8315E4005EA48C
:10B7A0006244F240CE864A86B24942492685D24456
:10B7B0000561B9AA411122C42E848395E50006C60D
:10B7C000E1207D578317C400631CE5001307058043
:10B7D00013070780F98F5EA4B240224441018280A2
:10B7E0000567D98F5EA468C8C5BF8395E50029A801
:10B7F00093F5F50F2A966314C500014582801C213C
:10B80000E38EB7FE0505C5BF411122C426C2AA8436
:10B810002E8506C623AC01882522FD576316F50048
:10B8200083A7818991C39CC0B240224492444101C4
:10B830008280411122C426C2AA842E85B28506C602
:10B8400023AC01882122FD576316F50083A7818967
:10B8500091C39CC0B2402244924441018280411174
:10B8600022C426C2AA842E8506C623AC0188ED20F8
:10B87000FD576316F50083A7818991C39CC0B24030
:10B880002244924441018280411122C426C2AA84EA
:10B890002E85B285368606C623AC0188E120FD5789
:10B8A0006316F50083A7818991C39CC0B2402244EE
:10B8B000924441018280411122C426C2AA842E856D
:10B8C000B285368606C623AC01885D20FD57631617
:10B8D000F50083A7818991C39CC0B2402244924461
:10B8E00041018280411122C426C2AA842E8506C647
:10B8F00023AC0188EFC07FE0FD576316F50083A7F6
:10B90000818991C39CC0B24022449244410182800B
:10B91000411122C426C2AA842E85B285368606C667
:10B9200023AC0188EFC0FFD3FD576316F50083A752
:10B93000818991C39CC0B2402244924441018280DB
:10B940001307800523ACE1887D55828013078005AD
:10B9500023ACE1887D5582801307800523ACE18804
:10B96000014582801307800523ACE1887D558280E4
:10B970001307800523ACE1887D558280184183A799
:10B9800085FF6319B7001CC1FD5723AC05FE238F4B
:10B99000F5FE8280232CF6FEC5BF411122C426C2CB
:10B9A0003744024006C68324C420232604200F10F7
:10B9B000000009E9232694201545B2402244924410
:10B9C000410182800347E5FF9307F00F6306F7000C
:10B9D000232694201145D5B7EF50FF90014523262B
:10B9E0009420E1BF411126C24AC0B744024006C6B6
:10B9F00022C403A9C42023A604200F10000089E557
:10BA000023A6242115451DA02A849777FF1F83C7ED
:10BA1000B7322E856375F400894763EF8700EFF036
:10BA2000DFF7B747024023A627210D45B240224445
:10BA3000924402494101828083A785FF99E703C7A9
:10BA4000E5FF9307F00F6309F700EFF01FF5B74725
:10BA5000024023A627217DB7238F85FE1775FF1F80
:10BA60001305452DEF406FF3A1652285392A014565
:10BA700023A6242165BF9777FF1F23AD072A828065
:10BA8000C9C1797122D406D626D24AD04ECE0144FD
:10BA90004147B3D78540858BA5C312053147229511
:10BAA0003305E5029777FF1F9387073203A9070045
:10BAB0008544B3948400C204C180BE892A990327B7
:10BAC000090011C7032549002EC60297B245314728
:10BAD0003304E40283A709003E941C4489E7232031
:10BAE000090023220900B2502254A58D0259925414
:10BAF000F2492E85456182800504E31CE4F8814407
:10BB0000DDB72E85828041111397050122C406C638
:10BB100026C24AC041872E8463500702EF404FEF90
:10BB200019C1EFF09FE7A1673D8C2285B240224406
:10BB30009244024941018280EDD9AA8701474146DA
:10BB4000B356E440858A8DCE9207BA97B146B38743
:10BB5000D7029776FF1F9386262703A90600854400
:10BB6000B394E400C204C1803E99832709000325F1
:10BB7000490082972320090023220900258C75B7EC
:10BB80000507E31FC7FA8144D5BFB747024083A624
:10BB9000C72023A607200F1000001777FF1F0347B9
:10BBA000B7196373E5021776FF1F1306661D131797
:10BBB000150008423A9503570500D98D2310B500AA
:10BBC00023A6D7200145828023A6D7200D45828059
:10BBD000B747024083A6C72023A607200F10000006
:10BBE0001777FF1F034757156375E5021776FF1F89
:10BBF0001306061913171500084293C5F5FF3A9569
:10BC000003570500F98D2310B50023A6D720014561
:10BC1000828023A6D7200D458280797126D24ECE10
:10BC2000B744024006D622D44AD052CC56CA5AC88B
:10BC30005EC683A9C42023A604200F1000009777B6
:10BC4000FF1F83C7770F637AF5009777FF1F9387EE
:10BC5000E71283AB070063970B00B747024023A6A8
:10BC60003721A9A0177BFF1F130B8B16832A4B00CC
:10BC7000B74736FE938707C82E8A9775FF1F83D56F
:10BC8000A515BE9AB387C5022A8432898146B3B509
:10BC9000C50213850732B337F50013060064BE955D
:10BCA000EFE05F9A63F0AA0223A634210145B25067
:10BCB000225492540259F249624AD24A424BB24B40
:10BCC00045618280829B9775FF1F83D5E510B387FE
:10BCD0002503AA84130600648146B3B525031385A2
:10BCE0000732B337F500BE95EFE0DF95B307950057
:10BCF000BE8403274B0063E4A70063E4E700B3843A
:10BD0000E740D2852285EF40CFD801C904C5B747A7
:10BD1000024023A63721054559BF936504F0C205AB
:10BD2000C1814145EF504FCD19E99777FF1F9387A8
:10BD3000A705DC5B9DD3A2851145829739BF977714
:10BD4000FF1F938727049C439DE39777FF1F23AB37
:10BD5000A70285472326050004C5231145012300BA
:10BD60008500A300F5002322050055B7BA87D84700
:10BD700075FFC8C7F9BF011122CC26CA4AC84EC6F2
:10BD8000B747024006CE03A9C7202A84AE89B284F1
:10BD900023A607200F100000EFF03FE82285CE8594
:10BDA000EF402FCF2A8405C59775FF1F83D5C502A5
:10BDB000B3879502130600648146B3B595021385D7
:10BDC0000732B337F500BE95EFE0DF8748C0133583
:10BDD0001400F2406244B747024023A62721D24410
:10BDE0004249B2490E0505618280011122CC4AC840
:10BDF0004EC6B747024006CE26CA83A9C7202A8965
:10BE00002E8423A607200F100000EF408FC8AA84BD
:10BE100019C123110500A2854A85EFF07FDB9777D2
:10BE2000FF1F83C767F1639B27019777FF1F83D7A6
:10BE3000A7F45D8C9777FF1F239087F4B7470240E4
:10BE400023A63721014591E01945F2406244D244CE
:10BE50004249B24905618280411106C69777FF1FAA
:10BE600023A6A7F60295B2409777FF1F23A2A7EE5D
:10BE70000145410182804111514681451775FF1FDF
:10BE8000130545EE06C69777FF1F23AD07EE97779C
:10BE9000FF1F23AD07F29777FF1F23A107EEEF40A7
:10BEA0002FC81306800281451775FF1F1305C5E8CB
:10BEB000EF400FC7EF20C03E9777FF1F83C717EEF5
:10BEC00013D527008D8B3E958D473305F5028545AB
:10BED00039051375F50F9777FF1F2380A7E699475C
:10BEE0003305F50213050524EF500FB11777FF1F37
:10BEF000232CA7EC49CD99471776FF1F0346E6E3AD
:10BF00003306F602814513060624EF406FC197778A
:10BF1000FF1F938767EB9C43938707241777FF1FC7
:10BF20002320F7E41777FF1F034727E10A07BA9793
:10BF30001777FF1F2326F7E4EFF0FFB3892E9777DB
:10BF4000FF1F9387E7E194439777FF1F83C7D7DEEF
:10BF5000139727003697170600001306A6B210C3E2
:10BF6000138717001377F70F0A0736971706000095
:10BF70001306A6B910C313873700890793F7F70F85
:10BF80008A079775FF1FA389E5DAB69790C3B24079
:10BF9000410182809777FF1F83C717DA1777FF1F4A
:10BFA0000347A7D963F3E7021777FF1F130747DBA0
:10BFB0001843938617001776FF1FA30FD6D69396C4
:10BFC0002700369708C33E8582809307F00FE5BFB0
:10BFD0001C41638D071241777D8FB706002089478A
:10BFE0006317D7120357450063030712411122C498
:10BFF00019462A849305F00F610506C6EF40AFC4C9
:10C0000005478D47630FE50E1C4491C7185C99479F
:10C010006DCB585C7DC71306000481451775FF1F63
:10C02000130585D6EF40CFAF13060004A285177520
:10C03000FF1F130565D5EF400FA81777FF1F0357A4
:10C0400067D59777FF1F938727D419E71307001049
:10C050009776FF1F2390E6D41777FF1F0347A7D3D8
:10C0600011E705479776FF1F2387E6D21777FF1F53
:10C07000035787D211E76D479776FF1F239EE6D0BF
:10C080001777FF1F034737D111E715479776FF1F33
:10C09000A383E6D01777FF1F034727D011E7054793
:10C0A0009776FF1F238BE6CE1777FF1F0347F7CE48
:10C0B00019E703C7F7009776FF1FA380E6CE17772F
:10C0C000FF1F0347A7CD11E725479776FF1F23875B
:10C0D000E6CC0347640119E71307C0039776FF1FF7
:10C0E000238FE6CADC5791C782979777FF1F239962
:10C0F000A7C4FD571777FF1FA30CF7EEEFF0BFD7CC
:10C100008147B24022443E854101828089473E8575
:10C11000828001114EC69779FF1F938969CB83A74F
:10C12000090006CE22CC26CA4AC852C482971309F7
:10C130000064B335250303DA89008146528633054E
:10C140002503EFE02FD09777FF1F9387E7BE804F3F
:10C15000AA8401456306940233858440636E94008B
:10C1600003A5490052868146B335A9023305A902C9
:10C17000EFE04FCD018D26959777FF1F23AA97BC3F
:10C18000F2406244D2444249B249224A0561828067
:10C190009777FF1F23A607C49777FF1F9387C7BE14
:10C1A0009C5B011106CEAA8581C72AC68297B2453B
:10C1B000C9CD9C410545D9C7DC41C9C783D7850096
:10C1C000D1C383D7A500BDCF83C7C50081CF9777E3
:10C1D000FF1F83C7B7BC13F737008983BA97094796
:10C1E0006342F70641461775FF1F130565BEEF4012
:10C1F0008F8C9777FF1F9387A7BD9C431777FF1FEF
:10C20000232EF7B69777FF1F83C777B98DE793077C
:10C2100080571775FF1F035525BC3305F5023746B8
:10C220000F001306062481468145EFE0AFC19777E2
:10C23000FF1FA386A7B6170500001305C5EDEFF095
:10C24000BFC10145F240056182809777FF1F23A39C
:10C2500007B09747FFFF938707721777FF1F2329C0
:10C26000F7B67D579777FF1F23A6E7B6B78732004B
:10C27000938727A19776FF1F23A0F6B69777FF1F16
:10C28000238E07B4B747024023A4E7269DB70111C8
:10C2900022CC1774FF1F130424AF084406CE26CA0D
:10C2A0004AC801E90545F2406244D2444249056169
:10C2B00082801C5CE5DB585C75D7700085458297F1
:10C2C0001844B247E300F7FE9305E0041775FF1F1B
:10C2D000035545ACEF405FF21777FF1F232EA7A64B
:10C2E00071D11776FF1F0356E6AA9305F00FEF40B2
:10C2F0002F8381441779FF1F130909A49777FF1F24
:10C3000083C767A90326090263CFF4003285EF4093
:10C310009FFD01459777FF1F23A007A49777FF1F75
:10C3200023AE07A249B79775FF1F83D5A5A6B3878C
:10C3300095020844585C898185043E9508C202979D
:10C3400075BF9776FF1F83C616BE1547638BE60041
:10C350009777FF1F9387C7BC03C777008D46639FFE
:10C36000E6009777FF1F83C737BC639207149307D4
:10C3700060101777FF1F2319F7BA8280411122C47A
:10C3800026C24AC006C683C777009774FF1F9384EE
:10C39000A4BB9C401777FF1F1307C7A403240708FB
:10C3A00023A20706096798C719459777FF1F238BB4
:10C3B00007B61779FF1F1309E9B5C5290327090037
:10C3C000B7C7898E938767ED1CC7B757550093870A
:10C3D00057555CC3834724021307F00F6387E700B8
:10C3E000A300F402FD572301F40203451402894718
:10C3F0006303F5000145984001469305F00F5C4347
:10C4000093E717005CC3930710FA2305F4009947DC
:10C410001777FF1FA309F7B09777FF1F238207B095
:10C4200099241777FF1F130767B71443DC56F59B52
:10C43000DCD683479400032609003A8493F6F70775
:10C440001C4293F707F8D58F1CC29777FF1F83C74D
:10C45000E79881CB9777FF1F938747AB8843EF40DF
:10C46000EFAE03270900B70633001C4393F7F7E745
:10C470001CC31C4393F7F7E793E707101CC318404E
:10C48000B24022441C470249D58F1CC79C40130769
:10C4900090059244B8CB1777FF1FA30507A817771D
:10C4A000FF1FA30F07A6054798C341018280828022
:10C4B0009777FF1F938707A69C43B7068000371620
:10C4C00001809843130686EC558F98C39843B706AE
:10C4D0000010558F98C31307001DD8DB1777FF1F77
:10C4E0000347C78B93169701D18ED4D7D4573706FD
:10C4F00000821377F7037D166607F18E558FD8D724
:10C50000370709001307370898D382809777FF1FF2
:10C51000938787A09C4399CB944BD04B9842518FE3
:10C5200098C294439C479842D98F9CC29777FF1F2B
:10C530009387479E1776FF1F130606A105489C4365
:10C540001777FF1F0347679E144263120505884350
:10C5500075787D183375050188C3C846F977FD17CE
:10C56000E98FDCC60100010014428967AD059CC655
:10C57000930700F81776FF1F2306F69A9397250076
:10C580009305E709BE958605ECD2C8C6828075780A
:10C59000137325009308F8FF630B030803A8070033
:10C5A00089050D433378180189683368180123A081
:10C5B000070151781307E70B8E057D186311650499
:10C5C00088433375050111683365050188C3C84682
:10C5D000F977FD17E98FDCC6010001001C429306C4
:10C5E00000F89385750D23A417011776FF1F230B01
:10C5F000D6928605BA958605ECD3C8C78280884353
:10C600003375050188C3C846F977FD17E98FDCC685
:10C61000010001001C42930600F89385A50423A4A1
:10C6200017011776FF1F230FD68E8E05E1B78843BB
:10C630000568337515013365050188C3C846F97768
:10C64000FD17E98FDCC6010001001C428966A905BF
:10C6500094C7930600F81776FF1F2305D68C8E0526
:10C660001307E70941BF9777FF1F9387E78A9C432A
:10C6700089CFD44303A8870098423367070198C243
:10C68000D447DC4B9842D98F9CC29777FF1F938782
:10C6900067889776FF1F83C66688137725009C43BB
:10C6A000858A2DCB984375757D15698F0965498FEE
:10C6B00098C3370709001307670898D3372730084E
:10C6C0004517D8CB371703001307976198CF0D672D
:10C6D0001307E78D98D73767000113070731D8D3C1
:10C6E00037A73F0099E237A734001307F74D9E059F
:10C6F00098CB938545369777FF1F23ABB78211C63A
:10C7000006069777FF1F23A5C7829777FF1F238B06
:10C7100007808280370709001307370898D3372727
:10C72000100813071790D8CB371703001307476279
:10C7300098CF0D671307E78B98D73767000113076A
:10C740000731D8D385C637A73F001307E72C98CB0E
:10C7500075779306F7FF984305489505758F631C19
:10C76000050198C38E059385C50371B7372732003D
:10C770001307072DE9BF8566558F98C39205E5B766
:10C78000411106C61767FF1F0347077AA1476310C9
:10C79000F7049767FF1F83C7677B858B1766FF1FAB
:10C7A0000346F67C9766FF1F83C6667CBDC7976706
:10C7B000FF1F9387A77BC8432DC18345150009053B
:10C7C000292111C585471767FF1FA30FF774176746
:10C7D000FF1F034767759947631DF7009767FF1FA2
:10C7E0009387476083A7070883C7B70095CBEFF00F
:10C7F0005FB51767FF1F034727739D476312F70253
:10C800009767FF1F9387075E83A7470983C7770052
:10C8100081CBB24041016F105030814501454DB789
:10C82000B240410182801767FF1F1307E7711C4365
:10C83000B44BE19AB4CB944393E6860094C39C43F3
:10C840008D83858B89C70100010001000100976776
:10C85000FF1F9387276C94439C4293F7F7E793E776
:10C8600007089CC29767FF1F938747739043B706DB
:10C87000CEFFFD161C46F58F1CC61C4323A80704DB
:10C880009767FF1F938747699C4399CBD443904791
:10C890009842518F98C2944BDC4B9842D98F9CC2DE
:10C8A0009767FF1FA3810768828041114AC0B7477D
:10C8B000024006C622C426C203A9C72023A6072019
:10C8C0000F1000009767FF1F938707689C439C43E6
:10C8D0008D8BBDC71767FF1F0347F7648D47AA8479
:10C8E0001764FF1F1304C463631BF7009767FF1FE0
:10C8F0009387C7659C4B01468145454582971947FB
:10C90000639AE4049767FF1F83C7176299CB976701
:10C91000FF1F83C76761639697009767FF1FA38513
:10C9200007608347740021476318F700930780105E
:10C930001767FF1F231AF75E23840188EFF0BFEE0D
:10C94000B2402244B747024023A62721924402491D
:10C95000410182809D47639FF4009767FF1F83C753
:10C96000B75CE1D31767FF1F0347075C8D47E31AE6
:10C97000F7FA65B783467400630BD700034774006A
:10C980006387E700834774002147E317F7FA976747
:10C99000FF1F83C77759CDF3834774001767FF1FC5
:10C9A0002304F75885471767FF1FA30FF75669B78A
:10C9B0001767FF1F0347375791476308F70E17673D
:10C9C000FF1F1307E755034777006380E70E97675C
:10C9D000FF1F9387E7530111984322CC374402404D
:10C9E00006CE26CA4AC84EC652C493070430631600
:10C9F000F70A8329C420232604200F1000003545A0
:10CA0000EFF0BFEA176AFF1F130ACA5083270A0014
:10CA1000F576FD1698431769FF1F13092958976487
:10CA2000FF1F93846452758F8566558F98C3984312
:10CA3000B70633001377F7E798C398431377F7E700
:10CA40001367071098C3032709001C47D58F1CC71D
:10CA50009C401307D005B8CBEF00902EEF1050008C
:10CA6000EF003021EF00302A03270A001C4393F720
:10CA7000F7E793E707081CC3832609003707CEFFB3
:10CA80007D179C46F98F9CC69C4023A80704976796
:10CA9000FF1FA38A074823263421F2406244D24470
:10CAA0004249B249224A0561828082809767FF1F0E
:10CAB000938787499C431307C0089306C006D8CBC9
:10CAC000D4CFD8D31306C003D0D7D8DBD0DFF8C378
:10CAD0001767FF1F1307C7445853F4C7F8DB4167B4
:10CAE0007D1798C73D673D07D8C782809767FF1FAE
:10CAF0009387C74A98431766FF1F13062645976713
:10CB0000FF1F9387274194438347160013F8F707C5
:10CB1000D9C588425C42137505F83365050188C2A2
:10CB200013F5150001C993F5050341456386A50674
:10CB3000938787C14C574168130808A093E52500E7
:10CB40004CD7B3D50703B70810FEFD18B3F707039A
:10CB5000FD89139545016C43B3F51501C98D6CC36F
:10CB60009305A00F3705FCFFAA07B3D7B7026C43A4
:10CB7000E98DBA07B983CD8F7CC383470600898BC3
:10CB800099CB9C4293F7F70713E707049C4293F76E
:10CB900007F8D98F9CC282809387078361BF5C5757
:10CBA000F59B5CD79C4293F707F8B3E707019CC25B
:10CBB000E9B7411106C69767FF1F2380073CEFF0D6
:10CBC0009FC6B24001454101828079714AD0B74782
:10CBD000024006D622D426D24ECE52CC56CA03A943
:10CBE000C72023A607200F1000001764FF1F13049F
:10CBF000E435184409EF23A627210545B2502254F5
:10CC000092540259F249624AD24A456182801767BA
:10CC1000FF1F1307271D0327870A09C723A62721FC
:10CC20000945E9BF83470400328AB689858B2E8681
:10CC3000AA8AB9CF9764FF1F93844433DC4085E30D
:10CC40001765FF1F034555322EC60905930590044D
:10CC5000EF408FDA32469767FF1F23ABA730DC40E7
:10CC600099E7B747024023A627210D4541BF176723
:10CC7000FF1F0347C72F2380E700DC40638C0A04B3
:10CC800031CAA380C700C840D6850905EF30AFE29E
:10CC90001767FF1F034737299547630CF70097670E
:10CCA000FF1F83C7672819476385E7000D47639611
:10CCB000E7029767FF1F83C7372799E7930780101D
:10CCC0001767FF1F2312F726B747024023A6272125
:10CCD00001452DB7A380070065BF9764FF1F9384AC
:10CCE000A4269C4098430D8B15C323840188B84B20
:10CCF000619BB8CB98431367870098C39C438D838F
:10CD0000858B89C701000100010001009C40096773
:10CD1000976AFF1F938A8A2523A2070698C79767F9
:10CD2000FF1F238107209767FF1F83C7E724918B8D
:10CD300089EB9765FF1F83C5652193F70504639809
:10CD4000071081451765FF1F03455520EFF01FDAD7
:10CD50001765FF1F0345851F118501469765FF1F56
:10CD600083C585200D89EFF01F901767FF1F1307FC
:10CD7000671A14441C4394C75444D4C39440834753
:10CD800004003A8413F61700DC42F99BD18FDCC211
:10CD900083A74A00BCDA9767FF1FA38A471D9767DE
:10CDA000FF1F2386371D83C7EA0093E74700976676
:10CDB000FF1F2384F61C930700049766FF1F23813F
:10CDC000F616A1479766FF1FA38FF6149767FF1FFC
:10CDD000938787FBDC5791CB13060064C145176529
:10CDE000FF1F0345A519EFE05FE39C401705000016
:10CDF00013056530DC43858B89E7170500001305B3
:10CE00000506EF30BF941840B70633001C4393F774
:10CE1000F7E71CC31C4393F7F7E793E707101CC31E
:10CE20009767FF1F9387871798431C47D58F1CC7A9
:10CE30009C4013079005B8CB1767FF1FA304070E8C
:10CE40001767FF1FA30E070C054798C3B5BD93F5E1
:10CE5000050393E515004840D5BD01119767FF1FF5
:10CE600083C7170C06CE22CC26CA4AC8858B176703
:10CE7000FF1F1307E70A638007249767FF1FA3813B
:10CE8000070A3A84A30701004453EFF09FD2976743
:10CE9000FF1F83C7670E918B9766FF1F9386060D52
:10CEA0001769FF1F1309890A6386071A83C71400CD
:10CEB000A69703C7070093070008631AF700834784
:10CEC000090093E787001767FF1F2301F7085C4CF1
:10CED0000D47637BF710F1171767FF1F2320F70635
:10CEE0005C4C984663E9E7103387E74083C714003A
:10CEF00003C6C600A69783C71700620661868E0721
:10CF0000635C061063F0E7101D8F9306000263EB6D
:10CF1000E600584C636BF70EB307F7401767FF1F27
:10CF2000232AF70489451765FF1F03452505EFE010
:10CF3000DFC583470900A18B638907109767FF1F2F
:10CF40009387870094439307800C1307F00FFCD25C
:10CF50001C5037063300014598C39767FF1F238293
:10CF600007FC9767FF1FA38E07FA9767FF1FA38B26
:10CF700007FA9767FF1F238707FA9767FF1F9387B3
:10CF800067F998431C4393F7F7E71CC31C4393F7D7
:10CF9000F7E793E707101CC39767FF1F9387070006
:10CFA00098439765FF1F83C565FA91851C478D8956
:10CFB000D18F1CC79307A005BCCA0546EF303FBF01
:10CFC00083470900DD9B1767FF1F2301F7F897666A
:10CFD000FF1F83C6C6F91766FF1F034656F9814532
:10CFE0000145EFF09FBED1A01767FF1F130747DE73
:10CFF0005843BA97CDB51766FF1F130666DD50423A
:10D00000B297DDB53387E74009B79766FF1F938670
:10D0100026DCD442369709B7584C6361F702B30750
:10D02000F7401767FF1F2327F7F483C7C60093E76E
:10D0300007081767FF1F2301F7F4EDB51766FF1FF9
:10D04000130606D950423297D9BF83C71400F91787
:10D05000A380F4004850814681451306F100EF306B
:10D060005FAC5C50931585019306F00F03C7070072
:10D07000E185630CD7009767FF1F83C757EF63866F
:10D08000D7006304F70093E525008307090063C711
:10D09000070089E58347F1002380F4008327090115
:10D0A000505093F5F50F0D458297F2406244D244FB
:10D0B0004249056182809767FF1F9387E7E89C4399
:10D0C000FC5399EFEFF0FFAE9767FF1F9387C7CB35
:10D0D000DC5BE38E07EE8545130510088297C5BD1E
:10D0E000834777002147E312F7FC85472384F188C3
:10D0F0006DBF79719767FF1F83C787E206D622D479
:10D1000026D24AD04ECE52CC858B1767FF1F13070D
:10D1100027E1638207260329470281461306F100AF
:10D1200081454A853A84A30701009767FF1F238939
:10D1300007DEEF301F9F131A8501135A8A416312CD
:10D140000A029767FF1F83C797E29306F00F638A6F
:10D15000D7005850034707006305D7006303F70063
:10D16000094A9764FF1F938464DE838704009769EC
:10D17000FF1F9389A9DF63C6071463160A14834748
:10D18000F1002300F90083C7C900918BD1CB5C4C1F
:10D190000D47637DF716F1171767FF1F2320F7DA96
:10D1A0005C4C03A7890063EAE7163387E7408347AF
:10D1B000190083C6C900CA9783C71700E206E18633
:10D1C0008E0763DD061663F1E7161D8F93060002D6
:10D1D00063EBE600584C636CF714B307F74017672E
:10D1E000FF1F2329F7D889451765FF1F034505D978
:10D1F000EFE0BF99834719003307F9008346070022
:10D20000130700086395E6161C501307F00F98C328
:10D2100083C7040093E787001767FF1F2308F7D22F
:10D220009767FF1F938787D798435C578583858BC4
:10D23000A1C3DC40C165938505A0B3D6B70237050D
:10D2400010FE7D15B3F7B702FD8A139646017443AD
:10D25000E98ED18E74C39306A00F3706FCFFAA0790
:10D26000B3D7D7027443F18EBA07B983D58F7CC385
:10D2700083A749001765FF1F034545CD118583C569
:10D2800017000D89EFF08FA817050000130525136F
:10D29000EF30CFCB9767FF1F9387C7C79C43B70675
:10D2A00080009843558F98C3D857719BD8D783C7B0
:10D2B0000400A18BA1E79C48505081450D45829701
:10D2C00035A8E3020AECEFF00FD69C4850500D450C
:10D2D0009375FA0F829703A549001766FF1F03464F
:10D2E00016C99766FF1F83C686C809C58345150002
:10D2F000090519A081450145EFF03F8DB250225438
:10D3000092540259F249624A456182801767FF1FB1
:10D31000130707AC5843BA97BDBD9766FF1F9386A6
:10D3200026ABD442B69751B53387E74045B59766EB
:10D33000FF1F9386E6A9D442369745B5584C6361E2
:10D34000F702B307F7401767FF1F2325F7C283C70C
:10D35000C90093E707081767FF1F230FF7C061B5E0
:10D360009766FF1F9386C6A6D4423697D9BFF91792
:10D37000A300F90075B59767FF1F9387E7BC9C432F
:10D38000FC539DE3EFF0FF829767FF1F9387C79FD2
:10D39000DC5B89C789451305100882979767FF1FD3
:10D3A0009387C7BCC84315BF834777002147E3175E
:10D3B000F7F485472384F18891B741119767FF1FE0
:10D3C00083C717B606C622C4858B8DCB9767FF1F10
:10D3D000A38807B4EFF0EFFD9767FF1F938707B7A8
:10D3E00003C707003E84218B21E303A30701014605
:10D3F000814511452244B240410102839767FF1FD6
:10D40000938787B49C43FC53ADE39767FF1F9387D3
:10D41000E7B303C707003E84218B19E703A3070185
:10D42000014681455145F9B79767FF1F938707B4B8
:10D43000C8431766FF1F034696B39766FF1F83C650
:10D4400006B30DC1834515000905EFF00FF88347BA
:10D450000400DD9B1767FF1F230AF7AEB24022448A
:10D460004101828081450145CDB785472384F188FC
:10D47000F5B71767FF1F130767B21C4341767D1688
:10D48000B44BF18EB4CB944737062000D18E94C7AD
:10D49000D44793E60601D4C7D447BD9AD4C7010048
:10D4A00001000100010014430566DC4693E7070113
:10D4B000DCC6DC42D18FDCC29767FF1F9387C7A809
:10D4C0009043930700057CD27C5291C783A7C6097D
:10D4D000A183858BF5DB01000100010001001C43E5
:10D4E000416603A7C709B44BD18EB4CB9376F7013D
:10D4F000B84B019B558FB8CB9847B706E0FFFD1698
:10D50000758F98C782809767FF1F938727A99C43D1
:10D5100041777D17B44F4166F98EB4CF9447D18ED1
:10D5200094C7D44793F6F6EFD4C7D443758FD8C3C6
:10D53000D44793E60610D4C7D843518FD8C382800E
:10D54000397122DC1764FF1F130444A51C4006DE5A
:10D5500026DA4AD84ED652D456D25AD05ECE62CCB3
:10D5600066CA6AC86EC6D843FD76FD161377F7EF14
:10D57000D8C39857758F98D7D857B70602003D9BE8
:10D58000D8D79847558F98C7D84313670701D8C392
:10D590001767FF1F130707A01443375734121307E9
:10D5A0008767E389E64AD84381749384F40F799BB3
:10D5B000D8C3985FB166938606F0658F558F98DF64
:10D5C000D84313671700D8C3EF307FBF1C4003A7B1
:10D5D00007091377F7032385E18803A74709298300
:10D5E0001377F707A385E188D843B9669386067059
:10D5F000799BD8C3985F658F558F98DFD8431367A1
:10D600001700D8C3EF30BFBB1C4003A7070913772F
:10D61000F7039766FF1FA385E69803A747092983A9
:10D620001377F7079766FF1F2388E696D843B566FA
:10D6300093860630799BD8C3985F658F558F98DFA6
:10D64000D84313671700D8C3EF307FB7184083273C
:10D65000070993F7F7039766FF1F2383F694832741
:10D660004709A98393F7F7071767FF1F2302F7926C
:10D670001C40176CFF1F034CAC9283C6A18803A704
:10D68000070AB386864113F6F600419B518F23A00B
:10D69000E70A130760023387E6021306700283A5C8
:10D6A000070A7D7E130EFE0F93F5F5F01305400279
:10D6B00045737D13130430023347C702B708F1FFE7
:10D6C000FD1813082002930E10027D4FF94FF5420A
:10D6D000F1436D4DD14B454BBD443949314AAD4ABB
:10D6E000B5493D8B12074D8F9305500223A0E70AE1
:10D6F0003387B60283A5070AB3F5C5013347C702CE
:10D700003D8B22074D8F23A0E70A3387A60283A50E
:10D71000070A370500F17D15B3F565003347C702E9
:10D720003D8B32074D8F23A0E70A3387860283A5FE
:10D73000070A6144B3F515013347C7023D8B420721
:10D740004D8F23A0E70A3387060383A5070A37080E
:10D7500010FF7D18B3F505013347C7023D8B520713
:10D760004D8F23A0E70A3387D60383A5070AB70E98
:10D770000010FD1EE98D3347C7023D8B62074D8FB8
:10D7800023A0E70A139756003347C7029315C70132
:10D7900003A7070A3377D7014D8F23A0E70A338702
:10D7A000E6035D4F3347C7029375F70003A7470AA7
:10D7B000419B4D8F23A2E70A3387F60383A5470ACF
:10D7C000D94F93F5F5F03347C7023D8B12074D8FC4
:10D7D00023A2E70A3387560283A5470AD542B3F549
:10D7E000C5013347C7023D8B22074D8F23A2E70AAD
:10D7F0003387760283A5470ACD43B3F565003347E7
:10D80000C7023D8B32074D8F23A2E70A3387A60359
:10D8100083A5470A494DB3F515013347C7023D8B30
:10D8200042074D8F23A2E70A69473387E60283A5A3
:10D83000470AB3F505013347C7023D8B52074D8FA9
:10D84000E54523A2E70A3387B60283A5470AE98D97
:10D850003347C7023D8B62074D8F23A2E70A338708
:10D8600086020D443347C7029315C70103A7470A31
:10D870003377D7014D8F23A2E70A3387E603254F7D
:10D880003347C7029375F70003A7870A419B4D8F63
:10D8900023A4E70A3387F60383A5870A9D4F93F5F0
:10D8A000F5F03347C7023D8B12074D8F23A4E70ADB
:10D8B0003387560283A5870A9942B3F5C5013347DA
:10D8C000C7023D8B22074D8F23A4E70A33877603D7
:10D8D00083A5870AB3F565003347C7023D8B32073E
:10D8E0004D8F23A4E70A3387760283A5870A9543E1
:10D8F000B3F515013347C7023D8B42074D8F23A473
:10D90000E70A3387A60383A5870A294DB3F50501E6
:10D910003347C7023D8B52074D8F23A4E70A338755
:10D92000660383A5870AE98D3347C7023D8B6207EB
:10D930004D8F93954600B3C5C50223A4E70A03A7FC
:10D94000870A3377D701F2054D8FB385960223A45A
:10D95000E70A03A7C70A419BB3C5C502BD894D8F1E
:10D9600023A6E70A3387260383A5C70A93F5F5F0B4
:10D970003347C7023D8B12074D8FB3C5860223A6DE
:10D98000E70A03A7C70A3377C701BD89A2054D8FF0
:10D9900023A6E70A3387460383A5C70AB3F56500C4
:10D9A0003347C7023D8B32074D8F23A6E70A3387E3
:10D9B000560383A5C70AB3F515013347C7023D8B4C
:10D9C00042074D8F23A6E70A3387A60383A5C70A1C
:10D9D000B3F505013347C7023D8B52074D8F23A690
:10D9E000E70A3387E60383A5C70AE98D3347C702F1
:10D9F0003D8B62074D8F93953600B3C5C50223A6B4
:10DA0000E70A03A7C70A3377D701F2054D8FB3851D
:10DA1000F60323A6E70A03A7070B419BB3C5C5027C
:10DA2000BD894D8F23A8E70A3387560283A5070BCC
:10DA300093F5F5F03347C7023D8B12074D8F23A8AE
:10DA4000E70A3387760283A5070BB3F5C501334791
:10DA5000C7023D8B22074D8F23A8E70A13972600A4
:10DA60003347C70283A5070BB3F565003D8B32072B
:10DA70004D8FB3C5360323A8E70A03A7070B3377F7
:10DA80001701BD89C2054D8F23A8E70A1397160019
:10DA90003347C70283A5070BB3F505013D8B52073A
:10DAA0004D8FB3C5C60223A8E70A03A7070B698FEA
:10DAB000BD89E2054D8F23A8E70A03A7070B93054D
:10DAC00080023377D70123A8E70A1757FF1F0347C0
:10DAD000374D3307EC40B34DB70283AC470B93FC93
:10DAE0000CFFB34B770393FDFD00B3ECBC0123AAFD
:10DAF000970B83AC470BCD4D93FCFCF093FBFB00E5
:10DB0000920BB3EB7C0123AA770BB30B870283AC98
:10DB1000470BB3FCCC01B3CBBB0293FBFB00A20BC6
:10DB2000B3EB7C01B34CA70323AA770B83AB470B62
:10DB3000B3FB6B0093FCFC00B20CB3EB9B0123AA7C
:10DB4000770BA14BB34B770383AC470BB3FC1C01A2
:10DB500093FBFB00C20BB3EB7C0123AA770BB30B47
:10DB6000570283AC470BB3FC0C01B3CBBB0293FB56
:10DB7000FB00D20BB3EB7C0123AA770BB30BF703AB
:10DB800083AC470BB3FCAC00B3CBBB0293FBFB00F5
:10DB9000E20BB3EB7C01B34C770223AA770B83AB88
:10DBA000470BB3FBDB01F20CB3EB9B01B30CE703B8
:10DBB00023AA770B83AB870B93FB0BFFB3CCBC0281
:10DBC000B30A570393FCFC00B3EB9B0123AC770B28
:10DBD000914B83AC870B93FCFCF0B34B7703330A78
:10DBE000470393FBFB00920BB3EB7C0123AC770B59
:10DBF00083AB870BD54CB3FBCB01B3CABA02B309D5
:10DC0000370393FAFA00A20AB3EA5B0123AC570B7D
:10DC100083AA870BD94BB3FA6A00334ABA02330995
:10DC20002703137AFA00320A33EA4A0123AC470B7E
:10DC300003AA870BE14A337A1A01B3C9B902B304C4
:10DC4000970293F9F900C209B3693A0123AC370B83
:10DC500083A9870B654AB3F909013349B902B3C4F3
:10DC6000B4021379F900520933E9290123AC270BD7
:10DC700003A9870BE9493379A900330B6703BD88F2
:10DC8000E204B36499001319470023AC970A83A4F4
:10DC9000870BB3F4D4013349B902334BBB02720989
:10DCA000B3E4240123AC970A83A4C70BC198137B68
:10DCB000FB0033EB6401C944B304970223AE670B46
:10DCC00003A9C70B5D4B1379F9F0B3C4B402BD8847
:10DCD0009204B364990023AE970AB304B70303A96F
:10DCE000C70BF54D3379C901B3C4B402BD88A20492
:10DCF000B364990023AE970A8944B344970203A9F9
:10DD0000C70B33796900BD88B204B364990023AEB0
:10DD1000970AB304970303A9C70BF94C3379190188
:10DD2000B3C4B402BD88C204B364990023AE970A99
:10DD3000B304770303A9C70BFD4B33790901B3C4BF
:10DD4000B402BD88D204B364990023AE970AB30429
:10DD5000670303A9C70B130B10023379A900B3C4DF
:10DD6000B402BD88E204B364990023AE970AB304F9
:10DD7000570303A9C70B930A20023379D901B3C40F
:10DD8000B402F204B364990023AE970AB3044703C4
:10DD900003A9070C130A3002137909FFB3C4B402B4
:10DDA000BD88B364990023A0970CB304370303A97B
:10DDB000070C930940021379F9F0B3C4B402BD888B
:10DDC0009204B36499006D4923A0970CB304270310
:10DDD00003A9070C3379C901B3C4B402BD88A204F6
:10DDE000B364990023A0970CF144B304970203A9EC
:10DDF000070C33796900B3C4B402BD88B204B364BC
:10DE0000990023A0970CB304B70303A9070C337937
:10DE10001901B3C4B402BD88C204B364990023A03D
:10DE2000970CB304970303A9070C33790901B3C412
:10DE3000B402BD88D204B364990023A0970CB30444
:10DE4000770303A9070C3379A900B3C4B402BD88D2
:10DE5000E204B364990023A0970C93145700B3C451
:10DE6000B4021399C40183A4070C3306C702B3F4A8
:10DE7000D401B3E4240123A0970C03A9470C137920
:10DE800009FFB3046703B3C4B402BD88B364990047
:10DE900023A2970CB304570303A9470C1379F9F095
:10DEA000B3C4B402BD889204B364990023A2970C52
:10DEB000B304470303A9470C3379C901B3C4B402BF
:10DEC000BD88A204B364990023A2970CB30437035E
:10DED00003A9470C33796900B3C4B402BD88B20406
:10DEE000B36499001309500223A2970CB3042703CB
:10DEF00003A9470C33791901B3C4B402BD88C20425
:10DF0000B364990023A2970C93046002B3049702B0
:10DF100003A9470C33790901B3C4B4023346B602EE
:10DF2000BD88D204B364990023A2970C83A4470C44
:10DF3000E98C3D8A6206458E23A2C70C03A6470CD6
:10DF40009314C7013376D601458E23A2C70C13065E
:10DF500090023306C70283A4870CC1983346B602E9
:10DF60003D8A458E23A4C70C1306A0023306C702C0
:10DF7000B345B60203A6870C1376F6F0BD89920569
:10DF8000D18D23A4B70C9755FF1F83C56500175685
:10DF9000FF1F034666003386C540B304A60303A9EA
:10DFA000870C3379C901B3C4E40293E48400BD88CB
:10DFB000A204B364990023A4970CB304E60303A955
:10DFC000870C33796900B3C4E40293E48400BD880C
:10DFD000B204B364990023A4970C93143600B3C41D
:10DFE000E40203A9870C3379190193E48400BD8806
:10DFF000C204B364990023A4970CB304F60303A9E5
:10E00000870C33790901B3C4E40293E48400BD882A
:10E01000D204B364990023A4970CB304560203A955
:10E02000870C3379A900B3C4E40293E48400BD886B
:10E03000E204B364990023A4970CB304760203A905
:10E04000870C3379D901B3C4E40293E48400F20469
:10E05000B364990023A4970C93142600B3C4E4027C
:10E0600003A9C70C137909FF93E48400BD88B36446
:10E07000990023A6970CB304860203A9C70C137951
:10E08000F9F0B3C4E40293E48400BD889204B3645D
:10E09000990023A6970C93141600B3C4E40203A9B5
:10E0A000C70C3379C9013347E60293E48400BD8885
:10E0B000A204B364990023A6970C03A6C70C337679
:10E0C0006600136787003D8B3207518F23A6E70C4C
:10E0D00003A7C70C3377170123A6E70C03C7B18842
:10E0E0000D8F3346D70293F5F507E2053D8A931469
:10E0F000460103A6C70C3304870233760601458E1A
:10E1000023A6C70C1316170083A4C70CE98C33464B
:10E11000D6023D8A6206458E23A6C70C03A6C70C0D
:10E120003344D402B37ED60113162700B30377021B
:10E13000720433E48E0023A6870C3346D602B30262
:10E140005702937EF60003A6070D419A3366D60167
:10E1500023A8C70C03A6070DB3C3D3021376F6F0AA
:10E16000B3C2D20293F3F3009203B363760023A801
:10E17000770C03A6070D337EC601B30FF70393F2A6
:10E18000F200A202B3625E0023A8570C03A6070D9B
:10E190003373660013163700B3CFDF02330FE70384
:10E1A00093FFFF00B20FB36FF30123A8F70D03A392
:10E1B000070DB37813013346D602330DA7033D8A0A
:10E1C000420633E6C80023A8C70C03A6070D337820
:10E1D0000601334FDF02B346DD02137FFF00520F0B
:10E1E000336FE80123A8E70D03A7070D798DBD8ADA
:10E1F000E206C98E23A8D70CD84385663D9BD8C3B9
:10E20000D843799BD8C39857558F98D7D857B70616
:10E210000081FD1613670701D8D71377FC0303AC01
:10E220008703137C0CFC336CEC0023AC8703985FF2
:10E23000758FD98D8CDF6254F250D2544259B25945
:10E24000225A925A025BF24B624CD24C424DB24D72
:10E25000216182809757FF1F23AE07D26FF04FC115
:10E260009757FF1F938787D398435C4393E7071023
:10E270005CC382809757FF1F938707DA1757FF1FEA
:10E28000130707D99C43184301456313F7008280A5
:10E2900083D6670081E683D6470036959C43F5B761
:10E2A0009757FF1F938747AE8C431757FF1F03579E
:10E2B000E7AD4111138605229757FF1F23AEC7D440
:10E2C000938785FFBA9705659756FF1F23A2F6D45B
:10E2D00006C61D05935637006374E50093060020BB
:10E2E0003307D6001755FF1F2326E5D223A0E522CA
:10E2F000E1162312D600231306001CC3998FE117E1
:10E300002312F70023130700EFF0DFF6B240975710
:10E31000FF1F2396A7A2410182801757FF1F0347C3
:10E3200097C09547630BF7009757FF1F938747BF29
:10E3300083C777000D47631FF7009757FF1F83C7F9
:10E34000B7BE639D0712930770101757FF1F231D59
:10E35000F7BC828041119757FF1F9387A7A80D45EF
:10E3600022C426C203A4470906C64AC09754FF1F09
:10E37000938444BAEFE06FD39840B7C7898E9387F0
:10E3800067ED1CC7B7575500938757555CC3834744
:10E39000A4031307F00F6387E700A30CF402FD57F3
:10E3A000230DF4020345940389476306F50085476E
:10E3B000A30CF40201451759FF1F1309E9B80327FD
:10E3C00009000146930550025C4393E717005CC3C4
:10E3D000930720FB2303F4009D471757FF1FA30457
:10E3E000F7B49757FF1F238D07B2EFE0CFA717575A
:10E3F000FF1F1307A7BA14430145DC56F59BDCD673
:10E400008347540090404A8493F6F7071C423A89A8
:10E4100093F707F8D58F1CC29757FF1F83C7079C38
:10E4200091C79757FF1F938767BF8843EF200FB2AD
:10E430009840B70633001C4393F7F7E71CC31C430F
:10E4400093F7F7E793E707101CC303270900B240CF
:10E4500092441C470249D58F1CC71C4013079005E6
:10E460002244B8CB1757FF1FA30E07AA1757FF1F49
:10E47000A30807AA054798C3410182808280000053
:10E4800043483332563230785F424C455F4C494204
:10E490005F56312E34000000686561642066696C47
:10E4A00065206572726F722E2E2E00004C4942203C
:10E4B000696E6974206572726F7220636F64653A69
:10E4C000202578202E2E2E0A000000002A20000091
:10E4D000544D4F535F54696D6572496E6974206580
:10E4E00072722025780A00005343374132303A20B7
:10E4F00045525221212025640A0000005343374130
:10E5000032303A204F4B210019000000000000007B
:10E51000040000000101010101000000E58AA0E9FA
:10E52000809FE5BAA6E695B0E68DAE3A20583D2527
:10E5300066672C20593D2566672C205A3D25666765
:10E540000A000000E58E9FE5A78BE695B0E68DAE4C
:10E550003A20583D25642C20593D25642C205A3DF5
:10E5600025640A00E58E9FE5A78BE695B0E68DAEA3
:10E57000202D20583A25642C20593A25642C205A05
:10E580003A25640A0000000048656C6C6F20576FE4
:10E59000726C642100000000504130005041310095
:10E5A0005041320050413300504134005041350059
:10E5B0005041360050413700504138005041390039
:10E5C0005041313000000000504131310000000066
:10E5D0005041313200000000504131330000000052
:10E5E000504131340000000050413135000000003E
:10E5F000504230005042310050423200504233000D
:10E6000050423400504235005042360050423700EC
:10E610005042380050423900504231300000000072
:10E620005042313100000000504231320000000001
:10E6300050423133000000005042313400000000ED
:10E64000504231350000000050433000504331004B
:10E6500050433200504333005043340050433500A0
:10E660005043360050433700504338005043390080
:10E6700050433130000000005043313100000000B1
:10E68000504331320000000050433133000000009D
:10E690005043313400000000504331350000000089
:10E6A0005044300050443100504432005044330054
:10E6B0005044340050443500504436005044370034
:10E6C00050443800504439005044313000000000BC
:10E6D000504431310000000050443132000000004D
:10E6E0005044313300000000504431340000000039
:10E6F0005044313500000000554E4B4E4F574E00F0
:10E70000E5B7B2E694B6E588B0206C65645F7461E5
:10E71000736B20E58F91E98081E79A84E4B88DE5F9
:10E72000B8A6E695B0E68DAEE6B688E681AFE380A2
:10E73000820D0000704D73672D3E6576656E743DE9
:10E740002578EFBC8C704D73672D3E7374617475C2
:10E75000733D25780D0A0000704D73672D3E657678
:10E76000656E7420253034780D0A0000E5B7B2E6F6
:10E7700094B6E588B0206C65644D73675F7461730F
:10E780006B20E58F91E98081E79A84E5B8A6E6954C
:10E79000B0E68DAEE6B688E681AFE380820D00007C
:10E7A000646174613A00000020256400E68993E505
:10E7B000BC80206C65642C3530306D7320E5908E04
:10E7C000E585B3E997AD200D00000000E585B3E9CC
:10E7D00097AD206C65642C313030306D7320E5903E
:10E7E0008EE5BC80E590AF200D00000052756E20D4
:10E7F000544553545F4556454E545F3320696E204F
:10E800006C65645F7465736B0D000000E68890E5CD
:10E810008A9FE694B6E588B0206C65645F74617386
:10E820006B20E79A84E6B688E681AFEFBC8CE5B949
:10E83000B6E8A7A6E58F91206C65644D73675F7499
:10E8400061736B20E79A84E4BA8BE4BBB632E38051
:10E85000820D00001201100102000040861A0CFE19
:10E8600000010102000100000902430002010080D2
:10E870003209040000010202010005240010010514
:10E880002401000104240202052406000107058179
:10E890000340000109040100020A0000000705020C
:10E8A0000240000007058302400000000E037700CD
:10E8B000630068002E0063006E0000001603550020
:10E8C000530042002000530065007200690061009F
:10E8D0006C000000000000000102030401020304B8
:10E8E000060708090000000000000000000000000A
:10E8F00000000000000000F80000000000000033ED
:10E900003000000000160E00160E0000000000008F
:10E910000000000040C07840C0784000043F04047C
:10E920003F040400007088FC08300000001820FF3D
:10E93000211E0000F008F000E018000000211C0378
:10E940001E211E0000F00888700000001E212324F4
:10E9500019272110000000160E0000000000000022
:10E9600000000000000000E01804020000000007A2
:10E970001820400000020418E000000000402018A9
:10E9800007000000404080F0804040000202010F7C
:10E9900001020200000000F0000000000101011F60
:10E9A00001010100000000000000000000B0700044
:10E9B0000000000000000000000000000001010154
:10E9C00001010101000000000000000000303000E3
:10E9D00000000000000000008060180400601806BD
:10E9E0000100000000E010080810E000000F1020F7
:10E9F00020100F00001010F8000000000020203F41
:10EA000020200000007008080888700000302824CA
:10EA1000222130000030088888483000001820206B
:10EA200020110E000000C02010F800000007042490
:10EA3000243F240000F808888808080000192120D5
:10EA400020110E0000E0108888180000000F11202F
:10EA500020110E0000380808C83808000000003FE8
:10EA6000000000000070880808887000001C222147
:10EA700021221C0000E010080810E00000003122F4
:10EA800022110F00000000C0C00000000000003094
:10EA900030000000000000C0C0000000000080B096
:10EAA00070000000000080402010080000010204F7
:10EAB000081020004040404040404000040404044E
:10EAC000040404000008102040800000002010080A
:10EAD00004020100007048080808F000000000303F
:10EAE00036010000C030C828E810E00007182724CD
:10EAF00023140B000000C038E0000000203C23027B
:10EB00000227382008F8888888700000203F2020DD
:10EB100020110E00C030080808083800071820200F
:10EB20002010080008F808080810E000203F202006
:10EB300020100F0008F88888E8081000203F2020E7
:10EB40002320180008F88888E8081000203F2000DB
:10EB500003000000C0300808083800000718202013
:10EB6000221E020008F808000008F808203F2101D2
:10EB700001213F20000808F8080800000020203F7D
:10EB80002020000000000808F8080800C0808080ED
:10EB90007F00000008F888C028180800203F2001E6
:10EBA0002638200008F8080000000000203F202040
:10EBB0002020300008F8F800F8F80800203F003F57
:10EBC000003F200008F830C00008F808203F20006F
:10EBD00007183F00E01008080810E0000F10202080
:10EBE00020100F0008F808080808F000203F210155
:10EBF00001010000E01008080810E0000F182424AC
:10EC000038504F0008F8888888887000203F20001E
:10EC1000030C3020007088080808380000382021D4
:10EC200021221C00180808F8080818000000203FDE
:10EC30002000000008F808000008F808001F202045
:10EC400020201F000878880000C838080000073816
:10EC50000E010000F80800F80008F800033C070067
:10EC6000073C0300081868808068180820302C03CF
:10EC7000032C30200838C800C83808000000203FA6
:10EC80002000000010080808C83808002038262195
:10EC900020201800000000FE020202000000007F99
:10ECA00040404000000C30C00000000000000001A7
:10ECB0000638C00000020202FE0000000040404092
:10ECC0007F00000000201008040810200000000051
:10ECD0000000000000000000000000008080808034
:10ECE0008080808000020408000000000000000016
:10ECF00000000000000080808080000000192422B5
:10ED000022223F2008F8008080000000003F1120F0
:10ED100020110E000000008080800000000E1120F5
:10ED200020201100000000808088F800000E1120D3
:10ED300020103F200000808080800000001F2222E1
:10ED400022221300008080F0888888180020203F4D
:10ED5000202000000000808080808000006B949460
:10ED60009493600008F8008080800000203F21001C
:10ED700000203F2000809898000000000020203FE5
:10ED800020200000000000809898000000C08080D3
:10ED9000807F000008F8000080808000203F24026F
:10EDA0002D302000000808F8000000000020203F5F
:10EDB000202000008080808080808000203F200014
:10EDC0003F20003F008080008080000000203F2125
:10EDD00000203F200000808080800000001F202055
:10EDE00020201F00808000808000000080FFA12084
:10EDF00020110E000000008080808000000E112095
:10EE000020A0FF80808080008080800020203F2123
:10EE100020000100000080808080800000332424D6
:10EE200024241900008080E0808000000000001F82
:10EE3000202000008080000000808000001F202033
:10EE400020103F20808080000080808000010E30F4
:10EE50000806010080800080008080800F300C0355
:10EE60000C300F0000808000808080000020312E58
:10EE70000E312000808080000080808080818E7034
:10EE80001806010000808080808080000021302CE6
:10EE90002221300000000000807C020200000000FF
:10EEA000003F404000000000FF00000000000000A4
:10EEB000FF0000000002027C800000000040403F94
:10EEC0000000000000804040800000800000000042
:10EED000000101000000000000000000002F000001
:10EEE00000000700070000147F147F1400242A7F0D
:10EEF0002A1200231308646200364955225000008C
:10EF00000007000000001C224100000041221C00FC
:10EF10000014083E08140008083E0808000000A07D
:10EF20006000000808080808000060600000002079
:10EF300010080402003E5149453E0000427F400057
:10EF4000004261514946002141454B3100181412DD
:10EF50007F10002745454539003C4A4949300001AA
:10EF60007109050300364949493600064949291EF9
:10EF7000000036360000000056360000000814225B
:10EF8000410000141414141400004122140800025B
:10EF900001510906003E4955592E007C1211127C80
:10EFA000007F49494936003E41414122007F4141AD
:10EFB000221C007F49494941007F09090901003E9F
:10EFC0004149497A007F0808087F0000417F4100DD
:10EFD000002040413F01007F08142241007F404053
:10EFE0004040007F020C027F007F0408107F003E3B
:10EFF0004141413E007F09090906003E4151215E21
:10F00000007F091929460046494949310001017F1D
:10F010000101003F4040403F001F2040201F003FB3
:10F020004038403F00631408146300070870080765
:10F0300000615149454300007F414100000204083E
:10F040001020000041417F00000402010204004042
:10F050004040404000000102040000205454547815
:10F06000007F484444380038444444200038444435
:10F07000487F00385454541800087E0901020018D3
:10F08000A4A4A47C007F080404780000447D400010
:10F09000004080847D00007F102844000000417FF4
:10F0A0004000007C04180478007C080404780038D0
:10F0B0004444443800FC242424180018242418FC58
:10F0C000007C0804040800485454542000043F44C1
:10F0D0004020003C4040207C001C2040201C003C84
:10F0E0004030403C004428102844001CA0A0A07CD4
:10F0F000004464544C440000087F41000000007F3D
:10F1000000000000417F080000080408100800000B
:10F1100000000000000801400100000098E5000028
:10F120000100000000080140020000009CE5000012
:10F13000020000000008014004000000A0E50000FB
:10F14000030000000008014008000000A4E50000E2
:10F15000040000000008014010000000A8E50000C5
:10F16000050000000008014020000000ACE50000A0
:10F17000060000000008014040000000B0E500006B
:10F18000070000000008014080000000B4E5000016
:10F19000080000000008014000010000B8E5000080
:10F1A000090000000008014000020000BCE500006A
:10F1B0000A0000000008014000040000C0E5000053
:10F1C0000B0000000008014000080000C8E5000036
:10F1D0000C0000000008014000100000D0E5000015
:10F1E0000D0000000008014000200000D8E50000EC
:10F1F0000E0000000008014000400000E0E50000B3
:10F200000F0000000008014000800000E8E5000059
:10F2100010000000000C014001000000F0E50000BB
:10F2200011000000000C014002000000F4E50000A5
:10F2300012000000000C014004000000F8E500008E
:10F2400013000000000C014008000000FCE5000075
:10F2500014000000000C01401000000000E6000057
:10F2600015000000000C01402000000004E6000032
:10F2700016000000000C01404000000008E60000FD
:10F2800017000000000C0140800000000CE60000A8
:10F2900018000000000C01400001000010E6000012
:10F2A00019000000000C01400002000014E60000FC
:10F2B0001A000000000C01400004000018E60000E5
:10F2C0001B000000000C01400008000020E60000C8
:10F2D0001C000000000C01400010000028E60000A7
:10F2E0001D000000000C01400020000030E600007E
:10F2F0001E000000000C01400040000038E6000045
:10F300001F000000000C01400080000040E60000EB
:10F3100020000000001001400100000048E600004D
:10F320002100000000100140020000004CE6000037
:10F3300022000000001001400400000050E6000020
:10F3400023000000001001400800000054E6000007
:10F3500024000000001001401000000058E60000EA
:10F360002500000000100140200000005CE60000C5
:10F3700026000000001001404000000060E6000090
:10F3800027000000001001408000000064E600003B
:10F3900028000000001001400001000068E60000A5
:10F3A0002900000000100140000200006CE600008F
:10F3B0002A000000001001400004000070E6000078
:10F3C0002B000000001001400008000078E600005B
:10F3D0002C000000001001400010000080E600003A
:10F3E0002D000000001001400020000088E6000011
:10F3F0002E000000001001400040000090E60000D8
:10F400002F000000001001400080000098E600007E
:10F41000300000000014014001000000A0E60000E0
:10F42000310000000014014002000000A4E60000CA
:10F43000320000000014014004000000A8E60000B3
:10F44000330000000014014008000000ACE600009A
:10F45000340000000014014010000000B0E600007D
:10F46000350000000014014020000000B4E6000058
:10F47000360000000014014040000000B8E6000023
:10F48000370000000014014080000000BCE60000CE
:10F49000380000000014014000010000C0E6000038
:10F4A000390000000014014000020000C4E6000022
:10F4B0003A0000000014014000040000C8E600000B
:10F4C0003B0000000014014000080000D0E60000EE
:10F4D0003C0000000014014000100000D8E60000CD
:10F4E0003D0000000014014000200000E0E60000A4
:10F4F0003E0000000014014000400000E8E600006B
:10F500003F0000000014014000800000F0E6000011
:10F510004000000080000000000C014009000000D5
:10F5200000002000000200000004000000080000AD
:10F53000000C014009000000000040000001000034
:10F540000000000000000000010203040607080993
:10F5500043483332563230785F424C455F4C494223
:10F560005F56312E34300000000102020303030312
:10F570000404040404040404050505050505050543
:10F580000505050505050505060606060606060623
:10F59000060606060606060606060606060606060B
:10F5A00006060606060606060707070707070707F3
:10F5B00007070707070707070707070707070707DB
:10F5C00007070707070707070707070707070707CB
:10F5D00007070707070707070707070707070707BB
:10F5E00007070707070707070808080808080808A3
:10F5F000080808080808080808080808080808088B
:10F60000080808080808080808080808080808087A
:10F61000080808080808080808080808080808086A
:10F62000080808080808080808080808080808085A
:10F63000080808080808080808080808080808084A
:10F64000080808080808080808080808080808083A
:10F65000080808080808080808080808080808082A
:10F660000808080808080808232D302B200000008F
:10F67000686C4C00656667454647000030313233A0
:10F68000343536373839414243444546000000009E
:10F690003031323334353637383961626364656608
:10F6A00000000000ACB10000C2B100008AB100004F
:10F6B0008AB100008AB100008AB10000C2B1000026
:10F6C0008AB100008AB100008AB100008AB100004E
:10F6D00004B30000FEB10000A8B200008AB100002F
:10F6E0008AB1000032B300008AB10000FEB1000010
:0CF6F0008AB100008AB10000B0B2000036
:10F6FC001603300031003200330034003500360080
:10F70C003700380039000000EC3A0000FE270000FA
:10F71C004C3C0000FE270000FE270000FE270000E6
:10F72C00FE270000FE270000FE3A0000FE27000026
:10F73C00FE270000FE270000FE270000FE27000029
:10F74C002C400000C4400000DC3F00001A400000C8
:10F75C00F84400009E45000062440000BE430000D7
:10F76C00EA430000124400000000000040000000CA
:10F77C00FE270000783F0000FE270000FE27000057
:10F78C00FE270000CA3F0000FE270000B83F000023
:10F79C00A03F00005001002004000000ACE8000075
:10F7AC000E000000BCE80000160000000000002065
:10F7BC0016000000000102030405060708090000FA
:10F7CC0000000000F82B0020602C0020C82C00202A
:10F7DC00000000000000000000000000000000001D
:10F7EC00000000000000000000000000000000000D
:10F7FC0000000000000000000000000000000000FD
:10F80C0000000000000000000000000000000000EC
:10F81C0003000000F82B00200F01000054E800004A
:10F82C001200000068E80000430000000101000025
:10F83C001C300020FFFF000000449508D000002081
:08F84C0004030904020406088C
:00000001FF
