:040000006F10204F0E
:100004000000000000000000FC4200000C4300005F
:10001400000000004001000000000000000000009B
:1000240040010000F0140000000000000000000087
:10003400F014000000000000F014000000000000B4
:10004400F0140000F0140000F0140000F01400009C
:10005400F0140000F014000084410000B2410000DC
:10006400E04100000E4200003C420000F014000099
:10007400F0140000F0140000F0140000F01400006C
:10008400F0140000F0140000F0140000F01400005C
:10009400F0140000F0140000F01400006A420000A4
:1000A400F0140000F0140000F0140000F01400003C
:1000B400F0140000F0140000F0140000F01400002C
:1000C400F0140000F0140000F0140000F01400001C
:1000D400F0140000F0140000F0140000F01400000C
:1000E400F0140000783F0000F0140000F014000049
:1000F400F0140000F0140000F01400002443000089
:1001040024140000F0140000F0140000F0140000A7
:10011400F0140000F01400000000000000000000D3
:1001240000000000000000000000000000000000CB
:0C013400000000000000000000000000BF
:100140009305000273A04580824573901534924058
:100150002242B2424243D2436244F2440255925593
:100160002256B2564257D2576258F258064996491B
:10017000264AB64A464BD64B664CF64C065D965D13
:10018000265EB65E465FD65F09617300203041117E
:1001900006C622C40008C52BFDBF23AC05FE1C41CA
:1001A00081E70CC18280BA8703A787FF6DFF23AC6C
:1001B000B7FE8280411126C24AC0B744024006C63B
:1001C00022C403A9C42023A604200F10000009E9BB
:1001D00023A62421B2402244924402494101828054
:1001E0002A842105BD654205C18D4181EF10C00003
:1001F00001CDFD5723200500231285002303F500C0
:1002000023A624212105F9B723A624210145D9B726
:1002100001114AC84EC6B747024006CE22CC26CAB4
:1002200083A9C7202A8923A607200F10000097273B
:100230000020938727BB80438144014619E499E855
:10024000A1654A85EF60A02D15A08347E4FF639B5D
:10025000270395CCA685172500201305A5B8EF50D8
:10026000B06579DCA1654A85EF608005F2406244A3
:10027000B747024023A6372126854249D244B249D6
:100280000561828091E02286032484FF45BFA28419
:10029000E5BF972700209387E7B99C4399E33E8504
:1002A000828003D727006316B70003C70700E3085F
:1002B000A7FEDC47E5B7B747024003A7C72023A640
:1002C00007200F10000001C599C1814711E6B7470B
:1002D000024023A6E7208280B386F50003C806000B
:1002E000B306F500850723800601E317F6FEC5B7C0
:1002F000374702408327C720232607200F1000001E
:1003000019C191C111E6374702402326F7208280A8
:10031000910503A7C5FF11057D16232EE5FEDDB768
:10032000374702408327C720232607200F100000ED
:1003300001C53307C50011E6374702402326F720E1
:1003400082800505A30FB5FEE31DE5FEF5B7B747AF
:10035000024083A6C72023A607200F100000814774
:100360003307F5000307070019E737470240232644
:10037000D7203E8582808507E5B7011126CA4AC885
:10038000B747024006CE22CC83A4C7202A892E86F6
:1003900023A607200F100000131506019305F00493
:1003A000418132C6EF0050652A8401C53246CA85B4
:1003B00019372285F2406244B747024023A69720AE
:1003C0004249D24405618280B747024003A7C72053
:1003D00023A607200F10000001C599C1814711EA2B
:1003E000B747024023A6E720054582808507E30939
:1003F000F6FE3308F500B386F5000348080083C60F
:100400000600E305D8FEB747024023A6E7200145D2
:100410008280B747024003A7C72023A607200F10FA
:1004200000009307F6FFBE952A966317C500B747ED
:10043000024023A6E7208280FD1583C7150005052D
:10044000A30FF5FEDDB7374702408327C7202326D9
:1004500007200F10000001C53307C50019E6374714
:1004600002402326F7200145828005058346F5FFDB
:10047000E397B6FEE31BE5FE374702402326F7204D
:10048000054582807971972700209387A79A22D407
:10049000804306D626D24AD04ECE52CC56CA5AC82F
:1004A0005EC669C0B7C4C901014B97290020938972
:1004B000E9979384F437172A0020130AEA97972ABA
:1004C0000020938A6A92172900201309699B835799
:1004D000240095E35C44631D0B0017270020232BA9
:1004E000F794832BC4002285EF00F05F5E84A9A8F7
:1004F0002326FB00FDB783A7090082971C4433071E
:10050000F5406376F500032749001D8F2A9763E0C5
:10051000E4089727002023A1078E83552400034574
:100520000400EF50F0595C405844A1CB0C44032622
:100530004900AE97BE8663E4B70063E4C700B386A4
:10054000C74014C4228B3A8459F097270020938720
:10055000A7899C4B05476372F706FD1717270020F4
:10056000232CF788B250225492540259F249624A1D
:10057000D24A424BB24B4561828063170B009727EA
:10058000002023A9E78AB1BF2326EB0099BF0327E8
:100590008A0209CF63EFA7003385A74083A70A012A
:1005A0006376F5009727002023A8A784228B404478
:1005B00061BF03274900BA97C5B79727002023AD2D
:1005C00007824DB701114EC6B747024006CE22CC76
:1005D00026CA4AC852C483A9C72023A607200F10E1
:1005E0000000172900201309A9899727002083C735
:1005F000E78903254900ADC39727002083D7C79417
:10060000A1CF972700209387E78803A4070B6305F2
:10061000A404971700209387277D984B3E8A630791
:10062000A71097240020938464809C408297636B7A
:10063000A40E9C40098C829703270A016373E4008F
:100640002287B307A7003E858326490063E4E700BD
:1006500063E4D7003385D740B747024023A637214C
:1006600083274900639FA702171400201304C4774F
:100670001848971700209387677B9C43631AA70A43
:10068000829783264900B74736FE938707C8B697F7
:100690003387A7003A856364F7006364D7003305A6
:1006A000D740172400201304A4925C5081CF9727D1
:1006B00000209387A79994433707CDFF7D179C4669
:1006C000F98F9CC619E103254900854717270020AB
:1006D0002326F79097170020938707769C578297D9
:1006E00011ED5C5099CB5C4489CBEF60302FEF600B
:1006F000604F9727002023A3078E69335C5099CB66
:1007000097270020938787949843B70633001C47A8
:10071000D58F1CC7F2406244D2444249B249224AB2
:1007200005618280832749003E9421B722852DB739
:100730008297144803274900B387A6003E8563E4E7
:10074000D700E3E0E7F63385E740A1BF23A8A18205
:1007500001C58547238AF1828280938701839C4368
:1007600081CF411106C6829783C7418399E323A8AD
:100770000182B2404101828083C7418381E723A87F
:10078000018282808280411126C206C622C4971748
:10079000002083C7A76F971400209384A4679DE768
:1007A0009727002083C71783858B172700201307FF
:1007B000278289CF8347770099466395F60C972760
:1007C0000020A38907802526DC4482979C4491C39E
:1007D0008297171400201304A465184017160020F0
:1007E000034696609717002083C70760939617000B
:1007F000BA9683D60600DDC29717002083C7C75E6E
:1008000063E8C70A971700202380075E9717002028
:1008100083C7977C971400209384847B6396071288
:1008200097170020938787609C43638A0710971768
:1008300000209387E764DC4317170020232EF75A24
:100840009131971700209387275F9C576389070E84
:1008500083C7740011476364F70E9717002083C79E
:10086000A77C918BE9EF83C74183F1EB104097168A
:10087000002083C6765763C6D70E2244B240924406
:10088000410189B3834777001D47E311F7F49717B8
:100890000020A3810774A12C9C4805BF850793F70E
:1008A000F70F971600202381F654E3EDC7F2A9B79E
:1008B00086073E97835507002310070097170020EF
:1008C0002394075697170020938787549C43171546
:1008D00000200345655113172500BA979C43829762
:1008E0009717002083D74754171700200347C74F97
:1008F00093C7F7FF7D8D9317170018403E978357D6
:1009000007005D8D2310A7009717002083C7C74DF0
:1009100091C78507171700202308F74C9C4091C703
:1009200082979717002023A7074E17170020034729
:10093000A74B9717002083C7374BE375F7ECB240FE
:10094000224492444101828083C7740093F7F70FD9
:10095000E39807EC97170020A3800768EF608055A5
:10096000C1B51397170032970357070069FB850736
:1009700019B7374702408326C720F177FD17F58F57
:100980002326F72001000100971700209387C74511
:10099000C84F832787262326D7206A0593C7F7FFEA
:1009A00099835D8D82809717002083C7174499CF64
:1009B0009717002083C7874D81CF97170020938713
:1009C000274D03A3070063070300028305458280C8
:1009D000094582801305F00F8280971600209386C8
:1009E000665E9842411126C21C5F06C622C49983E6
:1009F000858BB684CDC3930700061CDF97170020B4
:100A000083C7075D93F70704171400201304445CA1
:100A10009DC397170020938767419C438297971740
:100A2000002023A5A75C8347040093F7F70B171753
:100A30000020230FF7588347040093F707029DC354
:100A400083470400A16693F7F70D171700202301D1
:100A5000F758171700201307275A5C4818438607D2
:100A600014C77CD78347440093F707048DE7854775
:100A700017170020A300F756971700209387C75732
:100A80009C43096798C7130700FC9716002023832F
:100A9000E6541848F8D398401C5F9183858B81CB2E
:100AA000C1471CDF8547971600202385F6521C5F3F
:100AB0009D83858B89CB930700081CDF854717171B
:100AC00000202309F750971700209387674F9C4316
:100AD000D8430583058B19C7D843759BD8C3D84322
:100AE000799BD8C3B2402244924441018280971737
:100AF0000020938767509443971700209387474DB2
:100B000003C70700058B09EB03C71700058B09E72F
:100B1000F8527DF783C7570097170020A38C074A28
:100B20008280171800201308E849032708001C5F7B
:100B30009583858BBDEB09C61C5BBD832300F60046
:100B400085CA83270800985B460793576701635659
:100B5000070093E707C0C207C18303970600C207D7
:100B6000C18709C7BA970947B3C7E7022390F600C0
:100B700095C18347150099CF3E958347950005475A
:100B8000194593F6F7066393E602E207E1873945D4
:100B900063CE07008327080001459C5FED838D8BA2
:100BA00017170020A30BF742828005458280411170
:100BB00022C406C6171400201304044418403DE55F
:100BC000AE877453FDFE3E85B285971700202382C1
:100BD0000740EF60E006971700209387A73E9C43ED
:100BE000B70680009843558F98C3D857719BD8D7C4
:100BF00097170020A380073E97170020A38A073C81
:100C00001C40094798C31440171700201307473C9E
:100C100083472700858B99E783473700858B99E3C6
:100C2000FC52FDF7B2402244410182808D4763109F
:100C3000F502971700209387E7389C43B70680009A
:100C40009843558F98C3D857719BD8D76DBF8547A8
:100C5000E31BF5FA5447F977FD17F58F5CC70F10C2
:100C600000001C40096798C7130700F817160020FA
:100C70002302E636171700201307C7341043184223
:100C800031830D8B11E713076019F8D3D4C7A5BFC3
:100C90001842094631830D8B6315C7001307E043E3
:100CA000EDB71307E01BD5B75D7152DC171A0020B2
:100CB000130A4A3103270A0086C6A2C4A6C2CAC0C4
:100CC0004EDE1C43971900209389493817190020DC
:100CD0001309893293F7F7E793E707081CC383A644
:100CE00009003707CEFF7D179C46130680022A8431
:100CF000F98F9CC6832709002800AE8423A8070427
:100D000093051008EFF0CFE13545EF60402D8327C4
:100D10000A009376F41F3706330023A40700984B8C
:100D2000370FFCFF4E881367F70398CBF84FCA883C
:100D3000130510F8137707E0558FF8CF9843F57631
:100D4000FD16758F98C317170020A3050728832663
:100D5000090017170020A30D0726054798C29843DE
:100D6000D285B70204001377F7E798C3984393033B
:100D7000802511491377F7E71367071098C303A776
:100D800009007D1F85491C47930F8002D18F1CC726
:100D900093079005BCCA01473400135337002693CC
:100DA0008347030013767700B3D7C740858BDDCF29
:100DB0009C41832E0800239C07042390070603AE62
:100DC000CE02137EDEFF23A6CE0383AE0700137E82
:100DD000F70793FE0EF833EECE0123A0C70103AE52
:100DE0004702336E5E0023A2C70383AE0800014EA4
:100DF00023A27E0603DA070663074E0303AE07034A
:100E0000038A0600135EFE00620E135E8E41635875
:100E1000CA0103AE0703135EFE002380C60103DE92
:100E20000706137EFE0F03AA4E0663060A0003DAC6
:100E30008705E37F49FB03AE4702337EEE0123A221
:100E4000C70383870600635CF400034E03003396F8
:100E5000C9001346F6FF3376C6012300C3003E8661
:100E600063D3A7002A8613158601618505071377CA
:100E7000F70F8506E313F7F3B64026449644064978
:100E8000F259625A61618280971700209387C716D2
:100E90009C43D8479316170163D5060298479316CB
:100EA000170163D006027D57B8D717170020130724
:100EB000A7F3584F05079716002023A5E6F41167FE
:100EC00098C798470D83058B1DC31717002003474C
:100ED00047101367170097160020238CE60E1307A0
:100EE00000F8971600202387E60E214798C79847F9
:100EF000058B09CF171700200347970D13671700BD
:100F000097160020A386E60C054798C798470983E3
:100F1000058B09E798470583058B35C31717002014
:100F2000A30A070A9847171600201306660A9716A1
:100F30000020938626090983058B9442B2856300BD
:100F40000710984231830D8B65EBB04BD851137667
:100F50000602034717005DCA69EF1307D005D8CF13
:100F600003C7050013671700171600202302E606C3
:100F7000114798C7D856719B13671700D8D6984762
:100F80009316370163D606029716002083C646F8EB
:100F9000C18A171700201307E7EFC5CE0347C7071D
:100FA00013670702971600202384E6F6056798C7A3
:100FB00098479316270163D10602171700200347AD
:100FC000670162076187635707000547971600208E
:100FD0002382E600096798C798479316070163D6EE
:100FE00006029716002083C6B6F2858A17170020DE
:100FF000130747EAADCE0347D707136727009716B5
:101000000020A387E6F0216798C7828039D705467C
:101010006315C7001307100699B709466315C70083
:10102000130750062DBF0D466315C7001307900622
:101030003DB71307B00625B71307C0060DB7034722
:1010400036001367170017160020A304E6F80947B7
:101050000DB78346C7070946BD8A6388C6000347A4
:10106000C7078D463D8BE313D7F4114725BF834651
:10107000D707918AC9DA0347D7071367870041B7B3
:1010800097170020938747F79C43984797160020AF
:1010900023ACE6F4944717170020130767F38D82FB
:1010A000858A8DC28346270093E616001716002016
:1010B0002301D6F2930600F817160020230CD6F071
:1010C000A14694C79447858A99CA8346170093E638
:1010D000160017160020A30DD6EE854694C7944738
:1010E0008982858A89E694478582858AA1CE97166A
:1010F0000020A38106EE944717160020130686EC05
:1011000010428982858AD5C21442B1828D8AD9EA79
:10111000AC4B545393F5050283C61600B1CDC1E222
:101120009306D005D4CF8346070093E616009715A3
:101130000020238FD5E8914694C75456F19A93E640
:10114000160054D6944713962601635F06000347A2
:10115000470062076187635707000547971600201D
:10116000238AE6E6096798C798479316070163D470
:101170000600216798C78280C5D685456395B6006D
:101180009306100645B789456395B6009306500649
:1011900051BF8D456395B6009306900661B79306DF
:1011A000B00649B79306C006B5BF8346370093E63D
:1011B000160097150020A38ED5E08946B5BF971776
:1011C0000020938767E398438567938707777CD3ED
:1011D00097170020938787E79C4383A607091396F8
:1011E00056006358060083A60709139666006344F9
:1011F00006007453FDF28280411122C4B7470240B9
:1012000006C603A4C72023A607200F10000011C1A3
:1012100099E5B747024023A6872001457DA893079B
:101220003500C207C183F19BC207C1831307400386
:101230006369F70217170020130707E90843171718
:1012400000201307E7E714436392A6021717002054
:10125000130787BE585B55DFC207DD8D0545029732
:101260004DBF171700201307E7E5C9BF03576500F7
:101270002DEB035745006366F706B306F74021469A
:10128000637CD60203280500938687001D8FAA96EB
:10129000611717160020035686B52392E60023A097
:1012A00006012393060014C12312F500130786FFDD
:1012B00097160020239DE6B22313B5009715002052
:1012C00083D5E5B2B387F540171700202311F7B295
:1012D000B747024023A687202105B240224441019E
:1012E0008280084195B7B747024003A8C72023A6CC
:1012F00007200F10000001E523A607218280971721
:101300000020938767DC03AE0700971700209387C0
:1013100027DB03A307008146F28763F0670C83A8ED
:101320000700636FF50A63EDA80A138787006366F9
:10133000E50A03D66700216705076317E60003C7C0
:1013400051830507A38AE182971500209385C5A9DB
:1013500003D6470003D7650023930700329742075F
:101360004183171500202314E5A8638AC7031715C6
:101370000020130525D508416303F50203D5660057
:1013800019ED83D7460023A0160121073E962106BA
:101390002392C60097170020239BE7A4B6879843A3
:1013A000630D6702971600209386C6D194426306A8
:1013B000D7028356670095E283D64700035647005D
:1013C0001843A106B2962392D70098C383D765002D
:1013D000A10717170020231CF7A0B747024029BF19
:1013E000BE86C6871DBF971700209387E7CD971647
:1013F00000209386E6CC9C4390422A87B305B540F3
:101400006314F6003A8529A8938687009C43E36914
:10141000D7FEE377F7FE2E85E3E4D5FEE3F2F5FE93
:1014200082800000197106C212C416C61AC81ECAEC
:1014300022CC26CE2AD02ED232D436D63AD83EDA94
:1014400042DC46DECAC0CEC2D2C4D6C6DAC8DECAC4
:10145000E2CCE6CEEAD0EED2F2D4F6D6FAD8FEDA74
:10146000938581828841E700050092402242B24282
:101470004243D2436244F244025592552256B25638
:101480004257D2576258F25806499649264AB64AF8
:10149000464BD64B664CF64C065D965D265EB65EB8
:1014A000465FD65F0961730020300000EFF0EFAABD
:1014B0007300000000000000938241830383020058
:1014C00023800200630F0300F32510342EC097051C
:1014D00000009385E5FD73901534EFF07FBA73003B
:1014E000203086DCEFF05F9AE6508280000000003A
:1014F00001A097F1FF1F9381E13917F1002013013B
:1015000061B0178500001305E5FE97F5FF1F938571
:1015100065AF1386C18163FAC5008322050023A04D
:10152000550011059105E3EAC5FE13850182971563
:1015300000209385E5B96377B500232005001105E8
:10154000E36DB5FEFD42739002BC8D427390428004
:10155000930280087390023097F2FFFF9382C2AA31
:1015600093E2320073905230EF20706197320000A6
:101570009382C2DC7390123473002030011106CEC6
:1015800022CC00102326A4FE0327C4FEB727014067
:1015900093870740631DF700854513050020EF0082
:1015A000D06B814513050020EF00306B1DA0032791
:1015B000C4FEB737014093870780631CF700854559
:1015C00013050040EF007069814513050040EF00EE
:1015D000D0680100F240624405618280797122D6B0
:1015E0000018232EA4FC232CB4FC232604FEA30500
:1015F00004FE8327C4FDDC432326F4FE0327C4FE38
:10160000B707F1E09387F7EFF98F2326F4FE8327DE
:1016100084FD9843832784FD9C4F5D8F832784FD41
:10162000DC4F5D8F832784FDDC43A207D98F03271E
:10163000C4FED98F2326F4FE8327C4FD0327C4FEEE
:10164000D8C38327C4FD9C472326F4FE0327C4FE8A
:10165000B7F7F1FF9387D77FF98F2326F4FE83270F
:1016600084FD984B832784FDDC475D8F832784FDB1
:101670009C478607D98F0327C4FED98F2326F4FE03
:101680008327C4FD0327C4FE98C78327C4FDDC5706
:101690002326F4FE0327C4FEB70710FFFD17F98FBA
:1016A0002326F4FE832784FDDC2BFD1793F7F70F29
:1016B0000347B4FED98FA305F4FE8347B4FED207D7
:1016C0000327C4FED98F2326F4FE8327C4FD0327F6
:1016D000C4FED8D70100325445618280011122CE68
:1016E00000102326A4FE2324B4FE832784FE91CB7E
:1016F0008327C4FE9C4713E717008327C4FE98C7BF
:1017000009A88327C4FE9C4713F7E7FF8327C4FE7D
:1017100098C70100724405618280011122CE001039
:101720002326A4FE2324B4FE832784FE99CB83279B
:10173000C4FE9847B70750005D8F8327C4FE98C743
:1017400019A88327C4FE9847B707B0FFFD177D8F00
:101750008327C4FE98C701007244056182807971B5
:1017600022D60018232EA4FCAE873687A30DF4FCE6
:10177000B287230DF4FCBA87A30CF4FC232604FEE5
:10178000232404FE0347B4FDA54763F6E706832739
:10179000C4FDDC472326F4FE8347B4FD138767FFAF
:1017A000BA878607BA971D47B317F7002324F4FEBC
:1017B000832784FE93C7F7FF0327C4FEF98F2326F0
:1017C000F4FE834694FD8347B4FD138767FFBA8711
:1017D0008607BA97B397F6002324F4FE0327C4FEC6
:1017E000832784FED98F2326F4FE8327C4FD032795
:1017F000C4FED8C785A08327C4FD9C4B2326F4FED6
:101800000347B4FDBA878607BA971D47B317F70099
:101810002324F4FE832784FE93C7F7FF0327C4FE27
:10182000F98F2326F4FE834694FD0347B4FDBA875F
:101830008607BA97B397F6002324F4FE0327C4FE65
:10184000832784FED98F2326F4FE8327C4FD032734
:10185000C4FE98CB0347A4FD994763E6E7068327B8
:10186000C4FDDC5B2326F4FE8347A4FD1387F7FF4A
:10187000BA878A07BA977D47B317F7002324F4FE87
:10188000832784FE93C7F7FF0327C4FEF98F23261F
:10189000F4FE8346B4FD8347A4FD1387F7FFBA87A0
:1018A0008A07BA97B397F6002324F4FE0327C4FEF1
:1018B000832784FED98F2326F4FE8327C4FD0327C4
:1018C000C4FED8DBE9A80347A4FDB14763E6E706F9
:1018D0008327C4FD9C5B2326F4FE8347A4FD138766
:1018E00097FFBA878A07BA977D47B317F700232473
:1018F000F4FE832784FE93C7F7FF0327C4FEF98F06
:101900002326F4FE8346B4FD8347A4FD138797FF87
:10191000BA878A07BA97B397F6002324F4FE032701
:10192000C4FE832784FED98F2326F4FE8327C4FDBB
:101930000327C4FE98DBA5A08327C4FDDC5723261C
:10194000F4FE8347A4FD138737FFBA878A07BA9747
:101950007D47B317F7002324F4FE832784FE93C743
:10196000F7FF0327C4FEF98F2326F4FE8346B4FD58
:101970008347A4FD138737FFBA878A07BA97B397BF
:10198000F6002324F4FE0327C4FE832784FED98FA8
:101990002326F4FE8327C4FD0327C4FED8D7010005
:1019A000325445618280011122CE00102326A4FE0C
:1019B0008327C4FEFC47C207C1833E85724405618C
:1019C0008280011122CE00102326A4FE8327C4FEAC
:1019D00099CFB7270140938707409447B727014025
:1019E0009387074037078000558F98C739A8B727D6
:1019F0000140938707409447B727014093870740EA
:101A0000370780FF7D17758F98C701007244056105
:101A10008280797122D60018232EA4FCAE87A30DF4
:101A2000F4FC232604FE8327C4FD98438347B4FDBA
:101A3000F98F89C785472326F4FE19A0232604FEC3
:101A40008327C4FE3E85325445618280011122CE37
:101A500000102326A4FE2324B4FE832784FE99CB02
:101A60008327C4FED843B70700045D8F8327C4FED5
:101A7000D8C319A88327C4FED843B70700FCFD17B5
:101A80007D8F8327C4FED8C3010072440561828024
:101A9000797122D60018232EA4FC232604FE2324C9
:101AA00004FEB7070140938707409C430327C4FD0A
:101AB000F98F2324F4FEB707014093870740D84BE2
:101AC0008327C4FDF98F81CB832784FE89C785478F
:101AD0002326F4FE19A0232604FE8327C4FE3E8598
:101AE000325445618280011122CE00102326A4FECB
:101AF000B7070140938707400327C4FED8CB0100F6
:101B0000724405618280411122C60008B727024055
:101B10003707674513073712D8C3B72702403797EF
:101B2000EFCD1307B79AD8C3B727024037076745E9
:101B300013073712D8D3B72702403797EFCD1307D3
:101B4000B79AD8D30100324441018280411122C6A4
:101B50000008B7270240944BB72702402167558FF2
:101B600098CB0100324441018280011122CE001045
:101B70002326A4FE8327C4FE93F707F02326F4FE52
:101B8000B7270240944BB727024037070200558F12
:101B900098CBB72702400327C4FED8CBB727024013
:101BA000984BB72702401367070498CB0100B7276B
:101BB0000240DC47858BE5FFB7270240944BB727EF
:101BC000024001777D17758F98CB01007244056143
:101BD0008280797122D60018232EA4FC232CB4FC19
:101BE00093070004A307F4FE8327C4FD93F707F0CF
:101BF000232EF4FCB7270240944BB72702404167DD
:101C0000558F98CB0100B7270240DC47858BE5FF55
:101C10000100B7270240DC47898BE5FF25A8832711
:101C2000C4FD032784FD184398C38327C4FD91078F
:101C3000232EF4FC832784FD9107232CF4FC834797
:101C4000F4FEFD17A307F4FE0100B7270240DC47AE
:101C5000898BE5FF8347F4FEF9F3B7270240944BE5
:101C6000B727024037072000558F98CB0100B727D0
:101C70000240DC47858BE5FFB7270240944BB7272E
:101C8000024041777D17758F98CB01003254456132
:101C90008280797122D60018232EA4FCB7F7FF1F8B
:101CA0009387877E9C432326F4FE8327C4FE13F785
:101CB000F70F8327C4FD98A38327C4FE13D787009B
:101CC0008327C4FD85071377F70F98A38327C4FEE6
:101CD00013D707018327C4FD89071377F70F98A34C
:101CE0008327C4FE13D787018327C4FD8D0713778D
:101CF000F70F98A3B7F7FF1F9387C77E9C43232650
:101D0000F4FE8327C4FD91070327C4FE1377F70F62
:101D100098A38327C4FE13D787008327C4FD9507A4
:101D20001377F70F98A3010032544561828039710F
:101D300022DE80002326A4FC2324B4FC232604FEF8
:101D4000232004FE232404FE232E04FC232204FE6D
:101D5000232C04FC832784FC9C47BD8B2326F4FEA4
:101D6000832784FC9C47C18B89CB832784FCDC437D
:101D70000327C4FED98F2326F4FE832784FC9E23E9
:101D800093F7F70FE9CF8327C4FC9C432322F4FE8B
:101D9000232404FE5DA8832784FE0547B317F700BC
:101DA000232EF4FC832784FC9E233E878327C4FDD7
:101DB000F98F2320F4FE032704FE8327C4FD63115B
:101DC000F708832784FE8A07232EF4FC8327C4FDAB
:101DD0003D47B317F700232CF4FC832784FD93C7FA
:101DE000F7FF032744FEF98F2322F4FE8327C4FD67
:101DF0000327C4FEB317F700032744FED98F23221D
:101E0000F4FE832784FC984793078002631BF70046
:101E1000832784FE05473317F7008327C4FCD8CBFC
:101E200005A0832784FC984793078004631AF70072
:101E3000832784FE05473317F7008327C4FC98CB1C
:101E4000832784FE85072324F4FE032784FE9D4711
:101E5000E3F3E7F48327C4FC032744FE98C38327F6
:101E600084FC9A239307F00F63F0E70E8327C4FCEA
:101E7000DC432322F4FE232404FE6DA8832784FE82
:101E8000A1070547B317F700232EF4FC832784FC32
:101E90009E233E878327C4FDF98F2320F4FE03276A
:101EA00004FE8327C4FD6312F708832784FE8A0794
:101EB000232EF4FC8327C4FD3D47B317F700232CE2
:101EC000F4FC832784FD93C7F7FF032744FEF98FB3
:101ED0002322F4FE8327C4FD0327C4FEB317F700B3
:101EE000032744FED98F2322F4FE832784FC9847DE
:101EF00093078002631BF700832784FEA107054731
:101F00003317F7008327C4FCD8CB832784FC98477A
:101F100093078004631BF700832784FEA10705470E
:101F20003317F7008327C4FC98CB832784FE8507EB
:101F30002324F4FE032784FE9D47E3F1E7F483277F
:101F4000C4FC032744FED8C301007254216182807F
:101F5000011122CE00102326A4FEAE872322C4FE48
:101F60002315F4FE832744FE99C70357A4FE832755
:101F7000C4FE98CB31A00357A4FE8327C4FED8CB60
:101F80000100724405618280011122CE00102326D7
:101F9000A4FE8327C4FE91CBB77700409843B77760
:101FA00000401367071098C309A8B777004098430B
:101FB000B77700401377F7EF98C3010072440561CB
:101FC0008280797122D60018232EA4FC232604FED9
:101FD000B7170240DC432326F4FE0327C4FED17763
:101FE000FD17F98F2326F4FE0327C4FE8327C4FDC3
:101FF000D98F2326F4FEB71702400327C4FED8C3A7
:102000000100325445618280011122CE0010AA875E
:10201000A307F4FEB7170240938707022380070047
:10202000B717024093870702238007008347F4FE17
:1020300005476386E7001147638AE70039A8B717A9
:10204000024093870702054798A301A8B7170240EB
:1020500093870702154798A30100010072440561A8
:102060008280011122CE00102326A4FE8327C4FE05
:1020700091CBB7170240D853B71702401367170028
:10208000D8D301A8B7170240D853B7170240799B9D
:10209000D8D30100724405618280011122CE001064
:1020A0002326A4FEB71702409453B7170240032714
:1020B000C4FE558F98D301007244056182800111DE
:1020C00022CE00102326A4FE8327C4FE91CBB7178F
:1020D00002409453B71702402167558F98D311A837
:1020E000B71702409453B717024061777D17758F79
:1020F00098D30100724405618280797106D622D49A
:102100000018232EA4FC232404FE232604FE2322ED
:1021100004FE232004FEB7170240DC43B18B2324C6
:10212000F4FE032784FEA1476300F704032784FE1F
:10213000A14763E4E712832784FE99C7032784FE3F
:102140009147630BF70011AA8327C4FD37177A0064
:102150001307072098C311AA8327C4FD3757E80146
:102160001307078098C311A2B7170240D843B707D7
:102170003C00F98F2326F4FEB7170240D843C1670D
:10218000F98F2322F4FE8327C4FEC98389072326FF
:10219000F4FE0327C4FEC5476315F700C94723268D
:1021A000F4FE832744FEA1E3B747024093870780EC
:1021B0009C43C18B89CF0327C4FEB7177A0093874E
:1021C00007203307F7028327C4FD98C379A80327A4
:1021D000C4FEB7173D00938707903307F7028327A4
:1021E000C4FD98C359A0B7170240D843B707C00031
:1021F0007D8FB707C0006313F7025D242A878547E8
:10220000631EF7000327C4FEB727F4009387074037
:102210003307F7028327C4FD98C381A8B71702408C
:10222000D843B7070200F98F89CF0327C4FEB71739
:102230003D00938707903307F7028327C4FD98C3B7
:102240002DA00327C4FEB7177A0093870720330712
:10225000F7028327C4FD98C309A88327C4FD371755
:102260007A001307072098C30100B7170240DC4328
:1022700093F7070F2324F4FE832784FE91832324FE
:10228000F4FEB707002013870700832784FEBA9760
:102290009C2393F7F70F2320F4FE8327C4FD984374
:1022A000832704FE3357F7008327C4FDD8C3B7172D
:1022B0000240DC4393F707702324F4FE832784FE57
:1022C000A1832324F4FEB707002013870700832788
:1022D00084FEBA979C2393F7F70F2320F4FE8327FD
:1022E000C4FDD843832704FE3357F7008327C4FD7A
:1022F00098C7B7170240D843916793870780F98F33
:102300002324F4FE832784FEAD832324F4FEB70741
:10231000002013870700832784FEBA979C2393F736
:10232000F70F2320F4FE8327C4FDD843832704FE40
:102330003357F7008327C4FDD8C7B7170240D843E7
:10234000B167F98F2324F4FE832784FEB983232405
:10235000F4FEB707002013870709832784FEBA9786
:102360009C2393F7F70F2320F4FE8327C4FDD8475F
:10237000832704FE3357F7028327C4FD98CB01005F
:10238000B250225445618280011122CE00102326D2
:10239000A4FE2324B4FE832784FE99CBB717024002
:1023A000D44BB71702400327C4FE558FD8CB21A8C2
:1023B000B7170240D44B8327C4FE13C7F7FFB717E4
:1023C0000240758FD8CB01007244056182800111F3
:1023D00022CE00102326A4FE2324B4FE832784FEED
:1023E00099CBB7170240944FB71702400327C4FE9A
:1023F000558F98CF21A8B7170240944F8327C4FE6A
:1024000013C7F7FFB7170240758F98CF01007244CA
:1024100005618280011122CE00102326A4FE232410
:10242000B4FE832784FE99CBB7170240D44FB71769
:1024300002400327C4FE558FD8CF21A8B71702400A
:10244000D44F8327C4FE13C7F7FFB7170240758F19
:10245000D8CF0100724405618280011122CE0010A4
:102460002326A4FE2324B4FE832784FE99CBB7172A
:102470000240D447B71702400327C4FE558FD8C780
:1024800021A8B7170240D4478327C4FE13C7F7FF1C
:10249000B7170240758FD8C701007244056182806A
:1024A000411122C6000885473E85324441018280A1
:1024B000411122C60008B737004093870780DE230A
:1024C000139707014183B73700409387078013674D
:1024D000070142074183DAA30100324441018280AF
:1024E000411122C60008B737004093870780DE23DA
:1024F000139707014183B7370040938707803D9BBF
:1025000042074183DAA30100324441018280011174
:1025100022CE0010231604FE231504FE231404FE0D
:10252000231304FE231204FE231704FEB7370040D2
:10253000938707809E2F2316F4FEB73700409387BA
:1025400007809E2F2315F4FE0357C4FE8357A4FE75
:10255000E31EF7FCB737004093870780DE2F231276
:10256000F4FEB737004093870780DE2F2317F4FE71
:10257000035744FE8357E4FEE31EF7FCB7370040E1
:10258000938707809E2F2314F4FEB737004093876C
:1025900007809E2F2313F4FE035784FE835764FEA7
:1025A000E31EF7FC0357A4FE835764FE6306F7029D
:1025B000B737004093870780DE2F2312F4FEB7372A
:1025C000004093870780DE2F2317F4FE035744FE55
:1025D0008357E4FEE31EF7FC835764FE139707015D
:1025E0008357E4FED98F3E857244056182800111D4
:1025F00006CE22CC00102326A4FE5D3D8327C4FE18
:1026000013D70701B73700409387078042074183FC
:102610009AAFB7370040938707800327C4FE42076D
:102620004183DAAF753D0100F2406244056182806A
:10263000011106CE22CC00102326A4FE953D83274F
:10264000C4FEC183139707014183B73700409387C6
:1026500007803D8B420741839AA7B7370040938795
:1026600007800327C4FE42074183DAA7953D010096
:10267000F240624405618280411122C600080100D7
:10268000B737004093870780DE23C207C18393F7E3
:102690000702FDD70100010032444101828001118F
:1026A00022CE0010AA872317F4FEB7370040938785
:1026B0000780DE2393960701C1828357E4FE93C708
:1026C000F7FF139707014183B737004093870780CF
:1026D000758F42074183DAA301007244056182804D
:1026E000397106DE22DC80002326A4FC232404FEAC
:1026F000A30704FE230704FE232204FE83A7818090
:102700002324F4FEB72702409387C702DC3F13F768
:10271000F70FB72702409387C702419B1377F70F44
:10272000D8BFB72702401387C702B7270240938755
:10273000C702583F1377F70FD8BF8347E4FE8507DA
:102740002307F4FEB72702409387C70283C73702E7
:1027500013F7F70FB72702409387C70213672700C5
:102760001377F70FA381E702B72702409387C702C9
:102770009E3393960701C182B72702409387C70211
:102780001167558F420741839AB3B7270240938759
:10279000C7029E3393960701C182B72702409387F1
:1027A000C7026177558F420741839AB30100B7276B
:1027B00002409387C7029E33C207C183C207C18705
:1027C000E3D707FEB72702409387C7029E33C207AD
:1027D000C1832320F4FEB72702409387C70283C733
:1027E000370213F7F70FB72702409387C702759B8D
:1027F0001377F70FA381E702B72702409387C70239
:1028000083C7370213F7F70FB72702409387C70232
:10281000136727001377F70FA381E702B72702405A
:102820009387C7029E3393960701C182B727024060
:102830009387C7021167558F420741839AB3B72721
:1028400002409387C7029E3393960701C182B72740
:1028500002409387C7026177558F420741839AB33D
:102860007D312322A4FE01005D312A87832744FEA7
:10287000E38CE7FEB72702409387C7029E33939607
:102880000701C182B72702409387C7021167558F9E
:10289000420741839AB30100B72702409387C702DA
:1028A0009E33C207C183C207C187E3C707FE010089
:1028B000B72702409387C7029E33C207C183C2076E
:1028C000C187E3D707FEB72702409387C7029E332D
:1028D000C207C1832320F4FE032704FE9167FD177E
:1028E0007D8FB72702409387C70283C7270293F7DC
:1028F000F70FBE86B687BA07958FBA97832684FEF0
:102900001167130707E833C7E602998F232EF4FCFB
:10291000032784FEB797E4FF9387078CB347F7023A
:102920000327C4FD63DEE700032784FEB7771B009F
:1029300093870774B347F7020327C4FD634FF70873
:102940000347F4FE894763EAE7088347F4FE8507F7
:10295000A307F4FE8327C4FD6356F0028327C4FD5A
:1029600013971700832684FEB7C70D00938707BA15
:10297000B3C7F602B347F702850713D7F701BA9733
:10298000858725A08327C4FD13971700832684FE1F
:10299000B7C70D00938707BAB3C7F602B347F7026C
:1029A000FD1713D7F701BA978587232EF4FCB727B5
:1029B00002409387C702BE2793960701C1828327EF
:1029C000C4FD139707014183B72702409387C702CD
:1029D000369742074183BAA7B5B3B727024093871A
:1029E000C702DC3F13F7F70FB72702409387C702F0
:1029F000419B1377F70FD8BFB72702409387C702D1
:102A0000DC3F13F7F70FB72702409387C70213671E
:102A100027001377F70FD8BFB72702409387C70265
:102A200083C7370213F7F70FB72702409387C70210
:102A3000759B1377F70FA381E702B72702409387AF
:102A4000C70283C7370213F7F70FB72702409387F0
:102A5000C702136727001377F70FA381E702B72791
:102A600002409387C7029E3393960701C182B7271E
:102A700002409387C7026177558F420741839AB31B
:102A8000B72702409387C7029E3393960701C182FE
:102A9000B72702409387C7021167558F42074183CA
:102AA0009AB30100B72702409387C7029E33C2073B
:102AB000C183C207C187E3D707FEB72702409387C8
:102AC000C7029E33C207C1832320F4FEB72702400A
:102AD0009387C70283C7370213F7F70FB727024060
:102AE0009387C702759B1377F70FA381E702B72778
:102AF00002409387C70283C7370213F7F70FB72740
:102B000002409387C702136727001377F70FA3814B
:102B1000E702B72702409387C7029E3393960701C7
:102B2000C182B72702409387C7026177558F42075A
:102B300041839AB3B72702409387C7029E33939687
:102B40000701C182B72702409387C7021167558FDB
:102B5000420741839AB3653A2322A4FE0100453A15
:102B60002A87832744FEE38CE7FEB727024093873A
:102B7000C7029E3393960701C182B727024093870D
:102B8000C7021167558F420741839AB30100B727E7
:102B900002409387C7029E33C207C183C207C18721
:102BA000E3C707FE0100B72702409387C7029E33A1
:102BB000C207C183C207C187E3D707FEB727024018
:102BC0009387C7029E33C207C1832320F4FE0327E5
:102BD00004FE9167FD177D8FB72702409387C702D8
:102BE00083C7270293F7F70FBE86B687BA07958F7C
:102BF000BA97832684FE37470F0013070724B3C60E
:102C0000E6021307803E3387E602998F232EF4FCF9
:102C10008327C4FD635FF0020327C4FD9307800C84
:102C20003307F702832684FE9307803EB3C6F6027D
:102C30009307C02EB386F602A567938707CAB3C76A
:102C4000F602B347F702850713D7F701BA978587CE
:102C50002DA80327C4FD9307800C3307F7028326B2
:102C600084FE9307803EB3C6F6029307C02EB38658
:102C7000F602A567938707CAB3C7F602B347F70200
:102C8000FD1713D7F701BA978587232EF4FC832706
:102C9000C4FD6358F008B72702409387C702BE27D8
:102CA000C207C1839583C207C1833E878327C4FDC2
:102CB0003E979307F07F63D6E7060347E4FE894714
:102CC00063F5E702B72702409387C702BE279396B2
:102CD0000701C182B72702409387C702096701171E
:102CE000558F42074183BAA7E5A8B72702409387CB
:102CF000C702BE27C207C183C207C18793F7F70F78
:102D0000139707014187A1678117D98F139707018F
:102D10004187B72702409387C70242074183BAA77A
:102D20003DAB8327C4FD63D50708B72702409387CF
:102D3000C702BE27C207C1839583C207C1833E87EE
:102D40008327C4FDB307F0406354F7060347E4FE4E
:102D5000894763F3E702B72702409387C702BE277C
:102D6000139707014183B72702409387C7027D8BE2
:102D700042074183BAA7ADA0B72702409387C70295
:102D8000BE27C207C183C207C18793F7F70F139706
:102D90000701418785678117D98F139707014187FD
:102DA000B72702409387C70242074183BAA745A9C4
:102DB000B72702409387C702BE2793960701C182B7
:102DC0008327C4FDC207C183960713970701418378
:102DD000B72702409387C702369742074183BAA7B5
:102DE000B72702409387C702DC3F13F7F70FB727D7
:102DF00002409387C702419B1377F70FD8BFB727CD
:102E000002409387C702DC3F93F6F70F8327C4FC89
:102E100013F7F70FB72702409387C702558F137731
:102E2000F70FD8BFB72702409387C70283C737027F
:102E300013F7F70FB72702409387C702759B1377E5
:102E4000F70FA381E702B72702409387C70283C722
:102E5000370213F7F70FB72702409387C7021367AC
:102E600027001377F70FA381E702B7270240938764
:102E7000C7029E3393960701C182B727024093870A
:102E8000C7026177558F420741839AB3B727024043
:102E90009387C7029E3393960701C182B7270240EA
:102EA0009387C7021167558F420741839AB3010088
:102EB000B72702409387C7029E33C207C183C20768
:102EC000C187E3D707FEB72702409387C7029E3327
:102ED000C207C1832320F4FEB72702409387C702AD
:102EE00083C7370213F7F70FB72702409387C7024C
:102EF000759B1377F70FA381E702B72702409387EB
:102F0000C70283C7370213F7F70FB727024093872B
:102F1000C702136727001377F70FA381E702B727CC
:102F200002409387C7029E3393960701C182B72759
:102F300002409387C7026177558F420741839AB356
:102F4000B72702409387C7029E3393960701C18239
:102F5000B72702409387C7021167558F4207418305
:102F60009AB3EFF0CFDA2322A4FE0100EFF02FDABC
:102F70002A87832744FEE38BE7FEB7270240938727
:102F8000C7029E3393960701C182B72702409387F9
:102F9000C7021167558F420741839AB30100B727D3
:102FA00002409387C7029E33C207C183C207C1870D
:102FB000E3C707FE0100B72702409387C7029E338D
:102FC000C207C183C207C187E3D707FEB727024004
:102FD0009387C70283C7370213F7F70FB72702405B
:102FE0009387C702759B1377F70FA381E702B72773
:102FF00002409387C7029E33C207C1832320F4FE99
:10300000032704FE9167FD177D8FB7270240938742
:10301000C70283C7270293F7F70FBE86B687BA07A2
:10302000958F3E978327C4FC8966938606F4B396F2
:10303000F600032684FEB7470F0093870724B347A3
:10304000F602B387F60293D6F74193F6F60FB697DA
:10305000A1878E07B307F740232EF4FC8327C4FD16
:10306000635CF0040327C4FD9307800C3307F70269
:103070008327C4FC8546B397F60093D6F7418D8A23
:10308000B6978987BE869307C02EB386F6020326BD
:1030900084FE9307803EB347F602B386F602A56727
:1030A000938707CAB3C7F602B347F702850713D75A
:1030B000F701BA97858791A80327C4FD9307800C71
:1030C0003307F7028327C4FC8546B397F60093D6EF
:1030D000F7418D8AB6978987BE869307C02EB3863F
:1030E000F602032684FE9307803EB347F602B386BA
:1030F000F602A567938707CAB3C7F602B347F7027C
:10310000FD1713D7F701BA978587232EF4FC832781
:10311000C4FD6358F008B72702409387C702BE2753
:10312000C207C1839583C207C1833E878327C4FD3D
:103130003E979307F07F63D6E7060347E4FE89478F
:1031400063F5E702B72702409387C702BE2793962D
:103150000701C182B72702409387C7020967011799
:10316000558F42074183BAA7EDA8B727024093873E
:10317000C702BE27C207C183C207C18793F7F70FF3
:10318000139707014187A1678117D98F139707010B
:103190004187B72702409387C70242074183BAA7F6
:1031A0007DA88327C4FD63D30708B7270240938710
:1031B000C702BE27C207C1839583C207C1833E876A
:1031C0008327C4FDB307F0406352F7060347E4FECC
:1031D000894763F3E702B72702409387C702BE27F8
:1031E000139707014183B72702409387C7027D8B5E
:1031F00042074183BAA7B5A0B72702409387C70209
:10320000BE27C207C183C207C18793F7F70FC20762
:10321000C18793E7077E139707014187B7270240CD
:103220009387C70242074183BAA715A8B727024070
:103230009387C702BE2793960701C1828327C4FDE7
:10324000C207C1839607139707014183B72702403E
:103250009387C702369742074183BAA719A06FF038
:10326000CFCDF250625421618280757106C722C5AC
:103270004AC34EC1D2DED6DCDADADED8E2D6E6D4F4
:10328000EAD2EED00009232EA4F8232CB4F801478B
:1032900081472324E4FC2326F4FC2320E4FC23229E
:1032A000F4FC232E04FA232C04FA232A04FA83279D
:1032B000C4F9232AF4FA8327C4F99E2BC207C183D9
:1032C0002324F4FC232604FC032784FCB567FD17A4
:1032D0003378F7008327C4FC93F80700232404FD08
:1032E000232614FD832784F9FE233E868146832707
:1032F00084FCD18F2324F4F88327C4FCD58F2326A4
:10330000F4F8832784F80328C4F82324F4FC232644
:1033100004FD035784FC8327C4F99AAB8327C4F9BF
:10332000DE27C207C1832324F4FC232604FC0327E1
:1033300084FCBD679387379FF98F2320F4F8832798
:10334000C4FC818B2322F4F8832704F8032844F873
:103350002324F4FC232604FD832784F9DA2383271E
:1033600084F99E27D98F139707014183832784F916
:10337000BE27D98FC207C1833E8E814E832784FC2E
:10338000B3E7C701232CF4F68327C4FCB3E7D701C6
:10339000232EF4F6832784F70328C4F72324F4FCB0
:1033A000232604FD035784FC8327C4F9DAA7832767
:1033B000C4F9DE2BC207C1832324F4FC232604FCBA
:1033C000032784FCC1679387F7CFF98F2328F4F68E
:1033D0008327C4FC818B232AF4F6832704F7032870
:1033E00044F72324F4FC232604FD832784F9DE27F5
:1033F0003E838143832784FC33EF67008327C4FC2B
:10340000B3EF77002324E4FD2326F4FD035784FC67
:103410008327C4F9DAAB930704FA3E85EFE0FFCDCA
:10342000032744FBB7470140938707806319F700E0
:103430008327C4FA2320F4FC232204FC39A0832729
:1034400084FA2320F4FC232204FC032744FCE547F0
:103450003307F702832704FC8146B387D702B306FC
:10346000F700032704FCE5473306F702B33BF702F6
:10347000328BB3877601BE8B832784F99C438A07FE
:103480002328F4F8232A04F8032604F9832644F9B0
:103490005A85DE85EF10C05A2A87AE87232EE4FABC
:1034A0000327C4FB93074006B357F7029207232470
:1034B000F4FC232604FC8327C4FCF207032784FCC6
:1034C0001359470033E927018327C4FC93D94700E8
:1034D0004A8793074006B307F7020327C4FBB307E5
:1034E000F740232CF4FA832784FB920713872703E2
:1034F00093074006B357F702232CF4FA032784FB03
:10350000BD4763F7E702032684FC8326C4FC4145DC
:1035100081453307A6003A883338C800B387B60020
:10352000B306F800B6872324E4FC2326F4FC2DA080
:10353000832784FB3E8C814C137AFC0093FA0C00A9
:10354000832784FC33ED47018327C4FCB3ED570187
:103550002324A4FD2326B4FD035784FC8327C4F948
:103560009AA70100BA402A441A498A49765AE65A6B
:10357000565BC65B365CA65C165D865D49618280E3
:10358000011122CE00102326A4FE2324B4FE83279B
:1035900084FE85C38327C4FEDE271397070141837A
:1035A0008967D98F1397070141838327C4FEDAA760
:1035B00005A08327C4FEDE27139707014183F9770F
:1035C000FD17F98F1397070141838327C4FEDAA7FC
:1035D0000100724405618280011122CE0010232671
:1035E000A4FEAE872315F4FE8357A4FE93F7F71FBE
:1035F0001397070141838327C4FEDAA301007244B5
:1036000005618280797122D60018232EA4FCAE8732
:10361000231DF4FC232604FE8327C4FD9E23C2073A
:10362000C1830357A4FDF98FC207C18389C78547AA
:103630002326F4FE19A0232604FE8327C4FE3E851C
:10364000325445618280411122C6000803A781805F
:10365000B7177A0093870720B357F70213F7F70FCE
:103660002380E18283C701823E879307803EB307B0
:10367000F7021397070141832391E182010032444D
:1036800041018280797122D60018232EA4FCB7F65E
:1036900000E0D042B7F600E0799AD0C283C601823A
:1036A00036868326C4FDB386C6022326D4FEB7F62B
:1036B00000E00326C4FE3287814798CADCCAB7F708
:1036C00000E09843B7F700E01367070198C3B7F726
:1036D00000E09843B7F700E01367170298C30100B2
:1036E000B7F700E0DC4313F717008547E31AF7FE4E
:1036F000B7F700E09843B7F700E0799B98C3010063
:103700003254456182805D7186C6A2C48008232E32
:10371000A4FA232604FC232804FC8545916713851D
:103720004700EFE0DFCA930700202312F4FE8D4725
:103730002324F4FEE1472326F4FE930744FEBE85CE
:10374000B717014013850780EFE06FDE8327C4FBC6
:10375000232AF4FC231C04FC231D04FC231E04FC6C
:10376000231004FEA147231FF4FC930744FDBE85EC
:10377000B747014013850780CD3C8545B7470140D9
:1037800013850780F53B0100B640264461618280C5
:10379000797106D622D40018232EA4FC232CB4FC65
:1037A000232AC4FC232604FE232604FE81A0010054
:1037B00093050004B747014013850780A135AA8708
:1037C000E5DB832784FD13871700232CE4FC838724
:1037D0000700C207C183BE85B74701401385078034
:1037E000E53B8327C4FE85072326F4FE0327C4FE9A
:1037F000832744FDE34DF7FA832744FD3E85B2500D
:10380000225445618280011122CE00102326A4FE9D
:10381000B707002003A747098327C4FE3E97B727B1
:1038200000209387C70C636FF700B707002003A73A
:1038300047098327C4FE3E97B70701209387078077
:1038400063F4E700FD572DA0B707002003A7470941
:103850008327C4FE3E97B707002023AAE708B707CF
:10386000002003A747098327C4FEB307F040BA9797
:103870003E85724405618280411106C622C400085B
:103880000D45EFE0FFE50100B24022444101828096
:10389000011106CE22CC00102326A4FE2324B4FE60
:1038A0002322C4FE0327C4FE832784FE8A073E86A4
:1038B000BA85032544FEEFC01FA081473E85F24034
:1038C000624405618280011106CE22CC00102326BD
:1038D000A4FE2324B4FE2322C4FEEFE0CFA20325DE
:1038E000C4FEEFE08FA8832544FE0325C4FEEFE06D
:1038F0004FAEEFE0AFA50545713381473E85F240FD
:10390000624405618280597186D6A2D48018856789
:103910001387874B23A4E1825546A5679385C7BAD1
:10392000A5671385472EEFC03FAAAA8799E7A56729
:10393000138547BCEF10606001A0B7270240938752
:10394000C7029443B72702409387C7023707009006
:103950007D17758F98C3B72702409387C70294439A
:10396000B72702409387C70237070030558F98C3A7
:10397000B72702409387C7029443B7270240938733
:10398000C70237070003558F98C3930744FA1306FD
:10399000000481453E85EFC0BF98B707002093879C
:1039A000071E2322F4FA8967938707C02314F4FAC9
:1039B000ED47231AF4FA9547A309F4FA8547230B38
:1039C000F4FAA547230CF4FAB7870708938707C0D2
:1039D0002326F4FA8D472309F4FA91679387078920
:1039E000232EF4FC91679387678C2320F4FE916764
:1039F000938707E82311F4FC9307803E2312F4FC1D
:103A0000B547A30CF4FA9167938767C12328F4FCA8
:103A1000916793878787232AF4FC9307C4F93E852F
:103A2000EFE02FA7A30704FE15A00347F4FE83478A
:103A3000F4FE411722970347C7FAC117A2972386BE
:103A4000E7FC8347F4FE8507A307F4FE0347F4FE73
:103A50009547E3FCE7FC832744FA91C7035784FAB0
:103A600085676373F70001A0930744FA3E85EF2052
:103A70007049AA87A307F4FE8347F4FE91CB8347DE
:103A8000F4FEBE85A567138587BDEF10203701A022
:103A9000854513050004EFE03F8F9307F0032322D1
:103AA000F4FE832744FEFD8B0547B316F70037E786
:103AB00000E0832744FE9583938707048A07BA971B
:103AC00094C30100930700042324F4FE832784FE9B
:103AD000FD8B0547B316F70037E700E0832784FE28
:103AE0009583938707048A07BA9794C3010001005E
:103AF000B650265465618280797106D622D40018AA
:103B0000AA872E87A30FF4FCBA87231EF4FC831721
:103B1000C4FD63D807028347F4FD3E85EFC04FEF35
:103B20002326A4FE8327C4FE89C70325C4FEEF20F5
:103B3000805A8357C4FD3E87E177B98FC207C1839E
:103B400049A08357C4FD858B81CB8357C4FD93C7A0
:103B50001700C207C183B5A00357C4FD8967F98F59
:103B600095C7EF300058093B03C74182B7F7020001
:103B7000138607E089653A85EF20807D8357C4FD71
:103B80003E878967B98FC207C18325A80357C4FD43
:103B90009167F98F95C7A567138587BFEF10E03947
:103BA00083C741821306006491653E85EF20407A09
:103BB0008357C4FD3E879167B98FC207C18311A0A7
:103BC00081473E85B250225445618280411106C62C
:103BD00022C400089167138587AFEF20F02EAA87D3
:103BE0003E872382E182D92C03C74182B7F70200C6
:103BF000138607E089653A85EF20807583C7418287
:103C00001306006491653E85EF2080740100B24088
:103C1000224441018280197186DEA2DC0001232644
:103C200004F8232804F8232A04F8232C04F8232E6C
:103C300004F8232004FA232204FA232404FAB717F1
:103C400002409C4F2326F4FEB7170240DC43232496
:103C5000F4FEB727014093870740DC432322F4FE9C
:103C6000B7270140938707409C472320F4FEB727DE
:103C7000014093870740DC57232EF4FCB72701400F
:103C8000938707409C5B232CF4FCB7270140938764
:103C90000740DC5B232AF4FCB727014093870740E9
:103CA000DC472328F4FCB7270140938707409C4B4F
:103CB0002326F4FCB727014093870740DC4B2324DD
:103CC000F4FCB7270140938707409C4F2322F4FC64
:103CD000B727014093870740DC4F2320F4FCB72728
:103CE0000140938707409C53232EF4FAB7270140E5
:103CF00093870740DC53232CF4FAB72701409387BE
:103D000007409C57232AF4FAB727014093870740BE
:103D10009C5F2328F4FA854513050020EFE02FEB84
:103D20003165EFE00FAAB727014013850740EFD0B8
:103D3000FF84232604F8232804F8232A04F8B7076D
:103D40000E00232CF4F8232E04F885472300F4FA00
:103D50009307C4F8BE85B727014013850740EFD00D
:103D6000FF878545B727014013850740EFD01F9790
:103D70008545B727014013850740EFD03FCD054566
:103D8000EFD03FC49D460546C145B7270140138586
:103D90000740EFD0DF9C8545B727014013850740DA
:103DA000EFD0BF9701008945B72701401385074031
:103DB000EFD03FC6AA87E5DBB72701401385074050
:103DC000EFD07FBEAA872317F4FAB72701401385E7
:103DD0000740EFD0AFFAB71702400327C4FE98CFD1
:103DE000B7170240032784FED8C3B7270140938743
:103DF0000740032744FED8C3B727014093870740F5
:103E0000032704FE98C7B72701409387074003277D
:103E1000C4FDD8D7B727014093870740032784FD07
:103E200098DBB727014093870740032744FDD8DB81
:103E3000B727014093870740032704FDD8C7B7275A
:103E40000140938707400327C4FC98CBB727014064
:103E500093870740032784FCD8CBB727014093877B
:103E60000740032744FC98CFB727014093870740BA
:103E7000032704FCD8CFB7270140938707400327C7
:103E8000C4FB98D3B727014093870740032784FBDF
:103E9000D8D3B727014093870740032744FB98D71F
:103EA000B727014093870740032704FB98DF835718
:103EB000E4FA3E85F650665409618280797106D62F
:103EC00022D40018231704FEA30604FE232E04FCAC
:103ED000232004FE232204FE232404FE8545370507
:103EE0000018EFE02FD30545EFE00F8A0545EFE01E
:103EF0004F970145EFE04F9113050020EFE0EF9958
:103F00000545EFE0CF9BEFE02FF7EFE0EFF605453B
:103F1000EFE00FF2EFE04FF60145EFE04FEDEFE09D
:103F2000AFF5EFF07F959307803E2313F4FE916782
:103F3000938707E82312F4FEFD572320F4FE8967D8
:103F40009387E750232EF4FC9307C4FD3E85EF20B2
:103F50007017AA87A306F4FE8347D4FE89CB834754
:103F6000D4FEBE85A5671385C7BFEF003069010089
:103F7000B250225445618280411122C60008054793
:103F800023A6E18237050200EFD0FFB50945EFE037
:103F90000FF1EFE06FEE0100324441017300203079
:103FA000797122D60018AA87231FF4FC0357E4FD79
:103FB0009307F00363E3E7028357E4FD1397470099
:103FC000A567938707EDBA972326F4FE8327C4FEDF
:103FD000DC4381C78327C4FE11A081473E8532544C
:103FE00045618280411106C622C4000885451145FD
:103FF000EFE0EFBD85452145EFE06FBD85454145CB
:10400000EFE0EFBC854513050002EFE04FBC8147B0
:104010003E85B240224441018280797106D622D485
:104020000018AA87232CB4FC231FF4FC232004FED1
:10403000232204FE232404FE8357E4FD3E858D37AE
:104040002326A4FE8327C4FE99E3F9579DA883275E
:10405000C4FE9E272310F4FE8D472322F4FE03277F
:1040600084FD914763E3E704832784FD13972700CA
:10407000A5679387072DBA979C438287C14723245E
:10408000F4FE35A0930780022324F4FE0DA09307CD
:1040900080042324F4FE21A8930780022324F4FE45
:1040A00039A0D1472324F4FE19A0F95719A8832772
:1040B000C4FEDC43130704FEBA853E85EFD03FC73C
:1040C00081473E85B250225445618280797106D67F
:1040D00022D40018AA87232CB4FC231FF4FC835796
:1040E000E4FD3E85753D2326A4FE8327C4FE9DC7BF
:1040F000832784FDFD1793B7170093F7F70F232449
:10410000F4FE8327C4FED8438327C4FE9E270326DC
:1041100084FEBE853A85EFD0BFE311A00100B25006
:10412000225445618280011106CE22CC0010AA875C
:10413000A307F4FE0347F4FEBD4763E0E7048347AB
:10414000F4FE370700201307070E9207BA97DC43E7
:104150008DC78347F4FE370700201307070E920729
:10416000BA97D8438347F4FEB70600209386060E1D
:104170009207B6979C473E8502970100F240624441
:1041800005618280411106C622C400087311013402
:104190000545EFD0FF8FAA8791C7014569370545CF
:1041A000EFD07F94731101340100B24022444101E9
:1041B0008280411106C622C40008731101340945EA
:1041C000EFD01F8DAA8791C70545B13F0945EFD0B4
:1041D0009F91731101340100B24022444101828059
:1041E000411106C622C40008731101341145EFD0F5
:1041F0003F8AAA8791C709453D371145EFD0BF8E49
:10420000731101340100B240224441018280411106
:1042100006C622C40008731101342145EFD05F8720
:10422000AA8791C70D4501372145EFD0DF8B731168
:1042300001340100B240224441018280411106C68E
:1042400022C40008731101344145EFD07F84AA874E
:1042500091C71145C93D4145EFD0FF887311013425
:104260000100B240224441018280411106C622C4AD
:1042700000087311013413050002EFD07F81AA8773
:1042800099C715454D3513050002EFD0DF8513059D
:104290000004EFD0EFFFAA8799C7194569351305C8
:1042A0000004EFD05F8413050008EFD06FFEAA87EB
:1042B00099C71D458D3D13050008EFD0DF8213051A
:1042C0000010EFD0EFFCAA8799C72145A93D13053F
:1042D0000010EFD05F8113050020EFD06FFBAA879D
:1042E00099C72545893513050020EFD0CFFF7311FD
:1042F00001340100B240224441018280411122C6B2
:10430000000801003244410173002030411122C6EF
:104310000008B7E700E03707EFBE13070708B8C784
:10432000010001A0411122C60008EFC00FEB0100FF
:104330003244410173002030411106C622C40008F6
:104340006D28EFF04FB0F16713850720EFF0AFBB9A
:10435000A5671385472EEF00503EEFF0CFDAEFF060
:10436000FF86493185451305900245399526EFB002
:104370001FE281473E85B2402244410182804111C3
:1043800006C622C40008B71702409843B717024078
:104390001367170098C3B7170240D443B7170240FA
:1043A0003707FFF0758FD8C3B71702409443B7178C
:1043B00002403707F7FE7D17758F98C3B717024085
:1043C0009443B71702403707FCFF7D17758F98C3DA
:1043D000B7170240D443B7170240370701FF7D17D4
:1043E000758FD8C3B717024037079F0098C76D2A4B
:1043F0000100B240224441018280011106CE22CC4C
:104400000010232404FE232604FE232204FE23207E
:1044100004FEB7170240DC43B18B2324F4FE0327CC
:1044200084FEA147630EF702032784FEA14763E9D8
:10443000E712832784FE99C7032784FE9147630A06
:10444000F70039AA37177A001307072023A4E18061
:1044500005A23757E8011307078023A4E18009AAC2
:10446000B7170240D843B7073C00F98F2326F4FE64
:10447000B7170240D843C167F98F2322F4FE832780
:10448000C4FEC98389072326F4FE0327C4FEC5475B
:104490006315F700C9472326F4FE832744FE95EFF2
:1044A000B7470240938707809C43C18B81CF032786
:1044B000C4FEB7177A00938707203307F70223A4B7
:1044C000E18059A00327C4FEB7173D0093870790EA
:1044D0003307F70223A4E18085A8B7170240D84329
:1044E000B707C0007D8FB707C0006313F702EFD096
:1044F0003FFB2A878547631DF7000327C4FEB727C4
:10450000F400938707403307F70223A4E1802DA826
:10451000B7170240D843B7070200F98F81CF0327AE
:10452000C4FEB7173D00938707903307F70223A413
:10453000E18019A80327C4FEB7177A0093870720E4
:104540003307F70223A4E180032704FE85476310A5
:10455000F70283A7818013D7170023A4E18001A865
:1045600037177A001307072023A4E18011A0010068
:10457000B7170240DC439183BD8B37070020130738
:104580000701BA979C2393F7F70F2324F4FE03A7A0
:104590008180832784FE3357F70023A4E180010044
:1045A000F240624405618280411106C622C40008BF
:1045B00031200100B240224441018280011122CE0B
:1045C0000010232604FE232404FEB7170240944360
:1045D000B71702404167558F98C3B71702409843F9
:1045E000B7070200F98F2324F4FE8327C4FE850752
:1045F0002326F4FE832784FE91E70327C4FE856704
:10460000E31DF7FCB71702409843B7070200F98F84
:1046100089C785472324F4FE19A0232404FE032719
:1046200084FE85476312F70A37170240B717024026
:104630005843D8C337170240B71702405843D8C36E
:10464000B7170240D843B717024013670740D8C3D3
:10465000B7170240D443B71702403707C1FF7D1791
:10466000758FD8C3B7170240D443B7170240370736
:104670003D00558FD8C3B71702409443B717024087
:1046800037070001558F98C30100B71702409843C0
:10469000B7070002F98FF5DBB7170240D843B71709
:1046A0000240719BD8C3B7170240D843B7170240E6
:1046B00013672700D8C30100B7170240DC4313F784
:1046C000C700A147E31AF7FE01007244056182802A
:1046D000411106C622C40008956713850783EF10B1
:1046E000B07EAA873E872386E1809567138567950C
:1046F000EF10907DAA873E87A386E18083C7C180A3
:1047000085453E85EF10D03B83C7C180130600640A
:1047100089453E85EF10D04303C7D1808567138656
:1047200007C885453A85EF1070580100B240224411
:1047300041018280011106CE22CC00102326A4FE66
:104740008327C4FE9C233E87C147631BF70283C7B0
:10475000D18089453E85EF10B036A5671385C7D750
:10476000EF00A07D8327C4FE9C233E878327C4FEE1
:104770009C333E86BA85A567138507DB412511A8C2
:104780008327C4FE9C23BE85A567138547DDBD2511
:1047900001000100F240624405618280797106D611
:1047A00022D40018232EA4FC8327C4FD9C233E871B
:1047B000C5476311F706A567138587DEEF00E0772D
:1047C0008327C4FD9C233E878327C4FD9C333E86FC
:1047D000BA85A567138507DB1525A5671385C7E18E
:1047E000312D232604FE0DA00327C4FD8327C4FE1C
:1047F000BA97BC23BE85A567138547E201258327A9
:10480000C4FE85072326F4FE0327C4FEA547E3DD87
:10481000E7FC11A88327C4FD9C23BE85A5671385EB
:1048200047DDE92B01000100B2502254456182802E
:10483000797106D622D40018AA872E87A30FF4FC1C
:10484000BA87231EF4FC8317C4FD63DB070283478A
:10485000F4FD3E85EFB0DF9B2324A4FE832784FE76
:1048600081CB032584FE1D3F032584FEEF10B00697
:104870008357C4FD3E87E177B98FC207C183F9A092
:104880008357C4FD858B8DCB854513059002EFF0D2
:10489000FF8383C7C1801306003289453E85EF1030
:1048A000302BA567138587E2492D8357C4FD93C735
:1048B0001700C207C18359A88357C4FD898B9DCFB8
:1048C000814513059002EFF07F80A567138587E48B
:1048D000AD2583C7C1801306006485453E85EF1072
:1048E000302783C7C18091453E85EF10701D8357E7
:1048F000C4FD93C72700C207C18389A88357C4FD9D
:10490000918BA1C7A567138587E6052D0945EFB0F3
:104910007F8A2326A4FE8327C4FE8DC38327C4FE7B
:10492000414798A38327C4FE1307500598B383C754
:10493000D1808325C4FE3E85EF10807E8357C4FD61
:1049400093C74700C207C18311A081473E85B2507B
:10495000225445618280797106D622D40018AA8734
:104960002E87A30FF4FCBA87231EF4FC8317C4FD23
:1049700063DB07028347F4FD3E85EFB07F89232286
:10498000A4FE832744FE81CB032544FE6533032523
:1049900044FEEF1040748357C4FD3E87E177B98F22
:1049A000C207C18349A88357C4FD858BADC7A947FA
:1049B0002317F4FE8357E4FE8907C207C1833E85AF
:1049C000EFB04FFF2324A4FE832784FE95CF8327D7
:1049D00084FE454798A3832784FE1307700798B386
:1049E000832784FE138727008357E4FE3E86B7079C
:1049F0000020938507023A85FD2683C7C180832561
:104A000084FE3E85EF10C0718357C4FD93C7170025
:104A1000C207C1830DA08357C4FD898B81CFA567D1
:104A2000138587E8192B8357C4FD93C72700C20756
:104A3000C18311A081473E85B250225445618280D6
:104A40003288AA882E87DDEA63F1C510C167636DDD
:104A5000F618B7070001B337F600B307F040E19B43
:104A6000E1073353F60097560000938666899A96BD
:104A7000942213030002B697B306F340630BF300CE
:104A80003397D500B357F5003318D6005D8FB318B0
:104A9000D500135608013355C70293160801C18289
:104AA00093D708013377C702B385A6024207D98F8F
:104AB00063FAB700C2971307F5FF63E4070163EDDC
:104AC000B7303A858D8F33D7C702C20893D8080113
:104AD000B3F7C702B386E602C207B3E8F80063FB88
:104AE000D800C2989307F7FF63E50801791763E3DD
:104AF000D8003E874205598D8145828063F5D500F7
:104B0000814501458280C16763E7F618B707000158
:104B1000B3B7F600B307F040E19BE10733D8F600E6
:104B2000174700001307C77D429718239308000218
:104B30003E973388E8406394E81863E1B62833353C
:104B4000C50013451500814582804DC6C167637F4E
:104B5000F62413370610134717000E07B356E60066
:104B6000974700009387C779B6979C239306000266
:104B7000BA97B38EF640639EF608B387C540935646
:104B8000060142064182854533D5D70213D7080175
:104B9000B3F7D7023303C502C207D98F63FA6700A0
:104BA000C2971307F5FF63E4070163E467223A85C0
:104BB000B387674033D7D702C20893D80801B3F749
:104BC000D7023306C702C207B3E8F80063FBC80088
:104BD000C2989307F7FF63E50801791763E3C800FC
:104BE0003E874205598D82809337061093C7170080
:104BF0008E0785BD81469747000093876770B697FB
:104C00009C23014793060002BA97B38EF640E386D1
:104C1000F6F63318D60133D3F50093560801335E08
:104C2000D30213160801B395D5014182B357F5009D
:104C3000CD8F13D70701B318D5013373D302B30552
:104C4000C603420333676700637BB70042971305CF
:104C5000FEFF636C0717637AB716791E42970D8FB4
:104C60003355D702C207C1833377D7023303A60275
:104C70004207D98F63FB6700C2971307F5FF63E212
:104C8000071563F067147915C29793150E01B38762
:104C90006740C98DD5BD93B7061093C717008E071F
:104CA00033D8F6001747000013078765429718238B
:104CB000930800023E973388E840E380E8E8335EDB
:104CC000E600B3960601336EDE00B3D8E500935ECE
:104CD0000E01B3D7D80313130E01B3950501135377
:104CE00003013357E5004D8F935607013316060134
:104CF000B3F8D803B305F302C208B3E6160163FBA9
:104D0000B600F2969388F7FF63E3C60D63F1B60C25
:104D1000F917F2968D8EB3D5D60342074183B3F6C9
:104D2000D603B308B302C206558F637B170172978F
:104D30009386F5FF6369C70963771709F9157297B9
:104D4000C207C16ECD8F9386FEFFB3F5D70013D394
:104D50000701F18E4182338ED50233071741B30626
:104D6000D30293580E01B385C502B695C695330399
:104D7000C30263F3D500769393D605019A966363D5
:104D8000D7026305D7003E8581458280C166FD1646
:104D900033F7D5004207337EDE00331505017297E5
:104DA000E373E5FE1385F7FF81458280B7070001B5
:104DB0006377F6029356060141475DB38145054589
:104DC00082803A85D9B5B685A5BF2A8E49BDC687EA
:104DD00091B77915C297E9BB7915C297E5B193569A
:104DE00086016147B5BB2A8309CA83830500230076
:104DF00073007D16050385056DFA82805D7122D4EE
:104E000006D62A842EDA32DC36DEBAC0BEC2C2C46E
:104E1000C6C603A5018111C51C4D81E72AC6812B99
:104E200032450C455418228636CEEF00B021B250E0
:104E3000225461618280011126CA06CE22CC4AC862
:104E40004EC652C4AA8419E11C4502901C4D2E89FD
:104E5000ADE3312B9C4C8044B9CF9747000093873A
:104E6000275E631DF404C0407C50858B99E75E2467
:104E700093F7072099E3284CB5255E24A18B99C3AD
:104E80001C48D5E3A28526859D2A51CDFD547C5032
:104E9000858B99E75E2493F7072099E3284CA12599
:104EA000F24062444249B249224A2685D244056111
:104EB000828000455DB726855D2945B7974700008C
:104EC000938707566314F400804479BF9747000026
:104ED00093870753E31AF4F8C04479B71CC4050953
:104EE00063C807021C401387170018C08CA31C441A
:104EF00083450900FD17FDF11CC463D90702228612
:104F0000A94526853D28FD57E302F5F8A94441B798
:104F1000184C63C4E700E39745FD228626851520DB
:104F2000E31735FDA5B7FD59294AD1B71C401387B2
:104F3000170018C0294798A3D1BFAA8503A50181EE
:104F4000DDBD011122CC26CA4AC806CE4EC6AA84AF
:104F50002E89328401C51C4D91E311299747000029
:104F60009387074E6317F402C0401C4C1CC45E2498
:104F7000A18B99C31C4895EFA2852685492015C9A8
:104F80007D59F2406244D244B2494A8542490561A2
:104F90008280974700009387A7486314F4008044F9
:104FA000E9B7974700009387A745E310F4FCC04496
:104FB0006DBF1C4808409379F90F1379F90F1D8DC7
:104FC0005C486346F500A2852685912C55F91C4462
:104FD0000505FD171CC41C401387170018C023804B
:104FE00037015C486388A7005E24858BD9DBA9471D
:104FF000E319F9F8A28526851D2441D551B7411141
:1050000022C426C24AC006C683A401812A892E84EE
:1050100089C49C4C99E32685992E97470000938775
:1050200027426313F402C0408317C40013F78700BC
:1050300025E713F707010DEB25472320E90093E748
:1050400007045EA47D5571A0974700009387473DF4
:105050006314F4008044C9BF974700009387473A20
:10506000E314F4FCC044C9B7918B9DC34C5889C963
:10507000930744046384F5004A85A523232A040288
:105080005E242322040093F7B7FD5EA41C481CC0D5
:105090005E2493E787005EA41C4899EB5E24130707
:1050A000002093F707286385E700A2854A854929F0
:1050B0008317C40013F717001DC3584823240400A6
:1050C0003307E04018CC1848014501E713F70708FB
:1050D0003DF7B2402244924402494101828013F7D5
:1050E0002700814611E3544814C4F1BF8397C500DB
:1050F000011122CC26CA06CE4AC84EC613F7870035
:10510000AA842E8479E3D8416345E000B841635610
:10511000E008585459C3B18303A90400858B23A028
:1051200004000C50A9CB70485E24918B99C75C4059
:105130001D8E5C5899C33C401D8E5C540C508146BA
:1051400026858297FD57630CF5041C4805672322CA
:1051500004001CC05E24F98F91C368C84C5823A07A
:10516000240185CD930744046384F50026859529A1
:10517000232A04021DA00146854626850297FD5775
:105180002A86E313F5FA9C40C5D375476385E7008B
:1051900059476395E70623A024010145B5A098402F
:1051A0008317C40001CFF5466305D700D9466319BC
:1051B000D7041C48232204001CC04DB71848B183F3
:1051C0002322040018C0858B41BF83A90501E38613
:1051D00009FC03A905008D8B23A035013309394152
:1051E000014791E3D84918C4E35920FB1C540C50E3
:1051F000CA864E8626858297634FA0008317C40017
:1052000093E707045EA47D55F2406244D2444249CC
:10521000B24905618280AA993309A940F1B79C4936
:10522000411106C622C426C281EB8144B240224409
:105230002685924441018280AA842E8401C51C4D9A
:1052400091E33522974700009387871F631CF40280
:10525000C0408317C400F1DB7850058B11E793F74A
:10526000072099E3284CBD2C2685A28541357C502A
:10527000AA84858BC5FF5E2493F70720C5FB284CC5
:105280009D246DB797470000938787196314F40036
:105290008044C1B79747000093878716E31BF4FA51
:1052A000C04445BF411122C406C62A844EA572A53A
:1052B00023200500232205002324050023220506C0
:1052C00023280500232A0500232C050021468145BB
:1052D0001305C505FD2C97170000938747855CD003
:1052E00097170000938767871CD497170000938750
:1052F000478B5CD4971700009387A78DB24000D0EE
:105300001CD822444101828097050000938565F1F5
:10531000ADA2411126C2930780069384F5FFB384A2
:10532000F4024AC02E8922C406C6938544075D262E
:105330002A8419C92320050023222501310508C428
:105340001386840681457124B2402285224492440A
:105350000249410182801385C18369A21385C183FB
:1053600059A213850184BDAA13850184ADAA4111F8
:1053700022C406C62A84F5371C4C89C72244B24091
:105380004101DDB797070000938747F81CD4232419
:105390000404232604042328040483A7818163943E
:1053A000870085471CCC22853D2048C022852520CA
:1053B00008C422850D2048C4484001469145DD358A
:1053C00008440546A545F93D48440946C945D93D27
:1053D00085471CCC65B7411126C24AC006C622C407
:1053E0002A89953F83A481819C4C99E32685413786
:1053F000938484048044DC40FD1763D607009C40FE
:10540000B5C38440C5BF0317C40031EBC17785071E
:105410005CC41305840523220406E120813721465C
:105420002320040023240400232204002328040052
:10543000232A0400232C040081451305C405512AA6
:10544000232A0402232C0402232404042326040414
:10545000B2402285224492440249410182801304D1
:10546000840659BF91454A856D3588C02A8451F913
:10547000F535B1472320F900E1BF797122D44AD034
:105480004ECE52CC5AC85EC606D626D256CA2A89F5
:105490002E8A130485048149054BFD5B0444832A4D
:1054A0004400FD1A63D00A0200406DF8B250225445
:1054B00092540259624AD24A424BB24B4E85F2494B
:1054C00045618280DE24637BFB008397E400638771
:1054D0007701A6854A85029AB3E9A90093848406D8
:1054E000C9B78280828082805971A2D42E8483952C
:1054F000E500A6D2CAD086D6B284368963D2050228
:105500005E2493F707088DEB13070040B65026542E
:105510002320F90098C006599654014565618280A0
:1055200030001127E34E05FC3247BD67F98F7977CC
:10553000BA9793B71700C9BF814713070004F9B79B
:10554000DE25797122D406D626D24AD04ECE898B5A
:105550002E8491CF930774041CC01CC885475CC877
:10556000B250225492540259F2494561828074002B
:105570003000AA84953FA2492A892685CE85992A9A
:1055800019E98317C40013F7072079FBF19B93E710
:1055900027005EA4C1B797070000938727D79CD444
:1055A0005E2408C008C893E707085EA4B247232A10
:1055B000340199CB8315E4002685512D11C55E2455
:1055C000F19B93E717005EA45E2433E527014AA40C
:1055D00041BF2A8311C62300B3007D16050365FE73
:1055E0008280D1CD83A7C5FF011122CC06CE1384C2
:1055F000C5FF63D307003E942AC6752D13878184A7
:105600001C43324581EB2322040000C36244F24074
:10561000056175A5637DF4001040B306C400639670
:10562000D7009443DC43B29614C05CC0F9BF3E87F8
:10563000DC4399C3E37DF4FE14433306D700631FB4
:1056400086001040B29614C33306D700E390C7FC1F
:105650009043DC43B29614C35CC34DBF6375C40072
:10566000B1471CC165B71040B306C4006396D700AC
:105670009443DC43B29614C05CC040C341BF8280F7
:1056800041114AC0138941848327090022C426C2DC
:1056900006C6AA842E8489E78145A5212320A90076
:1056A000A2852685B9297D59631A25017D54B2400A
:1056B000228522449244024941018280130435002C
:1056C0007198E30685FEB305A44026851D29E310E5
:1056D00025FFE9BF011126CA93843500F1984AC815
:1056E00006CE22CC4EC6A104B1472A8963F3F40644
:1056F000B14463E2B4064A857D2B9389818483A7F4
:1057000009003E8425E4A6854A859D3FFD572A84ED
:105710006314F50C03A40900A287D5E783290400CC
:1057200081454A85A299F12E6392A90A1C408D04F5
:105730009D8CF198A104B14763F3F400B144A685B0
:105740004A853D3FFD576303F5081C40A6971CC0E2
:105750003DA8E3D004FAB1472320F9000145F24007
:105760006244D2444249B249056182801440858E28
:1057700063C806042D47637DD70204C03307940035
:105780006396870223A0E9005C4014C35CC34A858A
:105790003D231305B4009307440061993307F54096
:1057A000E30FF5FA3A94898F1CC055BFD8C3E9BFFF
:1057B00058406395870023A0E900D1BFD8C3C1BF7B
:1057C000A287404081B73E84DC4381BFB14723209C
:1057D000F9004A85ED2159B704C155BF1C46FD1794
:1057E0001CC663DA0700184E63C5E700A947639437
:1057F000F5006FF00FF51C422E851387170018C2B5
:105800008CA38280011122CC26CA4AC84EC652C43B
:1058100006CE2A89AE893284B304D6007D5A631439
:105820009400014501A80C204E864A85453F050499
:10583000E31745FFF2406244D2444249B249224A4A
:1058400005618280357122CD26CB4AC94EC706CF6D
:1058500052C556C35AC1DEDEE2DCE6DAAA892E84DE
:105860003289B68409C51C4D99E3EFF05FB09747C4
:1058700000009387E7BC6319F40403A449007C503B
:10588000858B81EB5E2493F7072081E7284CEFF0AE
:105890007FC55E24A18B99C31C48ADE3A2854E85CC
:1058A000EFF0EFF521CD7C50858BA9C37D55FA40F3
:1058B0006A44DA444A49BA492A4A9A4A0A4BF65B88
:1058C000665CD65C0D61828097470000938747B580
:1058D0006315F40003A489005DB797470000938720
:1058E00027B2E31EF4F803A4C90051BF5E2493F766
:1058F0000720CDFF284CEFF01FBF4DBF93070002DC
:10590000A304F1029307000302D22305F10226C685
:10591000930B5002974A0000938A8AB4054C294B96
:10592000CA849C2099C363997709B38C2441638D01
:105930002401E6864A86A2854E85E935FD57630730
:10594000F5189257E6973ED29C2063810718FD57C1
:105950001389140002C802CE3ECA02CCA309010476
:1059600082D48345090015465685152EC2479304F7
:10597000190029E513F7070109C713070002A30956
:10598000E10413F7870009C71307B002A309E10474
:10599000834609001307A002638AE602F247CA841D
:1059A00081462546982093851400130707FD6373ED
:1059B000E6068DC63ECE1DA08504A5B7330555412C
:1059C0003315AC00C98F3EC8268961BF32479306A4
:1059D0004700184336C6634807023ACE982093071B
:1059E000E002631CF70498309307A002631AF702E1
:1059F000B2478904138747009C433AC663D3070024
:105A0000FD573ECA1DA83307E04093E727003ACE72
:105A10003EC8E9B7B3876703AE848546BA9759B7DE
:105A2000850402CA81468147254698209385140043
:105A3000130707FD6372E606E9F68C200D4617454D
:105A40000000130565A2A12C11CD97470000938794
:105A5000A7A11D8DC247130700043317A700D98FD4
:105A600085043EC88C20194617450000130505A083
:105A7000138914002304B1021D2435C993070000C3
:105A800095E74247B2471377071009CF91073EC603
:105A90009257D2973ED269B5B3876703AE848546E5
:105AA000BA9761B79D07E19BA107D5B77800970624
:105AB0000000938666D522860C084E85970000006C
:105AC000E7000000FD572A8AE314F5FC7C50858B23
:105AD00081EB5E2493F7072081E7284CEFF0BFA00D
:105AE0005E2493F70704E39307DC1255C9B37800EB
:105AF00097060000938646D122860C084E85E12C3D
:105B0000D1B7411122C42A842E8523A6018406C65A
:105B1000EFD07FCFFD576316F50083A7C18491C3F3
:105B20001CC0B240224441018280411122C42E8413
:105B30008395E50006C6312B634905007C48AA978A
:105B40007CC8B2402244410182805E247D777D176B
:105B5000F98F5EA4FDB7DE25011122CC26CA4AC802
:105B60004EC606CE93F70710AA842E843289B689D2
:105B700091C78395E50089460146ED285E247D772F
:105B80007D17F98F8315E4005EA46244F240CE864F
:105B90004A86B24942492685D244056125A8411169
:105BA00022C42E848395E50006C6E9207D575E2435
:105BB000631AE5007D777D17F98F5EA4B240224419
:105BC000410182800567D98F5EA468C8C5BF8395EF
:105BD000E5003DA0411122C42A842E85B285368677
:105BE00023A6018406C6EFD0BFBAFD576316F500A1
:105BF00083A7C18491C31CC0B2402244410182806A
:105C0000411122C42A842E8523A6018406C6BD2103
:105C1000FD576316F50083A7C18491C31CC0B24031
:105C2000224441018280411122C42A842E85B285FA
:105C300023A6018406C68929FD576316F50083A7AC
:105C4000C18491C31CC0B2402244410182804111F1
:105C500022C42A842E8523A6018406C62529FD5741
:105C60006316F50083A7C18491C31CC0B2402244CF
:105C700041018280411122C42A842E85B285368654
:105C800023A6018406C62929FD576316F50083A7BC
:105C9000C18491C31CC0B24022444101828093F56B
:105CA000F50F2A966314C500014582801C21E38EFE
:105CB000B7FE0505C5BF138581836FF0BF821385CD
:105CC00081836FF05F82797156CA9C49BA8A984580
:105CD00022D44AD04ECE52CC06D626D25AC85EC660
:105CE000AA892E843289368A63D3E700BA872320B3
:105CF000F9000347340401C785072320F9001C403D
:105D000093F7070291C78327090089072320F90029
:105D10000440998891E8130B9401FD5B5C440327D0
:105D20000900998F63CCF40483473404B336F00040
:105D30001C4093F70702A5EB13063404D2854E8569
:105D4000829AFD576303F5041C4011478144998BE7
:105D50006399E7004444832709009D8C63D30400C2
:105D600081441C4418486354F700998FBE9401493C
:105D700069047D5B63982405014509A885465A8618
:105D8000D2854E85829A631E75017D55B25022548C
:105D900092540259F249624AD24A424BB24B45618F
:105DA00082808504A5BF3307D40013060003A30136
:105DB000C7040347540493871600A2978906A3815A
:105DC000E7049DBF85462286D2854E85829AE30EE2
:105DD00065FB050945B7797122D44AD04ECE52CC25
:105DE00006D626D256CA5AC803C88501930780072B
:105DF0002A892E84B289368A63E207039307200634
:105E00009386350463E10703630C081C9307800540
:105E100017360000130606666308F814930424047A
:105E20002301040515A89307D8F993F7F70F5546F2
:105E3000E366F6FE17360000130646668A07B29739
:105E40009C43B29782871C43938425049386470022
:105E50009C4314C32381F50485476DA290411C43E4
:105E6000137506089385470029C19C430CC358400D
:105E700063DF07129305D002A301B40418C4635E64
:105E80000702B307F040173600001306A65E294844
:105E9000B68433F70703FD143297182398A03E8782
:105EA000B3D70703E37707FF85A09C431375060468
:105EB0000CC355DDC207C1875DBF6D9A10C0D1B755
:105EC00090411C43137506089385470001C50CC318
:105ED0009C4331A0137606040CC37DDA9E2313077E
:105EE000F006173600001306E6586310E80C214848
:105EF000A3010404584018C4E34C07F80C40ED9982
:105F00000CC0D9F7B68449F7A147631EF8001C40BE
:105F1000858B91CB58401C4863C7E700930700036B
:105F2000A38FF4FEFD14858E14C85287CE867000B0
:105F3000A2854A85EFF03FD9FD5A6319550D7D556D
:105F4000B250225492540259F249624AD24A424B08
:105F5000456182809C4193E707029CC1130880073A
:105F60001736000013064652A30204050C401C43DA
:105F700013F80508138547006305080008C39C4310
:105F800039A013F8050408C3E30B08FE9E2313F79A
:105F9000150001C793E505020CC099C3414889BFAC
:105FA00018401377F7FD18C0D5BF294891B71736A9
:105FB00000001306264C294835BF90411C43CC49AC
:105FC00013780608138547006306080008C39C433E
:105FD0008CC339A008C3137606049C4375DA8EA3DC
:105FE00023280400B68491B71C43D0418145938691
:105FF000470014C384432685EFF07FCA19C1058D7D
:1060000048C05C401CC8A301040405B71448268698
:10601000CE854A85029AE30455F31C40898B8DE7AF
:10602000B2474844E35EF5F03E8519BF8546568683
:10603000CE854A85029AE30465F185045C443247C3
:10604000998FE3C5F4FEE9BF8144930A94017D5B17
:10605000F5B7411122C42A842E85B285368623A63F
:10606000018406C6A120FD576316F50083A7C184ED
:1060700091C31CC0B2402244410182809307800535
:1060800023A6F1847D5582809307800523A6F184A1
:106090007D5582809307800523A6F1840145828087
:1060A0009307800523A6F1847D55828093078005A0
:1060B00023A6F1847D558280184183A785FF63194B
:1060C000B7001CC1FD5723AC05FE238FF5FE82806F
:1060D000232CF6FEC5BF411122C426C2374402401C
:1060E00006C68324C420232604200F10000009E9DB
:1060F000232694201545B2402244924441018280D7
:106100000347E5FF9307F00F6306F700232694206B
:106110001145D5B7EFB02F9D014523269420E1BF4F
:10612000411126C24AC0B744024006C622C403A990
:10613000C42023A604200F10000089E523A62421F3
:10614000154515A02A8497C7FF1F83C7F7C92E8559
:106150006375F400894763EE8700B53FB747024097
:1061600023A627210D45B240224492440249410111
:10617000828083A785FF99E703C7E5FF9307F00FA8
:106180006308F700893FB747024023A627214DBF88
:10619000238F85FE17C5FF1F1305C5C4EF90FFFFB2
:1061A000A1652285312A014523A624216DBF97C709
:1061B000FF1F23A907C28280C9C1797122D406D6E4
:1061C00026D24AD04ECE01444147B3D78540858B75
:1061D000A5C31205314722953305E50297C7FF1F76
:1061E000938787C903A907008544B3948400C20438
:1061F000C180BE892A990327090011C703254900D8
:106200002EC60297B24531473304E40283A7090042
:106210003E941C4489E72320090023220900B25040
:106220002254A58D02599254F2492E8545618280EF
:106230000504E31CE4F88144DDB72E85828041111A
:106240001397050122C406C626C24AC041872E8480
:10625000635F0700EF90DFFB11C1B53DA1673D8C87
:106260002285B24022449244024941018280EDD904
:10627000AA8701474146B356E440858A8DCE9207EE
:10628000BA97B146B387D70297C6FF1F9386C6BE9B
:1062900003A906008544B394E400C204C1803E997A
:1062A0008327090003254900829723200900232220
:1062B0000900258C75B70507E31FC7FA8144D5BFD0
:1062C000B747024083A6C72023A607200F1000006F
:1062D00017C7FF1F034757B16373E50217C6FF1FB8
:1062E000130606B51317150008423A950357050023
:1062F000D98D2310B50023A6D7200145828023A67F
:10630000D7200D458280B747024083A6C72023A629
:1063100007200F10000017C7FF1F0347F7AC637576
:10632000E50217C6FF1F1306A6B013171500084293
:1063300093C5F5FF3A9503570500F98D2310B50075
:1063400023A6D7200145828023A6D7200D45828031
:10635000797126D24ECEB744024006D622D44AD016
:1063600052CC56CA5AC85EC683A9C42023A60420AC
:106370000F10000097C7FF1F83C717A7637AF500A8
:1063800097C7FF1F938787AA83AB070063970B000C
:10639000B747024023A63721A9A017CBFF1F130B35
:1063A0002BAE832A4B00B74736FE938707C82E8A49
:1063B00097C5FF1F83D545ADBE9AB387C5022A8412
:1063C00032898146B3B5C50213850732B337F5006C
:1063D00013060064BE95EFE0AFE663F0AA0223A6C1
:1063E00034210145B250225492540259F249624A72
:1063F000D24A424BB24B45618280829B97C5FF1FB8
:1064000083D585A8B3872503AA8413060064814633
:10641000B3B5250313850732B337F500BE95EFE01A
:106420002FE2B3079500BE8403274B0063E4A70067
:1064300063E4E700B384E740D2852285EF907FE5EF
:1064400001C904C5B747024023A63721054559BFF6
:10645000936504F0C205C1814145EFA0FFD919E958
:1064600097C7FF1F9387479DDC5B9DD3A28511458E
:10647000829739BF97C7FF1F9387C79B9C439DE3B4
:1064800097C7FF1F23A8A79A85472326050004C5A1
:106490002311450123008500A300F50023220500F8
:1064A00055B7BA87D84775FFC8C7F9BF011122CCC5
:1064B00026CA4AC84EC6B747024006CE03A9C7201F
:1064C0002A84AE89B28423A607200F100000493524
:1064D0002285CE85EF90FFDB2A8405C597C5FF1F77
:1064E00083D5859AB3879502130600648146B3B5B8
:1064F000950213850732B337F500BE95EFE04FD410
:1065000048C013351400F2406244B747024023A646
:106510002721D2444249B2490E050561828001110A
:1065200022CC4AC84EC6B747024006CE26CA83A927
:10653000C7202A892E8423A607200F100000EF9081
:106540005FD5AA8419C123110500A2854A85EFF001
:106550009FDB97C7FF1F83C72789639B270197C7C7
:10656000FF1F83D7678C5D8C97C7FF1F239E878A89
:10657000B747024023A63721014591E01945F24073
:106580006244D2444249B24905618280411106C643
:1065900097C7FF1F23A4A78E0295B24097C7FF1F7E
:1065A00023A0A786014541018280411151468145C2
:1065B00017C5FF1F1305058606C697C7FF1F23AB28
:1065C000078697C7FF1F23AB078A97C7FF1F23AF15
:1065D0000784EF90FFD413068002814517C5FF1F83
:1065E00013058580EF90DFD3EF20803E97C7FF1F14
:1065F00083C7D78513D527008D8B3E958D473305EF
:10660000F502854539051375F50F97B7FF1F238EE2
:10661000A77C99473305F50213050524EFA0DFBDDC
:1066200017C7FF1F232AA78449CD994717B6FF1F15
:106630000346A67B3306F602814513060624EF9037
:106640003FCE97C7FF1F938727839C4393870724D9
:1066500017B7FF1F232EF77A17B7FF1F0347E778F7
:106660000A07BA9717B7FF1F2324F77CEFF03FB450
:10667000892E97B7FF1F9387A779944397B7FF1F7A
:1066800083C79776139727003697170600001306DF
:10669000E6B210C3138717001377F70F0A07369770
:1066A000170600001306E6B910C3138737008907E1
:1066B00093F7F70F8A0797B5FF1FA387E572B69781
:1066C00090C3B2404101828097B7FF1F83C7D77143
:1066D00017B7FF1F0347677163F3E70217B7FF1F81
:1066E0001307077318439386170017B6FF1FA30DF0
:1066F000D66E93962700369708C33E85828093070F
:10670000F00FE5BF1C41638D071241777D8FB706FF
:10671000002089476317D712035745006303071208
:10672000411122C419462A849305F00F610506C65B
:10673000EF907FD105478D47630FE50E1C4491C74D
:10674000185C99476DCB585C7DC7130600048145E2
:1067500017B5FF1F1305456EEF909FBC130600048D
:10676000A28517B5FF1F1305256DEF90DFB417B78E
:10677000FF1F0357276D97B7FF1F9387E76B19E735
:106780001307001097B6FF1F239EE66A17B7FF1F77
:106790000347676B11E7054797B6FF1F2385E66A36
:1067A00017B7FF1F0357476A11E76D4797B6FF1FDB
:1067B000239CE66817B7FF1F0347F76811E71547E3
:1067C00097B6FF1FA381E66817B7FF1F0347E76768
:1067D00011E7054797B6FF1F2389E66617B7FF1F26
:1067E0000347B76619E703C7F70097B6FF1FA38EE5
:1067F000E66417B7FF1F0347676511E7254797B69C
:10680000FF1F2385E6640347640119E71307C003EC
:1068100097B6FF1F238DE662DC5791C7829797B723
:10682000FF1F2397A75CFD5717C7FF1FA30AF78613
:10683000EFF0BFD78147B24022443E8541018280BC
:1068400089473E85828001114EC697B9FF1F938903
:10685000296383A7090006CE22CC26CA4AC852C49F
:10686000829713090064B335250303DA8900814652
:10687000528633052503EFE0AF9C97B7FF1F938740
:10688000A756804FAA84014563069402338584404D
:10689000636E940003A5490052868146B335A90270
:1068A0003305A902EFE0CF99018D269597B7FF1F19
:1068B00023A89754F2406244D2444249B249224A42
:1068C0000561828097B7FF1F23A4075C97B7FF1F5E
:1068D000938787569C5B011106CEAA8581C72AC67D
:1068E0008297B245C9CD9C410545D9C7DC41C9C78E
:1068F00083D78500D1C383D7A500BDCF83C7C5008B
:1069000081CF97B7FF1F83C7775413F73700898369
:10691000BA9709476342F706414617B5FF1F1305AB
:106920002556EF905F9997B7FF1F938767559C4354
:1069300017B7FF1F232CF74E97B7FF1F83C7375199
:106940008DE79307805717B5FF1F0355E5533305B0
:10695000F50237460F001306062481468145EFE015
:106960002F8E97B7FF1FA384A74E170500001305AE
:10697000C5EDEFF0BFC10145F2400561828097B7D8
:10698000FF1F23A1074897A7FFFF9387C7FE17B7ED
:10699000FF1F2327F74E7D5797B7FF1F23A4E74E0E
:1069A000B7873200938727A197B6FF1F23AEF64C17
:1069B00097B7FF1F238C074CB747024023A4E72655
:1069C0009DB7011122CC17B4FF1F1304E4460844FD
:1069D00006CE26CA4AC801E90545F2406244D244BF
:1069E0004249056182801C5CE5DB585C75D770000C
:1069F000854582971844B247E300F7FE9305E0040B
:106A000017B5FF1F03550544EFA00FFF17B7FF1F72
:106A1000232CA73E71D117B6FF1F0356A64293053C
:106A2000F00FEF90FF8F814417B9FF1F1309C93B87
:106A300097B7FF1F83C727410326090263CFF400DE
:106A40003285EFA05F8A014597B7FF1F23AE073A53
:106A500097B7FF1F23AC073A49B797B5FF1F83D5F8
:106A6000653EB38795020844585C898185043E954C
:106A700008C2029775BF97B6FF1F83C6D655154744
:106A8000638BE60097B7FF1F9387875403C7770090
:106A90008D46639FE60097B7FF1F83C7F753639246
:106AA00007149307601017B7FF1F2317F752828050
:106AB000411122C426C24AC006C683C7770097B4D4
:106AC000FF1F938464539C4017B7FF1F1307873C35
:106AD0000324070823A20706096798C7194597B733
:106AE000FF1F2389074E17B9FF1F1309A94DC52999
:106AF00003270900B7C7898E938767ED1CC7B7576F
:106B00005500938757555CC3834724021307F00F42
:106B10006387E700A300F402FD572301F402034555
:106B2000140289476303F500014598400146930527
:106B3000F00F5C4393E717005CC3930710FA23053B
:106B4000F400994717B7FF1FA307F74897B7FF1F30
:106B500023800748992417B7FF1F1307274F1443B3
:106B6000DC56F59BDCD683479400032609003A8463
:106B700093F6F7071C4293F707F8D58F1CC297B717
:106B8000FF1F83C7A73081CB97B7FF1F93870743AA
:106B90008843EF90BFBB03270900B70633001C43AF
:106BA00093F7F7E71CC31C4393F7F7E793E7071046
:106BB0001CC31840B24022441C470249D58F1CC751
:106BC0009C40130790059244B8CB17B7FF1FA3034F
:106BD000074017B7FF1FA30D073E054798C34101A4
:106BE0008280828097B7FF1F9387C73D9C43B7067B
:106BF0008000371601809843130686EC558F98C3A2
:106C00009843B7060010558F98C31307001DD8DBB3
:106C100017B7FF1F0347872393169701D18ED4D749
:106C2000D457370600821377F7037D166607F18E77
:106C3000558FD8D7370709001307370898D38280B4
:106C400097B7FF1F938747389C4399CB944BD04B02
:106C50009842518F98C294439C479842D98F9CC2C6
:106C600097B7FF1F9387073617B6FF1F1306C6385F
:106C700005489C4317B7FF1F03472736144263128A
:106C80000505884375787D183375050188C3C846A6
:106C9000F977FD17E98FDCC601000100144289670E
:106CA000AD059CC6930700F817B6FF1F2304F63204
:106CB000939725009305E709BE958605ECD2C8C6D3
:106CC00082807578137325009308F8FF630B03081F
:106CD00003A8070089050D433378180189683368D4
:106CE000180123A0070151781307E70B8E057D18C3
:106CF0006311650488433375050111683365050127
:106D000088C3C846F977FD17E98FDCC6010001008A
:106D10001C42930600F89385750D23A4170117B63E
:106D2000FF1F2309D62A8605BA958605ECD3C8C766
:106D3000828088433375050188C3C846F977FD17FB
:106D4000E98FDCC6010001001C42930600F8938520
:106D5000A50423A4170117B6FF1F230DD6268E0501
:106D6000E1B788430568337515013365050188C3AC
:106D7000C846F977FD17E98FDCC6010001001C4207
:106D80008966A90594C7930600F817B6FF1F230369
:106D9000D6248E051307E70941BF97B7FF1F9387D6
:106DA000A7229C4389CFD44303A887009842336726
:106DB000070198C2D447DC4B9842D98F9CC297B741
:106DC000FF1F9387272097B6FF1F83C626201377C0
:106DD00025009C43858A2DCB984375757D15698F59
:106DE0000965498F98C3370709001307670898D3C7
:106DF000372730084517D8CB37170300130797619B
:106E000098CF0D671307E78D98D7376700011307F1
:106E10000731D8D337A73F0099E237A734001307CB
:106E2000F74D9E0598CB9385453697B7FF1F23A94D
:106E3000B71A11C6060697B7FF1F23A3C71A97B73D
:106E4000FF1F2389071882803707090013073708B7
:106E500098D33727100813071790D8CB371703009C
:106E60001307476298CF0D671307E78B98D73767EB
:106E7000000113070731D8D385C637A73F00130792
:106E8000E72C98CB75779306F7FF9843054895054F
:106E9000758F631C050198C38E059385C50371B773
:106EA000372732001307072DE9BF8566558F98C332
:106EB0009205E5B7411106C617B7FF1F0347C71173
:106EC000A1476310F70497B7FF1F83C72713858B6C
:106ED00017B6FF1F0346B61497B6FF1F83C62614C6
:106EE000BDC797B7FF1F93876713C8432DC183455D
:106EF00015000905192111C5854717B7FF1FA30DF7
:106F0000F70C17B7FF1F0347270D9947631DF700BD
:106F100097B7FF1F938707F883A7070883C7B700B2
:106F200095CBEFF05FB517B7FF1F0347E70A9D4703
:106F30006312F70297B7FF1F9387C7F583A7470927
:106F400083C7770081CBB24041016F10F02F81459C
:106F500001454DB7B2404101828017B7FF1F1307AB
:106F6000A7091C43B44BE19AB4CB944393E6860043
:106F700094C39C438D83858B89C701000100010068
:106F8000010097B7FF1F9387E70394439C4293F751
:106F9000F7E793E707089CC297B7FF1F9387070B94
:106FA0009043B706CEFFFD161C46F58F1CC61C434A
:106FB00023A8070497B7FF1F938707019C4399CB2A
:106FC000D44390479842518F98C2944BDC4B9842DF
:106FD000D98F9CC297B7FF1FA38F07FE82804111F4
:106FE0004AC0B747024006C622C426C203A9C7202A
:106FF00023A607200F10000097B7FF1F9387C7FF36
:107000009C439C438D8BB5C717B7FF1F0347B7FC45
:107010008D47AA8417B4FF1F130484FB631BF7007A
:1070200097B7FF1F938787FD9C4B014681454545D8
:10703000829719476399E40497B7FF1F83C7D7F96D
:1070400099CB97B7FF1F83C727F96396970097B728
:10705000FF1FA38307F88347740021476318F700D5
:107060009307801017B7FF1F2318F7F6238A0182B2
:10707000ED35B2402244B747024023A6272192446F
:107080000249410182809D47639FF40097B7FF1F2B
:1070900083C797F4E9D317B7FF1F0347E7F38D477B
:1070A000E31BF7FA6DB783467400630BD700034701
:1070B00074006387E700834774002147E318F7FAF9
:1070C00097B7FF1F83C757F1D5F38347740017B7EE
:1070D000FF1F2303F7F0854717B7FF1FA30EF7EE37
:1070E00071B717B7FF1F034717EF91476307F70EF5
:1070F00017B7FF1F1307C7ED03477700638FE70C30
:1071000097B7FF1F9387C7EB0111984322CC3744F1
:10711000024006CE26CA4AC84EC652C4930704305F
:107120006315F70A8329C420232604200F100000CA
:107130003545753517BAFF1F130ACAE883270A00B9
:10714000F576FD16984317B9FF1F130929F097B478
:10715000FF1F938464EA758F8566558F98C39843A3
:10716000B70633001377F7E798C398431377F7E729
:107170001367071098C3032709001C47D58F1CC746
:107180009C401307D005B8CBEF00902EEF105000B5
:10719000EF003021EF00302A03270A001C4393F749
:1071A000F7E793E707081CC3832609003707CEFFDC
:1071B0007D179C46F98F9CC69C4023A8070497B76F
:1071C000FF1FA38A07E023263421F2406244D24401
:1071D0004249B249224A05618280828097B7FF1FE7
:1071E000938787E19C431307C0089306C006D8CB5A
:1071F000D4CFD8D31306C003D0D7D8DBD0DFF8C3A1
:1072000017B7FF1F1307C7DC5853F4C7F8DB4167F4
:107210007D1798C73D673D07D8C7828097B7FF1F86
:107220009387C7E2984317B6FF1F130626DD97B76B
:10723000FF1F938727D994438347160013F8F70756
:10724000D9C588425C42137505F83365050188C2CB
:1072500013F5150001C993F5050341456386A5069D
:10726000938787C14C574168130808A093E5250010
:107270004CD7B3D50703B70810FEFD18B3F70703C3
:10728000FD89139545016C43B3F51501C98D6CC398
:107290009305A00F3705FCFFAA07B3D7B7026C43CD
:1072A000E98DBA07B983CD8F7CC383470600898BEC
:1072B00099CB9C4293F7F70713E707049C4293F797
:1072C00007F8D98F9CC282809387078361BF5C5780
:1072D000F59B5CD79C4293F707F8B3E707019CC284
:1072E000E9B7411106C697B7FF1F238007D4EFF017
:1072F000DFC6B24001454101828079714AD0B7476B
:10730000024006D622D426D24ECE52CC56CA03A96B
:10731000C72023A607200F10000017B4FF1F130477
:10732000E4CD184409EF23A627210545B250225485
:1073300092540259F249624AD24A4561828017B793
:10734000FF1F130727B50327870A09C723A627218D
:107350000945E9BF83470400328AB689858B2E86AA
:10736000AA8AB9CF97B4FF1F938444CBDC4085E34E
:1073700017B5FF1F034555CA2EC60905930590048E
:10738000EF909FE7324697B7FF1F23ABA7C8DC40BB
:1073900099E7B747024023A627210D4541BF17B7FC
:1073A000FF1F0347C7C72380E700DC40638C0A0444
:1073B00031CAA380C700C840D6850905EF80BFEF5A
:1073C00017B7FF1F034737C19547630CF70097B7FF
:1073D000FF1F83C767C019476385E7000D476396A2
:1073E000E70297B7FF1F83C737BF99E7930780105E
:1073F00017B7FF1F2312F7BEB747024023A6272166
:1074000001452DB7A380070065BF97B4FF1F938484
:10741000A4BE9C4098430D8B15C3238A0182B84BB0
:10742000619BB8CB98431367870098C39C438D83B7
:10743000858B89C701000100010001009C4009679C
:1074400097BAFF1F938A8ABD23A2070698C797B7EA
:10745000FF1F238107B897B7FF1F83C7E7BC918B36
:1074600089EB97B5FF1F83C565B993F7050463984A
:107470000710814517B5FF1F034555B8EFF01FDA18
:1074800017B5FF1F034585B71185014697B5FF1F47
:1074900083C585B80D89EFF05F9017B7FF1F1307FD
:1074A00067B214441C4394C75444D4C394408347E4
:1074B00004003A8413F61700DC42F99BD18FDCC23A
:1074C00083A74A00BCDA97B7FF1FA38A47B597B7CF
:1074D000FF1F238637B583C7EA0093E7470097B6B7
:1074E000FF1F2384F6B49307000497B6FF1F238180
:1074F000F6AEA14797B6FF1FA38FF6AC97B7FF1F55
:1075000093878793DC5791CB13060064C14517B569
:10751000FF1F0345A5B1EFE0BFE39C401705000046
:1075200013056530DC43858B89E7170500001305DB
:107530000506EF90AFA11840B70633001C4393F740
:10754000F7E71CC31C4393F7F7E793E707101CC347
:1075500097B7FF1F938787AF98431C47D58F1CC7EA
:107560009C4013079005B8CB17B7FF1FA30407A6CD
:1075700017B7FF1FA30E07A4054798C3B5BD93F522
:10758000050393E515004840D5BD011197B7FF1FCE
:1075900083C717A406CE22CC26CA4AC8858B17B744
:1075A000FF1F1307E7A26380072497B7FF1FA3817C
:1075B00007A23A84A30701004453EFF09FD297B784
:1075C000FF1F83C767A6918B97B6FF1F938606A5FB
:1075D00017B9FF1F130989A26386071A83C714000E
:1075E000A69703C7070093070008631AF7008347AD
:1075F000090093E7870017B7FF1F2301F7A05C4C32
:107600000D47637BF710F11717B7FF1F2320F79E75
:107610005C4C984663E9E7103387E74083C7140062
:1076200003C6C600A69783C71700620661868E0749
:10763000635C061063F0E7101D8F9306000263EB96
:10764000E600584C636BF70EB307F74017B7FF1F00
:10765000232AF79C894517B5FF1F0345259DEFE0B9
:107660003FC683470900A18B6389071097B7FF1FA7
:107670009387879894439307800C1307F00FFCD2ED
:107680001C5037063300014598C397B7FF1F23826C
:10769000079497B7FF1FA38E079297B7FF1FA38B7F
:1076A000079297B7FF1F2387079297B7FF1F93870C
:1076B000679198431C4393F7F7E71CC31C4393F768
:1076C000F7E793E707101CC397B7FF1F9387079847
:1076D000984397B5FF1F83C5659291851C478D8997
:1076E000D18F1CC79307A005BCCA0546EF902FCCCD
:1076F00083470900DD9B17B7FF1F2301F79097B65B
:10770000FF1F83C6C69117B6FF1F034656918145DA
:107710000145EFF09FBED1A017A7FF1F13074776C3
:107720005843BA97CDB517A6FF1F1306667550428A
:10773000B297DDB53387E74009B797A6FF1F938659
:107740002674D442369709B7584C6361F702B307E1
:10775000F74017B7FF1F2327F78C83C7C60093E7AF
:10776000070817B7FF1F2301F78CEDB517A6FF1FFA
:107770001306067150423297D9BF83C71400F91718
:10778000A380F4004850814681451306F100EF9034
:107790004FB95C50931585019306F00F03C707009E
:1077A000E185630CD70097B7FF1F83C757876386B0
:1077B000D7006304F70093E525008307090063C73A
:1077C000070089E58347F1002380F400832709013E
:1077D000505093F5F50F0D458297F2406244D24424
:1077E00042490561828097B7FF1F9387E7809C43DA
:1077F000FC5399EFEFF0FFAE97A7FF1F9387C76386
:10780000DC5BE38E07EE8545130510088297C5BD46
:10781000834777002147E312F7FC8547238AF182EB
:107820006DBF797197A7FF1F83C7877A06D622D4C9
:1078300026D24AD04ECE52CC858B17A7FF1F1307F6
:107840002779638207260329470281461306F10040
:1078500081454A853A84A307010097A7FF1F238922
:107860000776EF900FAC131A8501135A8A41631201
:107870000A0297A7FF1F83C7977A9306F00F638AC0
:10788000D7005850034707006305D7006303F7008C
:10789000094A97A4FF1F938464768387040097A9FD
:1078A000FF1F9389A97763C6071463160A148347D9
:1078B000F1002300F90083C7C900918BD1CB5C4C48
:1078C0000D47637DF716F11717A7FF1F2320F772E7
:1078D0005C4C03A7890063EAE7163387E7408347D8
:1078E000190083C6C900CA9783C71700E206E1865C
:1078F0008E0763DD061663F1E7161D8F93060002FF
:1079000063EBE600584C636CF714B307F74017A716
:10791000FF1F2329F770894517A5FF1F0345057130
:10792000EFE01F9A834719003307F90083460700E9
:10793000130700086395E6161C501307F00F98C351
:1079400083C7040093E7870017A7FF1F2308F76A80
:1079500097A7FF1F9387876F98435C578583858B15
:10796000A1C3DC40C165938505A0B3D6B702370536
:1079700010FE7D15B3F7B702FD8A139646017443D6
:10798000E98ED18E74C39306A00F3706FCFFAA07B9
:10799000B3D7D7027443F18EBA07B983D58F7CC3AE
:1079A00083A7490017A5FF1F03454565118583C5BA
:1079B00017000D89EFF0CFA8170500001305251358
:1079C000EF80DFD897A7FF1F9387C75F9C43B70659
:1079D00080009843558F98C3D857719BD8D783C7D9
:1079E0000400A18BA1E79C48505081450D4582972A
:1079F00035A8E3020AECEFF04FD69C4850500D45F5
:107A00009375FA0F829703A5490017A6FF1F034637
:107A1000166197A6FF1F83C6866009C583451500BA
:107A2000090519A081450145EFF03F8DB250225460
:107A300092540259F249624A4561828017A7FF1F9A
:107A4000130707445843BA97BDBD97A6FF1F9386F7
:107A50002643D442B69751B53387E74045B597A63C
:107A6000FF1F9386E641D442369745B5584C636173
:107A7000F702B307F74017A7FF1F2325F75A83C75D
:107A8000C90093E7070817A7FF1F230FF75861B531
:107A900097A6FF1F9386C63ED4423697D9BFF917E3
:107AA000A300F90075B597A7FF1F9387E7549C4380
:107AB000FC539DE3EFF0FF8297A7FF1F9387C73723
:107AC000DC5B89C7894513051008829797A7FF1FBC
:107AD0009387C754C84315BF834777002147E317EF
:107AE000F7F48547238AF18291B7411197A7FF1FC9
:107AF00083C7174E06C622C4858B8DCB97A7FF1F61
:107B0000A388074CEFF0EFFD97A7FF1F9387074F60
:107B100003C707003E84218B21E303A3070101462D
:107B2000814511452244B2404101028397A7FF1FBE
:107B30009387874C9C43FC53ADE397A7FF1F938724
:107B4000E74B03C707003E84218B19E703A3070116
:107B5000014681455145F9B797A7FF1F9387074C09
:107B6000C84317A6FF1F0346964B97A6FF1F83C661
:107B7000064B0DC1834515000905EFF00FF883474B
:107B80000400DD9B17A7FF1F230AF746B2402244DB
:107B90004101828081450145CDB78547238AF18225
:107BA000F5B717A7FF1F1307674A1C4341767D16D9
:107BB000B44BF18EB4CB944737062000D18E94C7D6
:107BC000D44793E60601D4C7D447BD9AD4C7010071
:107BD00001000100010014430566DC4693E707013C
:107BE000DCC6DC42D18FDCC297A7FF1F9387C7405A
:107BF0009043930700057CD27C5291C783A7C609A6
:107C0000A183858BF5DB01000100010001001C430D
:107C1000416603A7C709B44BD18EB4CB9376F70165
:107C2000B84B019B558FB8CB9847B706E0FFFD16C0
:107C3000758F98C7828097A7FF1F938727419C4322
:107C400041777D17B44F4166F98EB4CF9447D18EFA
:107C500094C7D44793F6F6EFD4C7D443758FD8C3EF
:107C6000D44793E60610D4C7D843518FD8C3828037
:107C7000397122DC17A4FF1F1304443D1C4006DEAB
:107C800026DA4AD84ED652D456D25AD05ECE62CCDC
:107C900066CA6AC86EC6D843FD76FD161377F7EF3D
:107CA000D8C39857758F98D7D857B70602003D9B11
:107CB000D8D79847558F98C7D84313670701D8C3BB
:107CC00017A7FF1F1307073814433757341213073A
:107CD0008767E389E64AD84381749384F40F799BDC
:107CE000D8C3985FB166938606F0658F558F98DF8D
:107CF000D84313671700D8C3EF906FCC1C4003A77D
:107D000007091377F703238BE18203A74709298328
:107D10001377F707A38BE182D843B9669386067081
:107D2000799BD8C3985F658F558F98DFD8431367C9
:107D30001700D8C3EF90AFC81C4003A707091377FB
:107D4000F70397A6FF1FA385E63003A747092983FA
:107D50001377F70797A6FF1F2388E62ED843B5664B
:107D600093860630799BD8C3985F658F558F98DFCF
:107D7000D84313671700D8C3EF906FC41840832708
:107D8000070993F7F70397A6FF1F2383F62C832792
:107D90004709A98393F7F70717A7FF1F2302F72ABD
:107DA0001C4017ACFF1F034CAC2A83C6618303A79A
:107DB000070AB386864113F6F600419B518F23A034
:107DC000E70A130760023387E6021306700283A5F1
:107DD000070A7D7E130EFE0F93F5F5F013054002A2
:107DE00045737D13130430023347C702B708F1FF10
:107DF000FD1813082002930E10027D4FF94FF54233
:107E0000F1436D4DD14B454BBD443949314AAD4AE3
:107E1000B5493D8B12074D8F9305500223A0E70A09
:107E20003387B60283A5070AB3F5C5013347C702F6
:107E30003D8B22074D8F23A0E70A3387A60283A537
:107E4000070A370500F17D15B3F565003347C70212
:107E50003D8B32074D8F23A0E70A3387860283A527
:107E6000070A6144B3F515013347C7023D8B42074A
:107E70004D8F23A0E70A3387060383A5070A370837
:107E800010FF7D18B3F505013347C7023D8B52073C
:107E90004D8F23A0E70A3387D60383A5070AB70EC1
:107EA0000010FD1EE98D3347C7023D8B62074D8FE1
:107EB00023A0E70A139756003347C7029315C7015B
:107EC00003A7070A3377D7014D8F23A0E70A33872B
:107ED000E6035D4F3347C7029375F70003A7470AD0
:107EE000419B4D8F23A2E70A3387F60383A5470AF8
:107EF000D94F93F5F5F03347C7023D8B12074D8FED
:107F000023A2E70A3387560283A5470AD542B3F571
:107F1000C5013347C7023D8B22074D8F23A2E70AD5
:107F20003387760283A5470ACD43B3F5650033470F
:107F3000C7023D8B32074D8F23A2E70A3387A60382
:107F400083A5470A494DB3F515013347C7023D8B59
:107F500042074D8F23A2E70A69473387E60283A5CC
:107F6000470AB3F505013347C7023D8B52074D8FD2
:107F7000E54523A2E70A3387B60283A5470AE98DC0
:107F80003347C7023D8B62074D8F23A2E70A338731
:107F900086020D443347C7029315C70103A7470A5A
:107FA0003377D7014D8F23A2E70A3387E603254FA6
:107FB0003347C7029375F70003A7870A419B4D8F8C
:107FC00023A4E70A3387F60383A5870A9D4F93F519
:107FD000F5F03347C7023D8B12074D8F23A4E70A04
:107FE0003387560283A5870A9942B3F5C501334703
:107FF000C7023D8B22074D8F23A4E70A3387760300
:1080000083A5870AB3F565003347C7023D8B320766
:108010004D8F23A4E70A3387760283A5870A954309
:10802000B3F515013347C7023D8B42074D8F23A49B
:10803000E70A3387A60383A5870A294DB3F505010F
:108040003347C7023D8B52074D8F23A4E70A33877E
:10805000660383A5870AE98D3347C7023D8B620714
:108060004D8F93954600B3C5C50223A4E70A03A725
:10807000870A3377D701F2054D8FB385960223A483
:10808000E70A03A7C70A419BB3C5C502BD894D8F47
:1080900023A6E70A3387260383A5C70A93F5F5F0DD
:1080A0003347C7023D8B12074D8FB3C5860223A607
:1080B000E70A03A7C70A3377C701BD89A2054D8F19
:1080C00023A6E70A3387460383A5C70AB3F56500ED
:1080D0003347C7023D8B32074D8F23A6E70A33870C
:1080E000560383A5C70AB3F515013347C7023D8B75
:1080F00042074D8F23A6E70A3387A60383A5C70A45
:10810000B3F505013347C7023D8B52074D8F23A6B8
:10811000E70A3387E60383A5C70AE98D3347C70219
:108120003D8B62074D8F93953600B3C5C50223A6DC
:10813000E70A03A7C70A3377D701F2054D8FB38546
:10814000F60323A6E70A03A7070B419BB3C5C502A5
:10815000BD894D8F23A8E70A3387560283A5070BF5
:1081600093F5F5F03347C7023D8B12074D8F23A8D7
:10817000E70A3387760283A5070BB3F5C5013347BA
:10818000C7023D8B22074D8F23A8E70A13972600CD
:108190003347C70283A5070BB3F565003D8B320754
:1081A0004D8FB3C5360323A8E70A03A7070B337720
:1081B0001701BD89C2054D8F23A8E70A1397160042
:1081C0003347C70283A5070BB3F505013D8B520763
:1081D0004D8FB3C5C60223A8E70A03A7070B698F13
:1081E000BD89E2054D8F23A8E70A03A7070B930576
:1081F00080023377D70123A8E70A17A7FF1F034799
:1082000037E53307EC40B34DB70283AC470B93FC23
:108210000CFFB34B770393FDFD00B3ECBC0123AA25
:10822000970B83AC470BCD4D93FCFCF093FBFB000D
:10823000920BB3EB7C0123AA770BB30B870283ACC1
:10824000470BB3FCCC01B3CBBB0293FBFB00A20BEF
:10825000B3EB7C01B34CA70323AA770B83AB470B8B
:10826000B3FB6B0093FCFC00B20CB3EB9B0123AAA5
:10827000770BA14BB34B770383AC470BB3FC1C01CB
:1082800093FBFB00C20BB3EB7C0123AA770BB30B70
:10829000570283AC470BB3FC0C01B3CBBB0293FB7F
:1082A000FB00D20BB3EB7C0123AA770BB30BF703D4
:1082B00083AC470BB3FCAC00B3CBBB0293FBFB001E
:1082C000E20BB3EB7C01B34C770223AA770B83ABB1
:1082D000470BB3FBDB01F20CB3EB9B01B30CE703E1
:1082E00023AA770B83AB870B93FB0BFFB3CCBC02AA
:1082F000B30A570393FCFC00B3EB9B0123AC770B51
:10830000914B83AC870B93FCFCF0B34B7703330AA0
:10831000470393FBFB00920BB3EB7C0123AC770B81
:1083200083AB870BD54CB3FBCB01B3CABA02B309FD
:10833000370393FAFA00A20AB3EA5B0123AC570BA6
:1083400083AA870BD94BB3FA6A00334ABA023309BE
:108350002703137AFA00320A33EA4A0123AC470BA7
:1083600003AA870BE14A337A1A01B3C9B902B304ED
:10837000970293F9F900C209B3693A0123AC370BAC
:1083800083A9870B654AB3F909013349B902B3C41C
:10839000B4021379F900520933E9290123AC270B00
:1083A00003A9870BE9493379A900330B6703BD881B
:1083B000E204B36499001319470023AC970A83A41D
:1083C000870BB3F4D4013349B902334BBB027209B2
:1083D000B3E4240123AC970A83A4C70BC198137B91
:1083E000FB0033EB6401C944B304970223AE670B6F
:1083F00003A9C70B5D4B1379F9F0B3C4B402BD8870
:108400009204B364990023AE970AB304B70303A997
:10841000C70BF54D3379C901B3C4B402BD88A204BA
:10842000B364990023AE970A8944B344970203A921
:10843000C70B33796900BD88B204B364990023AED9
:10844000970AB304970303A9C70BF94C33791901B1
:10845000B3C4B402BD88C204B364990023AE970AC2
:10846000B304770303A9C70BFD4B33790901B3C4E8
:10847000B402BD88D204B364990023AE970AB30452
:10848000670303A9C70B130B10023379A900B3C408
:10849000B402BD88E204B364990023AE970AB30422
:1084A000570303A9C70B930A20023379D901B3C438
:1084B000B402F204B364990023AE970AB3044703ED
:1084C00003A9070C130A3002137909FFB3C4B402DD
:1084D000BD88B364990023A0970CB304370303A9A4
:1084E000070C930940021379F9F0B3C4B402BD88B4
:1084F0009204B36499006D4923A0970CB304270339
:1085000003A9070C3379C901B3C4B402BD88A2041E
:10851000B364990023A0970CF144B304970203A914
:10852000070C33796900B3C4B402BD88B204B364E4
:10853000990023A0970CB304B70303A9070C337960
:108540001901B3C4B402BD88C204B364990023A066
:10855000970CB304970303A9070C33790901B3C43B
:10856000B402BD88D204B364990023A0970CB3046D
:10857000770303A9070C3379A900B3C4B402BD88FB
:10858000E204B364990023A0970C93145700B3C47A
:10859000B4021399C40183A4070C3306C702B3F4D1
:1085A000D401B3E4240123A0970C03A9470C137949
:1085B00009FFB3046703B3C4B402BD88B364990070
:1085C00023A2970CB304570303A9470C1379F9F0BE
:1085D000B3C4B402BD889204B364990023A2970C7B
:1085E000B304470303A9470C3379C901B3C4B402E8
:1085F000BD88A204B364990023A2970CB304370387
:1086000003A9470C33796900B3C4B402BD88B2042E
:10861000B36499001309500223A2970CB3042703F3
:1086200003A9470C33791901B3C4B402BD88C2044D
:10863000B364990023A2970C93046002B3049702D9
:1086400003A9470C33790901B3C4B4023346B60217
:10865000BD88D204B364990023A2970C83A4470C6D
:10866000E98C3D8A6206458E23A2C70C03A6470CFF
:108670009314C7013376D601458E23A2C70C130687
:1086800090023306C70283A4870CC1983346B60212
:108690003D8A458E23A4C70C1306A0023306C702E9
:1086A000B345B60203A6870C1376F6F0BD89920592
:1086B000D18D23A4B70C97A5FF1F83C5659817A676
:1086C000FF1F034666983386C540B304A60303A97B
:1086D000870C3379C901B3C4E40293E48400BD88F4
:1086E000A204B364990023A4970CB304E60303A97E
:1086F000870C33796900B3C4E40293E48400BD8835
:10870000B204B364990023A4970C93143600B3C445
:10871000E40203A9870C3379190193E48400BD882E
:10872000C204B364990023A4970CB304F60303A90D
:10873000870C33790901B3C4E40293E48400BD8853
:10874000D204B364990023A4970CB304560203A97E
:10875000870C3379A900B3C4E40293E48400BD8894
:10876000E204B364990023A4970CB304760203A92E
:10877000870C3379D901B3C4E40293E48400F20492
:10878000B364990023A4970C93142600B3C4E402A5
:1087900003A9C70C137909FF93E48400BD88B3646F
:1087A000990023A6970CB304860203A9C70C13797A
:1087B000F9F0B3C4E40293E48400BD889204B36486
:1087C000990023A6970C93141600B3C4E40203A9DE
:1087D000C70C3379C9013347E60293E48400BD88AE
:1087E000A204B364990023A6970C03A6C70C3376A2
:1087F0006600136787003D8B3207518F23A6E70C75
:1088000003A7C70C3377170123A6E70C03C77183AF
:108810000D8F3346D70293F5F507E2053D8A931491
:10882000460103A6C70C3304870233760601458E42
:1088300023A6C70C1316170083A4C70CE98C334674
:10884000D6023D8A6206458E23A6C70C03A6C70C36
:108850003344D402B37ED60113162700B303770244
:10886000720433E48E0023A6870C3346D602B3028B
:108870005702937EF60003A6070D419A3366D60190
:1088800023A8C70C03A6070DB3C3D3021376F6F0D3
:10889000B3C2D20293F3F3009203B363760023A82A
:1088A000770C03A6070D337EC601B30FF70393F2CF
:1088B000F200A202B3625E0023A8570C03A6070DC4
:1088C0003373660013163700B3CFDF02330FE703AD
:1088D00093FFFF00B20FB36FF30123A8F70D03A3BB
:1088E000070DB37813013346D602330DA7033D8A33
:1088F000420633E6C80023A8C70C03A6070D337849
:108900000601334FDF02B346DD02137FFF00520F33
:10891000336FE80123A8E70D03A7070D798DBD8A02
:10892000E206C98E23A8D70CD84385663D9BD8C3E1
:10893000D843799BD8C39857558F98D7D857B7063F
:108940000081FD1613670701D8D71377FC0303AC2A
:108950008703137C0CFC336CEC0023AC8703985F1B
:10896000758FD98D8CDF6254F250D2544259B2596E
:10897000225A925A025BF24B624CD24C424DB24D9B
:10898000216182809797FF1F23AE076A6FF04FC166
:108990009797FF1F9387876B98435C4393E7071074
:1089A0005CC382809797FF1F938707721797FF1FFB
:1089B000130707719C43184301456313F700828036
:1089C00083D6670081E683D6470036959C43F5B78A
:1089D0009797FF1F938747468C431797FF1F0357AF
:1089E000E7454111138605229797FF1F23AEC76CF9
:1089F000938785FFBA9705659796FF1F23A2F66CAC
:108A000006C61D05935637006374E50093060020E3
:108A10003307D6001795FF1F2326E56A23A0E5221A
:108A2000E1162312D600231306001CC3998FE11709
:108A30002312F70023130700B537B2409797FF1FA3
:108A40002397A73A410182801797FF1F0347B75822
:108A50009547630BF7009797FF1F9387675783C767
:108A600077000D47631FF7009797FF1F83C7D756FF
:108A7000639D0712930770101797FF1F231EF7546B
:108A8000828041119797FF1F9387C7400D4522C4ED
:108A900026C203A4470906C64AC09794FF1F9384C1
:108AA0006452EFE0CFD39840B7C7898E938767EDC4
:108AB0001CC7B7575500938757555CC38347A4031A
:108AC0001307F00F6387E700A30CF402FD57230D93
:108AD000F4020345940389476306F5008547A30C18
:108AE000F40201451799FF1F1309095103270900D3
:108AF0000146930550025C4393E717005CC393075C
:108B000020FB2303F4009D471797FF1FA305F74C95
:108B10009797FF1F238E074AEFE02FA81797FF1F95
:108B20001307C75214430145DC56F59BDCD6834737
:108B3000540090404A8493F6F7071C423A8993F711
:108B400007F8D58F1CC29797FF1F83C7273491C79B
:108B50009797FF1F938787578843EF703FBF9840D1
:108B6000B70633001C4393F7F7E71CC31C4393F786
:108B7000F7E793E707101CC303270900B2409244AC
:108B80001C470249D58F1CC71C401307900522447F
:108B9000B8CB1797FF1FA30F07421797FF1FA30913
:108BA0000742054798C3410182808280434833329F
:108BB000563230785F424C455F4C49425F56312E09
:108BC00034000000686561642066696C6520657228
:108BD000726F722E2E2E00004C494220696E69740D
:108BE000206572726F7220636F64653A2025782069
:108BF0002E2E2E0A000000002A200000544D4F5354
:108C00005F54696D6572496E6974206572722025C2
:108C1000780A00005041300050413100504132008C
:108C2000504133005041340050413500504136002E
:108C300050413700504138005041390050413130E7
:108C4000000000005041313100000000504131323D
:108C50000000000050413133000000005041313429
:108C6000000000005041313500000000504230004B
:108C700050423100504232005042330050423400E2
:108C800050423500504236005042370050423800C2
:108C90005042390050423130000000005042313122
:108CA00000000000504231320000000050423133D9
:108CB00000000000504231340000000050423135C5
:108CC0000000000050433000504331005043320058
:108CD0005043330050433400504335005043360076
:108CE000504337005043380050433900504331302F
:108CF0000000000050433131000000005043313289
:108D00000000000050433133000000005043313474
:108D10000000000050433135000000005044300096
:108D20005044310050443200504433005044340029
:108D30005044350050443600504437005044380009
:108D4000504439005044313000000000504431316B
:108D50000000000050443132000000005044313324
:108D60000000000050443134000000005044313510
:108D700000000000554E4B4E4F574E00E5B7B2E68F
:108D800094B6E588B0206C65645F7461736B20E510
:108D90008F91E98081E79A84E4B88DE5B8A6E695DD
:108DA000B0E68DAEE6B688E681AFE380820D0000C6
:108DB000704D73672D3E6576656E743D2578EFBC0A
:108DC0008C704D73672D3E7374617475733D257897
:108DD0000D0A0000704D73672D3E6576656E742038
:108DE000253034780D0A0000E5B7B2E694B6E58880
:108DF000B0206C65644D73675F7461736B20E58FA1
:108E000091E98081E79A84E5B8A6E695B0E68DAE53
:108E1000E6B688E681AFE380820D0000646174618C
:108E20003A00000020256400E68993E5BC80206CB0
:108E300065642C3530306D7320E5908EE585B3E99F
:108E400097AD200D00000000E585B3E997AD206CDB
:108E500065642C313030306D7320E5908EE5BC8038
:108E6000E590AF200D00000052756E20544553541C
:108E70005F4556454E545F3320696E206C65645FD4
:108E80007465736B0D000000E68890E58A9FE69498
:108E9000B6E588B0206C65645F7461736B20E79AF7
:108EA00084E6B688E681AFEFBC8CE5B9B6E8A7A644
:108EB000E58F91206C65644D73675F7461736B20FF
:108EC000E79A84E4BA8BE4BBB632E380820D0000FB
:108ED000000000000008014001000000148C0000A8
:108EE000010000000008014002000000188C000092
:108EF0000200000000080140040000001C8C00007B
:108F0000030000000008014008000000208C000061
:108F1000040000000008014010000000248C000044
:108F2000050000000008014020000000288C00001F
:108F30000600000000080140400000002C8C0000EA
:108F4000070000000008014080000000308C000095
:108F5000080000000008014000010000348C0000FF
:108F6000090000000008014000020000388C0000E9
:108F70000A00000000080140000400003C8C0000D2
:108F80000B0000000008014000080000448C0000B5
:108F90000C00000000080140001000004C8C000094
:108FA0000D0000000008014000200000548C00006B
:108FB0000E00000000080140004000005C8C000032
:108FC0000F0000000008014000800000648C0000D9
:108FD00010000000000C0140010000006C8C00003B
:108FE00011000000000C014002000000708C000025
:108FF00012000000000C014004000000748C00000E
:1090000013000000000C014008000000788C0000F4
:1090100014000000000C0140100000007C8C0000D7
:1090200015000000000C014020000000808C0000B2
:1090300016000000000C014040000000848C00007D
:1090400017000000000C014080000000888C000028
:1090500018000000000C0140000100008C8C000092
:1090600019000000000C014000020000908C00007C
:109070001A000000000C014000040000948C000065
:109080001B000000000C0140000800009C8C000048
:109090001C000000000C014000100000A48C000027
:1090A0001D000000000C014000200000AC8C0000FE
:1090B0001E000000000C014000400000B48C0000C5
:1090C0001F000000000C014000800000BC8C00006C
:1090D000200000000010014001000000C48C0000CE
:1090E000210000000010014002000000C88C0000B8
:1090F000220000000010014004000000CC8C0000A1
:10910000230000000010014008000000D08C000087
:10911000240000000010014010000000D48C00006A
:10912000250000000010014020000000D88C000045
:10913000260000000010014040000000DC8C000010
:10914000270000000010014080000000E08C0000BB
:10915000280000000010014000010000E48C000025
:10916000290000000010014000020000E88C00000F
:109170002A0000000010014000040000EC8C0000F8
:109180002B0000000010014000080000F48C0000DB
:109190002C0000000010014000100000FC8C0000BA
:1091A0002D0000000010014000200000048D000090
:1091B0002E00000000100140004000000C8D000057
:1091C0002F0000000010014000800000148D0000FE
:1091D0003000000000140140010000001C8D000060
:1091E000310000000014014002000000208D00004A
:1091F000320000000014014004000000248D000033
:10920000330000000014014008000000288D000019
:109210003400000000140140100000002C8D0000FC
:10922000350000000014014020000000308D0000D7
:10923000360000000014014040000000348D0000A2
:10924000370000000014014080000000388D00004D
:109250003800000000140140000100003C8D0000B7
:10926000390000000014014000020000408D0000A1
:109270003A0000000014014000040000448D00008A
:109280003B00000000140140000800004C8D00006D
:109290003C0000000014014000100000548D00004C
:1092A0003D00000000140140002000005C8D000023
:1092B0003E0000000014014000400000648D0000EA
:1092C0003F00000000140140008000006C8D000091
:1092D000844000007C4000008E4000009840000068
:1092E000A240000043483332563230785F424C454A
:1092F0005F4C49425F56312E3430000000010202BB
:10930000030303030404040404040404050505051D
:1093100005050505050505050505050506060606F9
:1093200006060606060606060606060606060606DD
:1093300006060606060606060606060607070707C9
:1093400007070707070707070707070707070707AD
:10935000070707070707070707070707070707079D
:10936000070707070707070707070707070707078D
:109370000707070707070707070707070808080879
:10938000080808080808080808080808080808085D
:10939000080808080808080808080808080808084D
:1093A000080808080808080808080808080808083D
:1093B000080808080808080808080808080808082D
:1093C000080808080808080808080808080808081D
:1093D000080808080808080808080808080808080D
:1093E00008080808080808080808080808080808FD
:1093F000080808080808080808080808000000000D
:10940000000000000000000000000000000000005C
:10941000000000000000000000000000000000004C
:10942000000000000000000000000000000000003C
:10943000000000000000000000000000000000002C
:10944000000000000000000000000000000000001C
:10945000000000000000000000000000232D302B61
:1094600020000000686C4C006566674546470000B8
:10947000303132333435363738394142434445464A
:10948000000000003031323334353637383961620C
:109490006364656600000000AEC9FFFFC4C9FFFF3A
:1094A00084C9FFFF84C9FFFF84C9FFFF84C9FFFF90
:1094B000C4C9FFFF84C9FFFF84C9FFFF84C9FFFF40
:1094C00084C9FFFF22CBFFFF28CAFFFFBCCAFFFFF2
:1094D00084C9FFFF84C9FFFF50CBFFFF84C9FFFF92
:1094E00028CAFFFF84C9FFFF84C9FFFFC4CAFFFF6A
:1094F000000000000102030401020304060708093A
:109500000000000000000000010203040607080933
:10951000000102030405060708090000000000001E
:109520003C9400001C940000FC930000000000002C
:10953000000000000000000000000000000000002B
:10954000000000000000000000000000000000001B
:10955000000000000000000000000000000000000B
:1095600000000000000000000000000000000000FB
:1095700000000000000000000000000000000000EB
:1095800002040608CC20002000449508FFFF0000DC
:0C9590002C000020000000002C00002037
:00000001FF
